# Blender 5.0.1
# www.blender.org
o LEGO_4X2
v 0.000000 0.011906 0.000000
v -0.008333 0.011906 0.000000
v -0.006667 0.011906 0.000000
v -0.005000 0.011906 0.000000
v -0.003333 0.011906 0.000000
v -0.001667 0.011906 0.000000
v 0.000000 0.011906 -0.001667
v 0.000000 0.011906 -0.003333
v 0.000000 0.011906 -0.005000
v 0.000000 0.011906 -0.006667
v 0.000000 0.011906 -0.008333
v -0.006839 0.015579 -0.006754
v -0.007014 0.015579 -0.005000
v -0.006839 0.015579 -0.003246
v -0.005000 0.015579 -0.006898
v -0.005000 0.015579 -0.005000
v -0.005000 0.015579 -0.003102
v -0.003161 0.015579 -0.006754
v -0.002987 0.015579 -0.005000
v -0.003161 0.015579 -0.003246
v -0.010000 0.010215 0.000000
v 0.000000 0.010215 -0.010000
v -0.008333 0.011209 -0.010000
v -0.006667 0.011209 -0.010000
v -0.005000 0.010215 -0.010000
v -0.003333 0.011209 -0.010000
v -0.001667 0.011209 -0.010000
v -0.010000 0.011209 -0.001667
v -0.010000 0.011209 -0.003333
v -0.010000 0.010215 -0.005000
v -0.010000 0.011209 -0.006667
v -0.010000 0.011209 -0.008333
v -0.005000 0.010628 0.000000
v 0.000000 0.010628 -0.005000
v -0.005000 0.010628 -0.005000
v 0.000000 0.010628 0.000000
v -0.007446 0.000250 -0.007696
v -0.007696 0.000250 -0.007446
v -0.007946 0.000000 -0.007946
v -0.007568 0.000250 -0.007659
v -0.007605 0.000128 -0.007732
v -0.007654 0.000132 -0.007695
v -0.007732 0.000128 -0.007605
v -0.007659 0.000250 -0.007568
v -0.007696 0.000132 -0.007654
v -0.007787 0.000037 -0.007824
v -0.007824 0.000037 -0.007787
v -0.007738 0.000064 -0.007738
v -0.010000 0.011656 -0.009750
v -0.009750 0.011906 -0.009750
v -0.009750 0.011656 -0.010000
v -0.009967 0.011781 -0.009750
v -0.009967 0.011656 -0.009875
v -0.009934 0.011776 -0.009870
v -0.009750 0.011873 -0.009875
v -0.009875 0.011873 -0.009750
v -0.009870 0.011840 -0.009870
v -0.009875 0.011656 -0.009967
v -0.009750 0.011781 -0.009967
v -0.009870 0.011776 -0.009934
v -0.009750 0.000000 0.000000
v -0.010000 0.000250 0.000000
v -0.009875 0.000033 0.000000
v -0.009967 0.000125 0.000000
v -0.010000 0.011656 0.000000
v -0.009750 0.011906 0.000000
v -0.009967 0.011781 0.000000
v -0.009875 0.011872 0.000000
v 0.000000 0.000250 -0.007696
v 0.000000 0.000000 -0.007946
v 0.000000 0.000125 -0.007729
v 0.000000 0.000033 -0.007821
v 0.000000 0.011906 -0.009750
v 0.000000 0.011656 -0.010000
v 0.000000 0.011872 -0.009875
v 0.000000 0.011781 -0.009967
v -0.005000 0.000250 -0.007696
v -0.005000 0.000000 -0.007946
v -0.005000 0.000125 -0.007729
v -0.005000 0.000033 -0.007821
v -0.008249 0.011906 -0.009750
v -0.008333 0.011656 -0.010000
v -0.008291 0.011872 -0.009875
v -0.008322 0.011781 -0.009967
v -0.006621 0.011906 -0.009750
v -0.006667 0.011656 -0.010000
v -0.006644 0.011872 -0.009875
v -0.006661 0.011781 -0.009967
v -0.005000 0.011906 -0.009750
v -0.005000 0.011656 -0.010000
v -0.005000 0.011872 -0.009875
v -0.005000 0.011781 -0.009967
v -0.003379 0.011906 -0.009750
v -0.003333 0.011656 -0.010000
v -0.003356 0.011872 -0.009875
v -0.003340 0.011781 -0.009967
v -0.001667 0.011656 -0.010000
v -0.001751 0.011906 -0.009750
v -0.001678 0.011781 -0.009967
v -0.001709 0.011872 -0.009875
v -0.007696 0.000250 -0.005000
v -0.007946 0.000000 -0.005000
v -0.007729 0.000125 -0.005000
v -0.007821 0.000033 -0.005000
v -0.009750 0.011906 -0.001751
v -0.010000 0.011656 -0.001667
v -0.009875 0.011872 -0.001709
v -0.009967 0.011781 -0.001678
v -0.009750 0.011906 -0.003379
v -0.010000 0.011656 -0.003333
v -0.009875 0.011872 -0.003356
v -0.009967 0.011781 -0.003340
v -0.009750 0.011906 -0.005000
v -0.010000 0.011656 -0.005000
v -0.009875 0.011872 -0.005000
v -0.009967 0.011781 -0.005000
v -0.009750 0.011906 -0.006621
v -0.010000 0.011656 -0.006667
v -0.009875 0.011872 -0.006644
v -0.009967 0.011781 -0.006661
v -0.010000 0.011656 -0.008333
v -0.009750 0.011906 -0.008249
v -0.009967 0.011781 -0.008322
v -0.009875 0.011872 -0.008291
v -0.007653 0.011906 -0.002347
v -0.007480 0.012156 -0.002520
v -0.007567 0.011939 -0.002433
v -0.007504 0.012031 -0.002497
v -0.008241 0.012156 -0.003658
v -0.008497 0.011906 -0.003610
v -0.008275 0.012031 -0.003651
v -0.008369 0.011939 -0.003634
v -0.008508 0.012156 -0.005000
v -0.008773 0.011906 -0.005000
v -0.008543 0.012031 -0.005000
v -0.008640 0.011939 -0.005000
v -0.008241 0.012156 -0.006342
v -0.008497 0.011906 -0.006390
v -0.008275 0.012031 -0.006349
v -0.008369 0.011939 -0.006366
v -0.007480 0.012156 -0.007480
v -0.007653 0.011906 -0.007653
v -0.007504 0.012031 -0.007504
v -0.007567 0.011939 -0.007567
v -0.006342 0.012156 -0.001759
v -0.006390 0.011906 -0.001503
v -0.006349 0.012031 -0.001725
v -0.006366 0.011939 -0.001631
v -0.006390 0.011906 -0.008497
v -0.006342 0.012156 -0.008241
v -0.006366 0.011939 -0.008369
v -0.006349 0.012031 -0.008275
v -0.005000 0.012156 -0.001492
v -0.005000 0.011906 -0.001227
v -0.005000 0.012031 -0.001457
v -0.005000 0.011939 -0.001360
v -0.005000 0.011906 -0.008773
v -0.005000 0.012156 -0.008508
v -0.005000 0.011939 -0.008640
v -0.005000 0.012031 -0.008543
v -0.003658 0.012156 -0.001759
v -0.003611 0.011906 -0.001503
v -0.003651 0.012031 -0.001725
v -0.003634 0.011939 -0.001631
v -0.003611 0.011906 -0.008497
v -0.003658 0.012156 -0.008241
v -0.003634 0.011939 -0.008369
v -0.003651 0.012031 -0.008275
v -0.002520 0.012156 -0.002520
v -0.002347 0.011906 -0.002347
v -0.002497 0.012031 -0.002497
v -0.002433 0.011939 -0.002433
v -0.001503 0.011906 -0.003610
v -0.001759 0.012156 -0.003658
v -0.001631 0.011939 -0.003634
v -0.001725 0.012031 -0.003651
v -0.001227 0.011906 -0.005000
v -0.001492 0.012156 -0.005000
v -0.001360 0.011939 -0.005000
v -0.001457 0.012031 -0.005000
v -0.001503 0.011906 -0.006390
v -0.001759 0.012156 -0.006342
v -0.001631 0.011939 -0.006366
v -0.001725 0.012031 -0.006349
v -0.002347 0.011906 -0.007653
v -0.002520 0.012156 -0.007480
v -0.002433 0.011939 -0.007567
v -0.002497 0.012031 -0.007504
v -0.007480 0.015329 -0.002520
v -0.007326 0.015579 -0.002660
v -0.007460 0.015454 -0.002539
v -0.007403 0.015546 -0.002590
v -0.007935 0.015579 -0.003568
v -0.008241 0.015329 -0.003658
v -0.008088 0.015546 -0.003613
v -0.008200 0.015454 -0.003646
v -0.008241 0.015329 -0.006342
v -0.007935 0.015579 -0.006432
v -0.008200 0.015454 -0.006354
v -0.008088 0.015546 -0.006387
v -0.007326 0.015579 -0.007340
v -0.007480 0.015329 -0.007480
v -0.007403 0.015546 -0.007410
v -0.007460 0.015454 -0.007462
v -0.006446 0.015579 -0.002070
v -0.006342 0.015329 -0.001759
v -0.006394 0.015546 -0.001915
v -0.006356 0.015454 -0.001801
v -0.005000 0.015579 -0.001781
v -0.005000 0.015329 -0.001492
v -0.005000 0.015546 -0.001637
v -0.005000 0.015454 -0.001531
v -0.005000 0.015329 -0.008508
v -0.005000 0.015579 -0.008219
v -0.005000 0.015454 -0.008469
v -0.005000 0.015546 -0.008363
v -0.003554 0.015579 -0.002070
v -0.003658 0.015329 -0.001759
v -0.003606 0.015546 -0.001915
v -0.003644 0.015454 -0.001801
v -0.003658 0.015329 -0.008241
v -0.003554 0.015579 -0.007930
v -0.003644 0.015454 -0.008199
v -0.003606 0.015546 -0.008085
v -0.002674 0.015579 -0.002660
v -0.002520 0.015329 -0.002520
v -0.002597 0.015546 -0.002590
v -0.002540 0.015454 -0.002539
v -0.001779 0.015579 -0.005000
v -0.001492 0.015329 -0.005000
v -0.001636 0.015546 -0.005000
v -0.001531 0.015454 -0.005000
v -0.001759 0.015329 -0.006342
v -0.002066 0.015579 -0.006432
v -0.001800 0.015454 -0.006354
v -0.001912 0.015546 -0.006387
v -0.002520 0.015329 -0.007480
v -0.002674 0.015579 -0.007340
v -0.002540 0.015454 -0.007462
v -0.002597 0.015546 -0.007410
v -0.008221 0.015579 -0.005000
v -0.008508 0.015329 -0.005000
v -0.008364 0.015546 -0.005000
v -0.008469 0.015454 -0.005000
v -0.006342 0.015329 -0.008241
v -0.006446 0.015579 -0.007930
v -0.006356 0.015454 -0.008199
v -0.006394 0.015546 -0.008085
v -0.001759 0.015329 -0.003658
v -0.002066 0.015579 -0.003568
v -0.001800 0.015454 -0.003646
v -0.001912 0.015546 -0.003613
v -0.010000 0.010215 -0.009750
v -0.009750 0.010215 -0.010000
v -0.009967 0.010215 -0.009875
v -0.009875 0.010215 -0.009967
v 0.000000 0.000000 -0.009750
v 0.000000 0.000250 -0.010000
v 0.000000 0.000033 -0.009875
v 0.000000 0.000125 -0.009967
v -0.005000 0.000000 -0.009750
v -0.005000 0.000250 -0.010000
v -0.005000 0.000033 -0.009875
v -0.005000 0.000125 -0.009967
v -0.010000 0.000250 -0.009750
v -0.009750 0.000250 -0.010000
v -0.009750 0.000000 -0.009750
v -0.009967 0.000250 -0.009875
v -0.009967 0.000125 -0.009750
v -0.009934 0.000130 -0.009870
v -0.009750 0.000125 -0.009967
v -0.009875 0.000250 -0.009967
v -0.009870 0.000130 -0.009934
v -0.009875 0.000033 -0.009750
v -0.009750 0.000033 -0.009875
v -0.009870 0.000066 -0.009870
v -0.009750 0.000000 -0.005000
v -0.010000 0.000250 -0.005000
v -0.009875 0.000033 -0.005000
v -0.009967 0.000125 -0.005000
v -0.007696 0.000250 0.000000
v -0.007946 0.000000 0.000000
v -0.007729 0.000125 0.000000
v -0.007821 0.000033 0.000000
v -0.007446 0.010628 0.000000
v -0.007696 0.010378 0.000000
v -0.007571 0.010595 0.000000
v -0.007662 0.010503 0.000000
v 0.000000 0.010628 -0.007446
v 0.000000 0.010378 -0.007696
v 0.000000 0.010595 -0.007571
v 0.000000 0.010503 -0.007662
v -0.005000 0.010628 -0.007446
v -0.005000 0.010378 -0.007696
v -0.005000 0.010595 -0.007571
v -0.005000 0.010503 -0.007662
v -0.007446 0.010628 -0.005000
v -0.007696 0.010378 -0.005000
v -0.007571 0.010595 -0.005000
v -0.007662 0.010503 -0.005000
v -0.007696 0.010378 -0.007446
v -0.007446 0.010378 -0.007696
v -0.007446 0.010628 -0.007446
v -0.007662 0.010378 -0.007571
v -0.007662 0.010503 -0.007446
v -0.007630 0.010498 -0.007565
v -0.007446 0.010503 -0.007662
v -0.007571 0.010378 -0.007662
v -0.007565 0.010498 -0.007630
v -0.007571 0.010595 -0.007446
v -0.007446 0.010595 -0.007571
v -0.007565 0.010562 -0.007565
v 0.008333 0.011906 0.000000
v 0.006667 0.011906 0.000000
v 0.005000 0.011906 0.000000
v 0.003333 0.011906 0.000000
v 0.001667 0.011906 0.000000
v 0.006839 0.015579 -0.006754
v 0.007014 0.015579 -0.005000
v 0.006839 0.015579 -0.003246
v 0.005000 0.015579 -0.006898
v 0.005000 0.015579 -0.005000
v 0.005000 0.015579 -0.003102
v 0.003161 0.015579 -0.006754
v 0.002987 0.015579 -0.005000
v 0.003161 0.015579 -0.003246
v 0.010000 0.010215 0.000000
v 0.008333 0.011209 -0.010000
v 0.006667 0.011209 -0.010000
v 0.005000 0.010215 -0.010000
v 0.003333 0.011209 -0.010000
v 0.001667 0.011209 -0.010000
v 0.010000 0.011209 -0.001667
v 0.010000 0.011209 -0.003333
v 0.010000 0.010215 -0.005000
v 0.010000 0.011209 -0.006667
v 0.010000 0.011209 -0.008333
v 0.005000 0.010628 0.000000
v 0.005000 0.010628 -0.005000
v 0.007446 0.000250 -0.007696
v 0.007696 0.000250 -0.007446
v 0.007946 0.000000 -0.007946
v 0.007568 0.000250 -0.007659
v 0.007605 0.000128 -0.007732
v 0.007654 0.000132 -0.007695
v 0.007732 0.000128 -0.007605
v 0.007659 0.000250 -0.007568
v 0.007696 0.000132 -0.007654
v 0.007787 0.000037 -0.007824
v 0.007824 0.000037 -0.007787
v 0.007738 0.000064 -0.007738
v 0.010000 0.011656 -0.009750
v 0.009750 0.011906 -0.009750
v 0.009750 0.011656 -0.010000
v 0.009967 0.011781 -0.009750
v 0.009967 0.011656 -0.009875
v 0.009934 0.011776 -0.009870
v 0.009750 0.011873 -0.009875
v 0.009875 0.011873 -0.009750
v 0.009870 0.011840 -0.009870
v 0.009875 0.011656 -0.009967
v 0.009750 0.011781 -0.009967
v 0.009870 0.011776 -0.009934
v 0.009750 0.000000 0.000000
v 0.010000 0.000250 0.000000
v 0.009875 0.000033 0.000000
v 0.009967 0.000125 0.000000
v 0.010000 0.011656 0.000000
v 0.009750 0.011906 0.000000
v 0.009967 0.011781 0.000000
v 0.009875 0.011872 0.000000
v 0.005000 0.000250 -0.007696
v 0.005000 0.000000 -0.007946
v 0.005000 0.000125 -0.007729
v 0.005000 0.000033 -0.007821
v 0.008249 0.011906 -0.009750
v 0.008333 0.011656 -0.010000
v 0.008291 0.011872 -0.009875
v 0.008322 0.011781 -0.009967
v 0.006621 0.011906 -0.009750
v 0.006667 0.011656 -0.010000
v 0.006644 0.011872 -0.009875
v 0.006661 0.011781 -0.009967
v 0.005000 0.011906 -0.009750
v 0.005000 0.011656 -0.010000
v 0.005000 0.011872 -0.009875
v 0.005000 0.011781 -0.009967
v 0.003379 0.011906 -0.009750
v 0.003333 0.011656 -0.010000
v 0.003356 0.011872 -0.009875
v 0.003340 0.011781 -0.009967
v 0.001667 0.011656 -0.010000
v 0.001751 0.011906 -0.009750
v 0.001678 0.011781 -0.009967
v 0.001709 0.011872 -0.009875
v 0.007696 0.000250 -0.005000
v 0.007946 0.000000 -0.005000
v 0.007729 0.000125 -0.005000
v 0.007821 0.000033 -0.005000
v 0.009750 0.011906 -0.001751
v 0.010000 0.011656 -0.001667
v 0.009875 0.011872 -0.001709
v 0.009967 0.011781 -0.001678
v 0.009750 0.011906 -0.003379
v 0.010000 0.011656 -0.003333
v 0.009875 0.011872 -0.003356
v 0.009967 0.011781 -0.003340
v 0.009750 0.011906 -0.005000
v 0.010000 0.011656 -0.005000
v 0.009875 0.011872 -0.005000
v 0.009967 0.011781 -0.005000
v 0.009750 0.011906 -0.006621
v 0.010000 0.011656 -0.006667
v 0.009875 0.011872 -0.006644
v 0.009967 0.011781 -0.006661
v 0.010000 0.011656 -0.008333
v 0.009750 0.011906 -0.008249
v 0.009967 0.011781 -0.008322
v 0.009875 0.011872 -0.008291
v 0.007653 0.011906 -0.002347
v 0.007480 0.012156 -0.002520
v 0.007567 0.011939 -0.002433
v 0.007504 0.012031 -0.002497
v 0.008241 0.012156 -0.003658
v 0.008497 0.011906 -0.003610
v 0.008275 0.012031 -0.003651
v 0.008369 0.011939 -0.003634
v 0.008508 0.012156 -0.005000
v 0.008773 0.011906 -0.005000
v 0.008543 0.012031 -0.005000
v 0.008640 0.011939 -0.005000
v 0.008241 0.012156 -0.006342
v 0.008497 0.011906 -0.006390
v 0.008275 0.012031 -0.006349
v 0.008369 0.011939 -0.006366
v 0.007480 0.012156 -0.007480
v 0.007653 0.011906 -0.007653
v 0.007504 0.012031 -0.007504
v 0.007567 0.011939 -0.007567
v 0.006342 0.012156 -0.001759
v 0.006390 0.011906 -0.001503
v 0.006349 0.012031 -0.001725
v 0.006366 0.011939 -0.001631
v 0.006390 0.011906 -0.008497
v 0.006342 0.012156 -0.008241
v 0.006366 0.011939 -0.008369
v 0.006349 0.012031 -0.008275
v 0.005000 0.012156 -0.001492
v 0.005000 0.011906 -0.001227
v 0.005000 0.012031 -0.001457
v 0.005000 0.011939 -0.001360
v 0.005000 0.011906 -0.008773
v 0.005000 0.012156 -0.008508
v 0.005000 0.011939 -0.008640
v 0.005000 0.012031 -0.008543
v 0.003658 0.012156 -0.001759
v 0.003611 0.011906 -0.001503
v 0.003651 0.012031 -0.001725
v 0.003634 0.011939 -0.001631
v 0.003611 0.011906 -0.008497
v 0.003658 0.012156 -0.008241
v 0.003634 0.011939 -0.008369
v 0.003651 0.012031 -0.008275
v 0.002520 0.012156 -0.002520
v 0.002347 0.011906 -0.002347
v 0.002497 0.012031 -0.002497
v 0.002433 0.011939 -0.002433
v 0.001503 0.011906 -0.003610
v 0.001759 0.012156 -0.003658
v 0.001631 0.011939 -0.003634
v 0.001725 0.012031 -0.003651
v 0.001227 0.011906 -0.005000
v 0.001492 0.012156 -0.005000
v 0.001360 0.011939 -0.005000
v 0.001457 0.012031 -0.005000
v 0.001503 0.011906 -0.006390
v 0.001759 0.012156 -0.006342
v 0.001631 0.011939 -0.006366
v 0.001725 0.012031 -0.006349
v 0.002347 0.011906 -0.007653
v 0.002520 0.012156 -0.007480
v 0.002433 0.011939 -0.007567
v 0.002497 0.012031 -0.007504
v 0.007480 0.015329 -0.002520
v 0.007326 0.015579 -0.002660
v 0.007460 0.015454 -0.002539
v 0.007403 0.015546 -0.002590
v 0.007935 0.015579 -0.003568
v 0.008241 0.015329 -0.003658
v 0.008088 0.015546 -0.003613
v 0.008200 0.015454 -0.003646
v 0.008241 0.015329 -0.006342
v 0.007935 0.015579 -0.006432
v 0.008200 0.015454 -0.006354
v 0.008088 0.015546 -0.006387
v 0.007326 0.015579 -0.007340
v 0.007480 0.015329 -0.007480
v 0.007403 0.015546 -0.007410
v 0.007460 0.015454 -0.007462
v 0.006446 0.015579 -0.002070
v 0.006342 0.015329 -0.001759
v 0.006394 0.015546 -0.001915
v 0.006356 0.015454 -0.001801
v 0.005000 0.015579 -0.001781
v 0.005000 0.015329 -0.001492
v 0.005000 0.015546 -0.001637
v 0.005000 0.015454 -0.001531
v 0.005000 0.015329 -0.008508
v 0.005000 0.015579 -0.008219
v 0.005000 0.015454 -0.008469
v 0.005000 0.015546 -0.008363
v 0.003554 0.015579 -0.002070
v 0.003658 0.015329 -0.001759
v 0.003606 0.015546 -0.001915
v 0.003644 0.015454 -0.001801
v 0.003658 0.015329 -0.008241
v 0.003554 0.015579 -0.007930
v 0.003644 0.015454 -0.008199
v 0.003606 0.015546 -0.008085
v 0.002674 0.015579 -0.002660
v 0.002520 0.015329 -0.002520
v 0.002597 0.015546 -0.002590
v 0.002540 0.015454 -0.002539
v 0.001779 0.015579 -0.005000
v 0.001492 0.015329 -0.005000
v 0.001636 0.015546 -0.005000
v 0.001531 0.015454 -0.005000
v 0.001759 0.015329 -0.006342
v 0.002066 0.015579 -0.006432
v 0.001800 0.015454 -0.006354
v 0.001912 0.015546 -0.006387
v 0.002520 0.015329 -0.007480
v 0.002674 0.015579 -0.007340
v 0.002540 0.015454 -0.007462
v 0.002597 0.015546 -0.007410
v 0.008221 0.015579 -0.005000
v 0.008508 0.015329 -0.005000
v 0.008364 0.015546 -0.005000
v 0.008469 0.015454 -0.005000
v 0.006342 0.015329 -0.008241
v 0.006446 0.015579 -0.007930
v 0.006356 0.015454 -0.008199
v 0.006394 0.015546 -0.008085
v 0.001759 0.015329 -0.003658
v 0.002066 0.015579 -0.003568
v 0.001800 0.015454 -0.003646
v 0.001912 0.015546 -0.003613
v 0.010000 0.010215 -0.009750
v 0.009750 0.010215 -0.010000
v 0.009967 0.010215 -0.009875
v 0.009875 0.010215 -0.009967
v 0.005000 0.000000 -0.009750
v 0.005000 0.000250 -0.010000
v 0.005000 0.000033 -0.009875
v 0.005000 0.000125 -0.009967
v 0.010000 0.000250 -0.009750
v 0.009750 0.000250 -0.010000
v 0.009750 0.000000 -0.009750
v 0.009967 0.000250 -0.009875
v 0.009967 0.000125 -0.009750
v 0.009934 0.000130 -0.009870
v 0.009750 0.000125 -0.009967
v 0.009875 0.000250 -0.009967
v 0.009870 0.000130 -0.009934
v 0.009875 0.000033 -0.009750
v 0.009750 0.000033 -0.009875
v 0.009870 0.000066 -0.009870
v 0.009750 0.000000 -0.005000
v 0.010000 0.000250 -0.005000
v 0.009875 0.000033 -0.005000
v 0.009967 0.000125 -0.005000
v 0.007696 0.000250 0.000000
v 0.007946 0.000000 0.000000
v 0.007729 0.000125 0.000000
v 0.007821 0.000033 0.000000
v 0.007446 0.010628 0.000000
v 0.007696 0.010378 0.000000
v 0.007571 0.010595 0.000000
v 0.007662 0.010503 0.000000
v 0.005000 0.010628 -0.007446
v 0.005000 0.010378 -0.007696
v 0.005000 0.010595 -0.007571
v 0.005000 0.010503 -0.007662
v 0.007446 0.010628 -0.005000
v 0.007696 0.010378 -0.005000
v 0.007571 0.010595 -0.005000
v 0.007662 0.010503 -0.005000
v 0.007696 0.010378 -0.007446
v 0.007446 0.010378 -0.007696
v 0.007446 0.010628 -0.007446
v 0.007662 0.010378 -0.007571
v 0.007662 0.010503 -0.007446
v 0.007630 0.010498 -0.007565
v 0.007446 0.010503 -0.007662
v 0.007571 0.010378 -0.007662
v 0.007565 0.010498 -0.007630
v 0.007571 0.010595 -0.007446
v 0.007446 0.010595 -0.007571
v 0.007565 0.010562 -0.007565
v 0.000000 0.011906 0.001667
v 0.000000 0.011906 0.003333
v 0.000000 0.011906 0.005000
v 0.000000 0.011906 0.006667
v 0.000000 0.011906 0.008333
v -0.006839 0.015579 0.006754
v -0.007014 0.015579 0.005000
v -0.006839 0.015579 0.003246
v -0.005000 0.015579 0.006898
v -0.005000 0.015579 0.005000
v -0.005000 0.015579 0.003102
v -0.003161 0.015579 0.006754
v -0.002987 0.015579 0.005000
v -0.003161 0.015579 0.003246
v 0.000000 0.010215 0.010000
v -0.008333 0.011209 0.010000
v -0.006667 0.011209 0.010000
v -0.005000 0.010215 0.010000
v -0.003333 0.011209 0.010000
v -0.001667 0.011209 0.010000
v -0.010000 0.011209 0.001667
v -0.010000 0.011209 0.003333
v -0.010000 0.010215 0.005000
v -0.010000 0.011209 0.006667
v -0.010000 0.011209 0.008333
v 0.000000 0.010628 0.005000
v -0.005000 0.010628 0.005000
v -0.007446 0.000250 0.007696
v -0.007696 0.000250 0.007446
v -0.007946 0.000000 0.007946
v -0.007568 0.000250 0.007659
v -0.007605 0.000128 0.007732
v -0.007654 0.000132 0.007695
v -0.007732 0.000128 0.007605
v -0.007659 0.000250 0.007568
v -0.007696 0.000132 0.007654
v -0.007787 0.000037 0.007824
v -0.007824 0.000037 0.007787
v -0.007738 0.000064 0.007738
v -0.010000 0.011656 0.009750
v -0.009750 0.011906 0.009750
v -0.009750 0.011656 0.010000
v -0.009967 0.011781 0.009750
v -0.009967 0.011656 0.009875
v -0.009934 0.011776 0.009870
v -0.009750 0.011873 0.009875
v -0.009875 0.011873 0.009750
v -0.009870 0.011840 0.009870
v -0.009875 0.011656 0.009967
v -0.009750 0.011781 0.009967
v -0.009870 0.011776 0.009934
v 0.000000 0.000250 0.007696
v 0.000000 0.000000 0.007946
v 0.000000 0.000125 0.007729
v 0.000000 0.000033 0.007821
v 0.000000 0.011906 0.009750
v 0.000000 0.011656 0.010000
v 0.000000 0.011872 0.009875
v 0.000000 0.011781 0.009967
v -0.005000 0.000250 0.007696
v -0.005000 0.000000 0.007946
v -0.005000 0.000125 0.007729
v -0.005000 0.000033 0.007821
v -0.008249 0.011906 0.009750
v -0.008333 0.011656 0.010000
v -0.008291 0.011872 0.009875
v -0.008322 0.011781 0.009967
v -0.006621 0.011906 0.009750
v -0.006667 0.011656 0.010000
v -0.006644 0.011872 0.009875
v -0.006661 0.011781 0.009967
v -0.005000 0.011906 0.009750
v -0.005000 0.011656 0.010000
v -0.005000 0.011872 0.009875
v -0.005000 0.011781 0.009967
v -0.003379 0.011906 0.009750
v -0.003333 0.011656 0.010000
v -0.003356 0.011872 0.009875
v -0.003340 0.011781 0.009967
v -0.001667 0.011656 0.010000
v -0.001751 0.011906 0.009750
v -0.001678 0.011781 0.009967
v -0.001709 0.011872 0.009875
v -0.007696 0.000250 0.005000
v -0.007946 0.000000 0.005000
v -0.007729 0.000125 0.005000
v -0.007821 0.000033 0.005000
v -0.009750 0.011906 0.001751
v -0.010000 0.011656 0.001667
v -0.009875 0.011872 0.001709
v -0.009967 0.011781 0.001678
v -0.009750 0.011906 0.003379
v -0.010000 0.011656 0.003333
v -0.009875 0.011872 0.003356
v -0.009967 0.011781 0.003340
v -0.009750 0.011906 0.005000
v -0.010000 0.011656 0.005000
v -0.009875 0.011872 0.005000
v -0.009967 0.011781 0.005000
v -0.009750 0.011906 0.006621
v -0.010000 0.011656 0.006667
v -0.009875 0.011872 0.006644
v -0.009967 0.011781 0.006661
v -0.010000 0.011656 0.008333
v -0.009750 0.011906 0.008249
v -0.009967 0.011781 0.008322
v -0.009875 0.011872 0.008291
v -0.007653 0.011906 0.002347
v -0.007480 0.012156 0.002520
v -0.007567 0.011939 0.002433
v -0.007504 0.012031 0.002497
v -0.008241 0.012156 0.003658
v -0.008497 0.011906 0.003610
v -0.008275 0.012031 0.003651
v -0.008369 0.011939 0.003634
v -0.008508 0.012156 0.005000
v -0.008773 0.011906 0.005000
v -0.008543 0.012031 0.005000
v -0.008640 0.011939 0.005000
v -0.008241 0.012156 0.006342
v -0.008497 0.011906 0.006390
v -0.008275 0.012031 0.006349
v -0.008369 0.011939 0.006366
v -0.007480 0.012156 0.007480
v -0.007653 0.011906 0.007653
v -0.007504 0.012031 0.007504
v -0.007567 0.011939 0.007567
v -0.006342 0.012156 0.001759
v -0.006390 0.011906 0.001503
v -0.006349 0.012031 0.001725
v -0.006366 0.011939 0.001631
v -0.006390 0.011906 0.008497
v -0.006342 0.012156 0.008241
v -0.006366 0.011939 0.008369
v -0.006349 0.012031 0.008275
v -0.005000 0.012156 0.001492
v -0.005000 0.011906 0.001227
v -0.005000 0.012031 0.001457
v -0.005000 0.011939 0.001360
v -0.005000 0.011906 0.008773
v -0.005000 0.012156 0.008508
v -0.005000 0.011939 0.008640
v -0.005000 0.012031 0.008543
v -0.003658 0.012156 0.001759
v -0.003611 0.011906 0.001503
v -0.003651 0.012031 0.001725
v -0.003634 0.011939 0.001631
v -0.003611 0.011906 0.008497
v -0.003658 0.012156 0.008241
v -0.003634 0.011939 0.008369
v -0.003651 0.012031 0.008275
v -0.002520 0.012156 0.002520
v -0.002347 0.011906 0.002347
v -0.002497 0.012031 0.002497
v -0.002433 0.011939 0.002433
v -0.001503 0.011906 0.003610
v -0.001759 0.012156 0.003658
v -0.001631 0.011939 0.003634
v -0.001725 0.012031 0.003651
v -0.001227 0.011906 0.005000
v -0.001492 0.012156 0.005000
v -0.001360 0.011939 0.005000
v -0.001457 0.012031 0.005000
v -0.001503 0.011906 0.006390
v -0.001759 0.012156 0.006342
v -0.001631 0.011939 0.006366
v -0.001725 0.012031 0.006349
v -0.002347 0.011906 0.007653
v -0.002520 0.012156 0.007480
v -0.002433 0.011939 0.007567
v -0.002497 0.012031 0.007504
v -0.007480 0.015329 0.002520
v -0.007326 0.015579 0.002660
v -0.007460 0.015454 0.002539
v -0.007403 0.015546 0.002590
v -0.007935 0.015579 0.003568
v -0.008241 0.015329 0.003658
v -0.008088 0.015546 0.003613
v -0.008200 0.015454 0.003646
v -0.008241 0.015329 0.006342
v -0.007935 0.015579 0.006432
v -0.008200 0.015454 0.006354
v -0.008088 0.015546 0.006387
v -0.007326 0.015579 0.007340
v -0.007480 0.015329 0.007480
v -0.007403 0.015546 0.007410
v -0.007460 0.015454 0.007462
v -0.006446 0.015579 0.002070
v -0.006342 0.015329 0.001759
v -0.006394 0.015546 0.001915
v -0.006356 0.015454 0.001801
v -0.005000 0.015579 0.001781
v -0.005000 0.015329 0.001492
v -0.005000 0.015546 0.001637
v -0.005000 0.015454 0.001531
v -0.005000 0.015329 0.008508
v -0.005000 0.015579 0.008219
v -0.005000 0.015454 0.008469
v -0.005000 0.015546 0.008363
v -0.003554 0.015579 0.002070
v -0.003658 0.015329 0.001759
v -0.003606 0.015546 0.001915
v -0.003644 0.015454 0.001801
v -0.003658 0.015329 0.008241
v -0.003554 0.015579 0.007930
v -0.003644 0.015454 0.008199
v -0.003606 0.015546 0.008085
v -0.002674 0.015579 0.002660
v -0.002520 0.015329 0.002520
v -0.002597 0.015546 0.002590
v -0.002540 0.015454 0.002539
v -0.001779 0.015579 0.005000
v -0.001492 0.015329 0.005000
v -0.001636 0.015546 0.005000
v -0.001531 0.015454 0.005000
v -0.001759 0.015329 0.006342
v -0.002066 0.015579 0.006432
v -0.001800 0.015454 0.006354
v -0.001912 0.015546 0.006387
v -0.002520 0.015329 0.007480
v -0.002674 0.015579 0.007340
v -0.002540 0.015454 0.007462
v -0.002597 0.015546 0.007410
v -0.008221 0.015579 0.005000
v -0.008508 0.015329 0.005000
v -0.008364 0.015546 0.005000
v -0.008469 0.015454 0.005000
v -0.006342 0.015329 0.008241
v -0.006446 0.015579 0.007930
v -0.006356 0.015454 0.008199
v -0.006394 0.015546 0.008085
v -0.001759 0.015329 0.003658
v -0.002066 0.015579 0.003568
v -0.001800 0.015454 0.003646
v -0.001912 0.015546 0.003613
v -0.010000 0.010215 0.009750
v -0.009750 0.010215 0.010000
v -0.009967 0.010215 0.009875
v -0.009875 0.010215 0.009967
v 0.000000 0.000000 0.009750
v 0.000000 0.000250 0.010000
v 0.000000 0.000033 0.009875
v 0.000000 0.000125 0.009967
v -0.005000 0.000000 0.009750
v -0.005000 0.000250 0.010000
v -0.005000 0.000033 0.009875
v -0.005000 0.000125 0.009967
v -0.010000 0.000250 0.009750
v -0.009750 0.000250 0.010000
v -0.009750 0.000000 0.009750
v -0.009967 0.000250 0.009875
v -0.009967 0.000125 0.009750
v -0.009934 0.000130 0.009870
v -0.009750 0.000125 0.009967
v -0.009875 0.000250 0.009967
v -0.009870 0.000130 0.009934
v -0.009875 0.000033 0.009750
v -0.009750 0.000033 0.009875
v -0.009870 0.000066 0.009870
v -0.009750 0.000000 0.005000
v -0.010000 0.000250 0.005000
v -0.009875 0.000033 0.005000
v -0.009967 0.000125 0.005000
v 0.000000 0.010628 0.007446
v 0.000000 0.010378 0.007696
v 0.000000 0.010595 0.007571
v 0.000000 0.010503 0.007662
v -0.005000 0.010628 0.007446
v -0.005000 0.010378 0.007696
v -0.005000 0.010595 0.007571
v -0.005000 0.010503 0.007662
v -0.007446 0.010628 0.005000
v -0.007696 0.010378 0.005000
v -0.007571 0.010595 0.005000
v -0.007662 0.010503 0.005000
v -0.007696 0.010378 0.007446
v -0.007446 0.010378 0.007696
v -0.007446 0.010628 0.007446
v -0.007662 0.010378 0.007571
v -0.007662 0.010503 0.007446
v -0.007630 0.010498 0.007565
v -0.007446 0.010503 0.007662
v -0.007571 0.010378 0.007662
v -0.007565 0.010498 0.007630
v -0.007571 0.010595 0.007446
v -0.007446 0.010595 0.007571
v -0.007565 0.010562 0.007565
v 0.006839 0.015579 0.006754
v 0.007014 0.015579 0.005000
v 0.006839 0.015579 0.003246
v 0.005000 0.015579 0.006898
v 0.005000 0.015579 0.005000
v 0.005000 0.015579 0.003102
v 0.003161 0.015579 0.006754
v 0.002987 0.015579 0.005000
v 0.003161 0.015579 0.003246
v 0.008333 0.011209 0.010000
v 0.006667 0.011209 0.010000
v 0.005000 0.010215 0.010000
v 0.003333 0.011209 0.010000
v 0.001667 0.011209 0.010000
v 0.010000 0.011209 0.001667
v 0.010000 0.011209 0.003333
v 0.010000 0.010215 0.005000
v 0.010000 0.011209 0.006667
v 0.010000 0.011209 0.008333
v 0.005000 0.010628 0.005000
v 0.007446 0.000250 0.007696
v 0.007696 0.000250 0.007446
v 0.007946 0.000000 0.007946
v 0.007568 0.000250 0.007659
v 0.007605 0.000128 0.007732
v 0.007654 0.000132 0.007695
v 0.007732 0.000128 0.007605
v 0.007659 0.000250 0.007568
v 0.007696 0.000132 0.007654
v 0.007787 0.000037 0.007824
v 0.007824 0.000037 0.007787
v 0.007738 0.000064 0.007738
v 0.010000 0.011656 0.009750
v 0.009750 0.011906 0.009750
v 0.009750 0.011656 0.010000
v 0.009967 0.011781 0.009750
v 0.009967 0.011656 0.009875
v 0.009934 0.011776 0.009870
v 0.009750 0.011873 0.009875
v 0.009875 0.011873 0.009750
v 0.009870 0.011840 0.009870
v 0.009875 0.011656 0.009967
v 0.009750 0.011781 0.009967
v 0.009870 0.011776 0.009934
v 0.005000 0.000250 0.007696
v 0.005000 0.000000 0.007946
v 0.005000 0.000125 0.007729
v 0.005000 0.000033 0.007821
v 0.008249 0.011906 0.009750
v 0.008333 0.011656 0.010000
v 0.008291 0.011872 0.009875
v 0.008322 0.011781 0.009967
v 0.006621 0.011906 0.009750
v 0.006667 0.011656 0.010000
v 0.006644 0.011872 0.009875
v 0.006661 0.011781 0.009967
v 0.005000 0.011906 0.009750
v 0.005000 0.011656 0.010000
v 0.005000 0.011872 0.009875
v 0.005000 0.011781 0.009967
v 0.003379 0.011906 0.009750
v 0.003333 0.011656 0.010000
v 0.003356 0.011872 0.009875
v 0.003340 0.011781 0.009967
v 0.001667 0.011656 0.010000
v 0.001751 0.011906 0.009750
v 0.001678 0.011781 0.009967
v 0.001709 0.011872 0.009875
v 0.007696 0.000250 0.005000
v 0.007946 0.000000 0.005000
v 0.007729 0.000125 0.005000
v 0.007821 0.000033 0.005000
v 0.009750 0.011906 0.001751
v 0.010000 0.011656 0.001667
v 0.009875 0.011872 0.001709
v 0.009967 0.011781 0.001678
v 0.009750 0.011906 0.003379
v 0.010000 0.011656 0.003333
v 0.009875 0.011872 0.003356
v 0.009967 0.011781 0.003340
v 0.009750 0.011906 0.005000
v 0.010000 0.011656 0.005000
v 0.009875 0.011872 0.005000
v 0.009967 0.011781 0.005000
v 0.009750 0.011906 0.006621
v 0.010000 0.011656 0.006667
v 0.009875 0.011872 0.006644
v 0.009967 0.011781 0.006661
v 0.010000 0.011656 0.008333
v 0.009750 0.011906 0.008249
v 0.009967 0.011781 0.008322
v 0.009875 0.011872 0.008291
v 0.007653 0.011906 0.002347
v 0.007480 0.012156 0.002520
v 0.007567 0.011939 0.002433
v 0.007504 0.012031 0.002497
v 0.008241 0.012156 0.003658
v 0.008497 0.011906 0.003610
v 0.008275 0.012031 0.003651
v 0.008369 0.011939 0.003634
v 0.008508 0.012156 0.005000
v 0.008773 0.011906 0.005000
v 0.008543 0.012031 0.005000
v 0.008640 0.011939 0.005000
v 0.008241 0.012156 0.006342
v 0.008497 0.011906 0.006390
v 0.008275 0.012031 0.006349
v 0.008369 0.011939 0.006366
v 0.007480 0.012156 0.007480
v 0.007653 0.011906 0.007653
v 0.007504 0.012031 0.007504
v 0.007567 0.011939 0.007567
v 0.006342 0.012156 0.001759
v 0.006390 0.011906 0.001503
v 0.006349 0.012031 0.001725
v 0.006366 0.011939 0.001631
v 0.006390 0.011906 0.008497
v 0.006342 0.012156 0.008241
v 0.006366 0.011939 0.008369
v 0.006349 0.012031 0.008275
v 0.005000 0.012156 0.001492
v 0.005000 0.011906 0.001227
v 0.005000 0.012031 0.001457
v 0.005000 0.011939 0.001360
v 0.005000 0.011906 0.008773
v 0.005000 0.012156 0.008508
v 0.005000 0.011939 0.008640
v 0.005000 0.012031 0.008543
v 0.003658 0.012156 0.001759
v 0.003611 0.011906 0.001503
v 0.003651 0.012031 0.001725
v 0.003634 0.011939 0.001631
v 0.003611 0.011906 0.008497
v 0.003658 0.012156 0.008241
v 0.003634 0.011939 0.008369
v 0.003651 0.012031 0.008275
v 0.002520 0.012156 0.002520
v 0.002347 0.011906 0.002347
v 0.002497 0.012031 0.002497
v 0.002433 0.011939 0.002433
v 0.001503 0.011906 0.003610
v 0.001759 0.012156 0.003658
v 0.001631 0.011939 0.003634
v 0.001725 0.012031 0.003651
v 0.001227 0.011906 0.005000
v 0.001492 0.012156 0.005000
v 0.001360 0.011939 0.005000
v 0.001457 0.012031 0.005000
v 0.001503 0.011906 0.006390
v 0.001759 0.012156 0.006342
v 0.001631 0.011939 0.006366
v 0.001725 0.012031 0.006349
v 0.002347 0.011906 0.007653
v 0.002520 0.012156 0.007480
v 0.002433 0.011939 0.007567
v 0.002497 0.012031 0.007504
v 0.007480 0.015329 0.002520
v 0.007326 0.015579 0.002660
v 0.007460 0.015454 0.002539
v 0.007403 0.015546 0.002590
v 0.007935 0.015579 0.003568
v 0.008241 0.015329 0.003658
v 0.008088 0.015546 0.003613
v 0.008200 0.015454 0.003646
v 0.008241 0.015329 0.006342
v 0.007935 0.015579 0.006432
v 0.008200 0.015454 0.006354
v 0.008088 0.015546 0.006387
v 0.007326 0.015579 0.007340
v 0.007480 0.015329 0.007480
v 0.007403 0.015546 0.007410
v 0.007460 0.015454 0.007462
v 0.006446 0.015579 0.002070
v 0.006342 0.015329 0.001759
v 0.006394 0.015546 0.001915
v 0.006356 0.015454 0.001801
v 0.005000 0.015579 0.001781
v 0.005000 0.015329 0.001492
v 0.005000 0.015546 0.001637
v 0.005000 0.015454 0.001531
v 0.005000 0.015329 0.008508
v 0.005000 0.015579 0.008219
v 0.005000 0.015454 0.008469
v 0.005000 0.015546 0.008363
v 0.003554 0.015579 0.002070
v 0.003658 0.015329 0.001759
v 0.003606 0.015546 0.001915
v 0.003644 0.015454 0.001801
v 0.003658 0.015329 0.008241
v 0.003554 0.015579 0.007930
v 0.003644 0.015454 0.008199
v 0.003606 0.015546 0.008085
v 0.002674 0.015579 0.002660
v 0.002520 0.015329 0.002520
v 0.002597 0.015546 0.002590
v 0.002540 0.015454 0.002539
v 0.001779 0.015579 0.005000
v 0.001492 0.015329 0.005000
v 0.001636 0.015546 0.005000
v 0.001531 0.015454 0.005000
v 0.001759 0.015329 0.006342
v 0.002066 0.015579 0.006432
v 0.001800 0.015454 0.006354
v 0.001912 0.015546 0.006387
v 0.002520 0.015329 0.007480
v 0.002674 0.015579 0.007340
v 0.002540 0.015454 0.007462
v 0.002597 0.015546 0.007410
v 0.008221 0.015579 0.005000
v 0.008508 0.015329 0.005000
v 0.008364 0.015546 0.005000
v 0.008469 0.015454 0.005000
v 0.006342 0.015329 0.008241
v 0.006446 0.015579 0.007930
v 0.006356 0.015454 0.008199
v 0.006394 0.015546 0.008085
v 0.001759 0.015329 0.003658
v 0.002066 0.015579 0.003568
v 0.001800 0.015454 0.003646
v 0.001912 0.015546 0.003613
v 0.010000 0.010215 0.009750
v 0.009750 0.010215 0.010000
v 0.009967 0.010215 0.009875
v 0.009875 0.010215 0.009967
v 0.005000 0.000000 0.009750
v 0.005000 0.000250 0.010000
v 0.005000 0.000033 0.009875
v 0.005000 0.000125 0.009967
v 0.010000 0.000250 0.009750
v 0.009750 0.000250 0.010000
v 0.009750 0.000000 0.009750
v 0.009967 0.000250 0.009875
v 0.009967 0.000125 0.009750
v 0.009934 0.000130 0.009870
v 0.009750 0.000125 0.009967
v 0.009875 0.000250 0.009967
v 0.009870 0.000130 0.009934
v 0.009875 0.000033 0.009750
v 0.009750 0.000033 0.009875
v 0.009870 0.000066 0.009870
v 0.009750 0.000000 0.005000
v 0.010000 0.000250 0.005000
v 0.009875 0.000033 0.005000
v 0.009967 0.000125 0.005000
v 0.005000 0.010628 0.007446
v 0.005000 0.010378 0.007696
v 0.005000 0.010595 0.007571
v 0.005000 0.010503 0.007662
v 0.007446 0.010628 0.005000
v 0.007696 0.010378 0.005000
v 0.007571 0.010595 0.005000
v 0.007662 0.010503 0.005000
v 0.007696 0.010378 0.007446
v 0.007446 0.010378 0.007696
v 0.007446 0.010628 0.007446
v 0.007662 0.010378 0.007571
v 0.007662 0.010503 0.007446
v 0.007630 0.010498 0.007565
v 0.007446 0.010503 0.007662
v 0.007571 0.010378 0.007662
v 0.007565 0.010498 0.007630
v 0.007571 0.010595 0.007446
v 0.007446 0.010595 0.007571
v 0.007565 0.010562 0.007565
vn -0.0000 -0.0000 -1.0000
vn -1.0000 -0.0000 -0.0000
vn -0.0000 1.0000 -0.0000
vn -0.0000 -1.0000 -0.0000
vn 0.0135 -0.0054 0.9999
vn 0.5068 -0.0064 0.8620
vn 0.4560 -0.7398 0.4947
vn 0.0108 -0.6356 0.7720
vn 0.8620 -0.0064 0.5068
vn 0.4947 -0.7398 0.4560
vn 0.9999 -0.0054 0.0136
vn 0.7720 -0.6356 0.0108
vn 0.3595 -0.9331 0.0040
vn 0.3177 -0.8934 0.3177
vn 0.0021 -1.0000 0.0021
vn 0.0040 -0.9331 0.3595
vn -0.9991 0.0301 -0.0305
vn -0.8623 0.4916 -0.1216
vn -0.7744 0.4473 -0.4473
vn -0.8623 0.1216 -0.4916
vn -0.4916 0.8623 -0.1216
vn -0.4473 0.7744 -0.4474
vn -0.0152 0.9998 -0.0151
vn -0.1216 0.8623 -0.4916
vn -0.1216 0.4916 -0.8623
vn -0.4473 0.4473 -0.7744
vn -0.0305 0.0301 -0.9991
vn -0.4916 0.1216 -0.8623
vn -1.0000 -0.0033 -0.0069
vn -0.8661 -0.0028 -0.4998
vn -0.7744 -0.4474 -0.4473
vn -0.8663 -0.4995 -0.0057
vn -0.4998 -0.0028 -0.8661
vn -0.4473 -0.4474 -0.7744
vn -0.0069 -0.0033 -1.0000
vn -0.0057 -0.4995 -0.8663
vn -0.0057 -0.8663 -0.4995
vn -0.4474 -0.7744 -0.4473
vn -0.0200 -0.9996 -0.0200
vn -0.4995 -0.8663 -0.0057
vn 0.9999 -0.0033 0.0137
vn 0.8623 -0.0024 0.5064
vn 0.7744 -0.4473 0.4473
vn 0.8666 -0.4989 0.0107
vn 0.5063 -0.0024 0.8623
vn 0.4474 -0.4473 0.7744
vn 0.0137 -0.0033 0.9999
vn 0.0107 -0.4989 0.8666
vn 0.0107 -0.8666 0.4989
vn 0.4474 -0.7744 0.4473
vn 0.0130 -0.9998 0.0130
vn 0.4989 -0.8666 0.0107
vn -0.0075 -0.0000 -1.0000
vn -0.4999 -0.0000 -0.8661
vn -0.8661 -0.0000 -0.4999
vn -1.0000 -0.0000 -0.0075
vn -0.0170 0.9999 -0.0000
vn -0.5017 0.8651 -0.0000
vn -0.8667 0.4988 -0.0000
vn -0.9991 0.0417 -0.0000
vn -0.0000 0.9999 -0.0168
vn -0.0000 0.9999 -0.0156
vn -0.0000 0.8675 -0.4975
vn -0.0000 0.8669 -0.4985
vn -0.0000 0.5015 -0.8652
vn -0.0000 0.5006 -0.8657
vn -0.0000 0.0314 -0.9995
vn -0.0000 0.0408 -0.9992
vn -0.0000 -0.9998 -0.0174
vn -0.0000 -0.9998 -0.0190
vn -0.0000 -0.8660 -0.5000
vn -0.0000 -0.5000 -0.8660
vn -0.0000 -0.0034 -1.0000
vn -0.0000 0.9999 -0.0170
vn -0.0000 0.8650 -0.5017
vn -0.0000 0.4988 -0.8667
vn -0.0000 0.0417 -0.9991
vn -0.0000 0.9997 -0.0228
vn -0.0000 0.8653 -0.5013
vn -0.0000 0.4993 -0.8664
vn -0.0000 0.9996 -0.0288
vn -0.0000 0.8652 -0.5014
vn -0.0000 0.0313 -0.9995
vn -0.0000 0.8653 -0.5012
vn -0.0000 0.4992 -0.8665
vn -0.0190 -0.9998 -0.0000
vn -0.5000 -0.8660 -0.0000
vn -0.8659 -0.5003 -0.0000
vn -1.0000 -0.0034 -0.0000
vn -0.0174 -0.9998 -0.0000
vn -0.8660 -0.5000 -0.0000
vn -0.0156 0.9999 -0.0000
vn -0.0168 0.9999 -0.0000
vn -0.4985 0.8669 -0.0000
vn -0.4975 0.8675 -0.0000
vn -0.8657 0.5006 -0.0000
vn -0.8652 0.5015 -0.0000
vn -0.9992 0.0408 -0.0000
vn -0.9995 0.0314 -0.0000
vn -0.0228 0.9997 -0.0000
vn -0.5012 0.8653 -0.0000
vn -0.8664 0.4993 -0.0000
vn -0.0288 0.9996 -0.0000
vn -0.5015 0.8652 -0.0000
vn -0.9995 0.0313 -0.0000
vn -0.8665 0.4991 -0.0000
vn -0.7071 0.0103 0.7071
vn -0.9237 0.0107 0.3829
vn -0.7866 0.5214 0.3307
vn -0.6095 0.5070 0.6095
vn -0.4314 0.8847 0.1768
vn -0.3394 0.8772 0.3394
vn -0.0147 0.9999 0.0057
vn -0.0086 0.9999 0.0086
vn -0.9999 0.0112 -0.0000
vn -0.8434 0.5372 -0.0000
vn -0.4526 0.8917 -0.0000
vn -0.0196 0.9998 -0.0000
vn -0.9237 0.0107 -0.3829
vn -0.7866 0.5215 -0.3307
vn -0.4314 0.8847 -0.1768
vn -0.0147 0.9999 -0.0057
vn -0.7071 0.0103 -0.7071
vn -0.6095 0.5071 -0.6095
vn -0.3394 0.8773 -0.3394
vn -0.0093 0.9999 -0.0093
vn 0.0079 0.9999 0.0079
vn 0.0125 0.9999 0.0048
vn 0.4314 0.8847 0.1768
vn 0.3394 0.8772 0.3394
vn 0.7866 0.5214 0.3307
vn 0.6095 0.5070 0.6095
vn 0.9237 0.0107 0.3829
vn 0.7071 0.0103 0.7071
vn 0.0161 0.9999 -0.0000
vn 0.4526 0.8917 -0.0000
vn 0.8434 0.5372 -0.0000
vn 0.9999 0.0112 -0.0000
vn 0.0125 0.9999 -0.0048
vn 0.4314 0.8847 -0.1768
vn 0.7866 0.5214 -0.3307
vn 0.9237 0.0107 -0.3829
vn 0.0086 0.9999 -0.0086
vn 0.3394 0.8772 -0.3394
vn 0.6095 0.5070 -0.6095
vn 0.7071 0.0103 -0.7071
vn 0.3829 0.0107 -0.9237
vn 0.3307 0.5214 -0.7866
vn 0.1768 0.8847 -0.4314
vn 0.0057 0.9999 -0.0147
vn 0.0048 0.9999 0.0125
vn 0.1768 0.8847 0.4314
vn 0.3307 0.5215 0.7866
vn 0.3829 0.0107 0.9237
vn -0.0000 0.0112 -0.9999
vn -0.0000 0.5372 -0.8434
vn -0.0000 0.8917 -0.4526
vn -0.0000 0.9998 -0.0196
vn -0.0000 0.9999 0.0161
vn -0.0000 0.8917 0.4526
vn -0.0000 0.5372 0.8435
vn -0.0000 0.0112 0.9999
vn -0.3829 0.0107 -0.9237
vn -0.3307 0.5214 -0.7866
vn -0.1768 0.8847 -0.4314
vn -0.0057 0.9999 -0.0147
vn -0.0048 0.9999 0.0125
vn -0.1768 0.8847 0.4314
vn -0.3307 0.5214 0.7866
vn -0.3829 0.0107 0.9237
vn -0.0357 0.9987 0.0359
vn -0.0274 0.9995 0.0132
vn -0.4708 0.8586 0.2028
vn -0.4118 0.8121 0.4134
vn -0.8068 0.4975 0.3185
vn -0.6391 0.4292 0.6383
vn -0.9242 0.0100 0.3817
vn -0.7071 0.0081 0.7070
vn -0.0274 0.9995 -0.0132
vn -0.0357 0.9987 -0.0359
vn -0.4118 0.8121 -0.4134
vn -0.4708 0.8586 -0.2028
vn -0.6391 0.4292 -0.6383
vn -0.8068 0.4975 -0.3185
vn -0.7071 0.0081 -0.7071
vn -0.9242 0.0100 -0.3817
vn 0.9999 0.0114 -0.0000
vn 0.9242 0.0100 -0.3817
vn 0.8068 0.4975 -0.3185
vn 0.8421 0.5393 -0.0000
vn 0.4708 0.8586 -0.2028
vn 0.4696 0.8829 -0.0000
vn 0.0274 0.9995 -0.0132
vn 0.0294 0.9996 -0.0000
vn 0.7071 0.0081 -0.7070
vn 0.6391 0.4292 -0.6383
vn 0.4118 0.8121 -0.4134
vn 0.0357 0.9987 -0.0359
vn 0.0119 0.9996 -0.0246
vn 0.2025 0.8593 -0.4697
vn 0.3174 0.4983 -0.8068
vn 0.3816 0.0100 -0.9243
vn 0.3816 0.0100 0.9243
vn 0.7071 0.0081 0.7070
vn 0.6391 0.4292 0.6383
vn 0.3174 0.4983 0.8068
vn 0.4118 0.8121 0.4134
vn 0.2025 0.8593 0.4697
vn 0.0357 0.9987 0.0359
vn 0.0119 0.9996 0.0246
vn -0.0000 0.9996 -0.0269
vn -0.0000 0.8843 -0.4668
vn -0.0000 0.5420 -0.8404
vn -0.0000 0.0114 -0.9999
vn -0.0000 0.0114 0.9999
vn -0.0000 0.5420 0.8404
vn -0.0000 0.8843 0.4668
vn -0.0000 0.9996 0.0269
vn -0.3816 0.0100 0.9243
vn -0.3174 0.4983 0.8068
vn -0.2025 0.8593 0.4697
vn -0.0119 0.9996 0.0246
vn -0.0295 0.9996 -0.0000
vn -0.4696 0.8829 -0.0000
vn -0.8421 0.5392 -0.0000
vn -0.9999 0.0114 -0.0000
vn 0.9242 0.0100 0.3817
vn 0.8068 0.4975 0.3185
vn 0.4708 0.8586 0.2028
vn 0.0274 0.9995 0.0132
vn -0.0119 0.9996 -0.0246
vn -0.2025 0.8593 -0.4697
vn -0.3174 0.4983 -0.8068
vn -0.3816 0.0100 -0.9243
vn -0.0000 -0.0033 1.0000
vn -0.0000 -0.0034 1.0000
vn -0.0004 -0.5047 0.8633
vn -0.0000 -0.5000 0.8660
vn -0.0004 -0.8658 0.5003
vn -0.0000 -0.8660 0.5000
vn -0.0000 -0.9999 0.0159
vn -0.0000 -0.9998 0.0174
vn 1.0000 -0.0034 -0.0000
vn 0.8633 -0.5047 -0.0004
vn 0.5003 -0.8658 -0.0004
vn 0.0159 -0.9999 -0.0000
vn 1.0000 -0.0033 -0.0000
vn 0.8660 -0.5000 -0.0000
vn 0.5000 -0.8660 -0.0000
vn 0.0174 -0.9998 -0.0000
vn -0.0000 -0.9999 0.0131
vn 0.0131 -0.9999 -0.0000
vn 1.0000 -0.0000 -0.0000
vn -0.0136 -0.0054 0.9999
vn -0.0108 -0.6356 0.7720
vn -0.4560 -0.7398 0.4947
vn -0.5068 -0.0064 0.8620
vn -0.4947 -0.7398 0.4560
vn -0.8620 -0.0064 0.5068
vn -0.9999 -0.0054 0.0135
vn -0.7720 -0.6356 0.0108
vn -0.3177 -0.8934 0.3177
vn -0.3595 -0.9331 0.0040
vn -0.0021 -1.0000 0.0021
vn -0.0040 -0.9331 0.3595
vn 0.9991 0.0301 -0.0305
vn 0.8623 0.1216 -0.4916
vn 0.7744 0.4473 -0.4473
vn 0.8623 0.4916 -0.1216
vn 0.4473 0.7744 -0.4473
vn 0.4916 0.8623 -0.1216
vn 0.0152 0.9998 -0.0151
vn 0.1216 0.8623 -0.4916
vn 0.4473 0.4473 -0.7744
vn 0.1216 0.4916 -0.8623
vn 0.0305 0.0301 -0.9991
vn 0.4916 0.1216 -0.8623
vn 1.0000 -0.0033 -0.0069
vn 0.8663 -0.4995 -0.0057
vn 0.7744 -0.4473 -0.4473
vn 0.8661 -0.0028 -0.4998
vn 0.4473 -0.4474 -0.7744
vn 0.4999 -0.0028 -0.8661
vn 0.0069 -0.0033 -1.0000
vn 0.0057 -0.4995 -0.8663
vn 0.4474 -0.7744 -0.4473
vn 0.0057 -0.8663 -0.4995
vn 0.0200 -0.9996 -0.0200
vn 0.4995 -0.8663 -0.0057
vn -0.9999 -0.0033 0.0137
vn -0.8666 -0.4989 0.0107
vn -0.7744 -0.4473 0.4473
vn -0.8623 -0.0024 0.5064
vn -0.4474 -0.4473 0.7744
vn -0.5064 -0.0024 0.8623
vn -0.0137 -0.0033 0.9999
vn -0.0107 -0.4989 0.8666
vn -0.4473 -0.7744 0.4473
vn -0.0107 -0.8666 0.4989
vn -0.0130 -0.9998 0.0130
vn -0.4989 -0.8666 0.0107
vn 0.0075 -0.0000 -1.0000
vn 0.4999 -0.0000 -0.8661
vn 0.8661 -0.0000 -0.4999
vn 1.0000 -0.0000 -0.0075
vn 0.0170 0.9999 -0.0000
vn 0.5017 0.8651 -0.0000
vn 0.8667 0.4988 -0.0000
vn 0.9991 0.0417 -0.0000
vn -0.0000 0.8669 -0.4984
vn -0.0000 0.5007 -0.8656
vn -0.0000 0.8651 -0.5017
vn 0.0190 -0.9998 -0.0000
vn 0.0156 0.9999 -0.0000
vn 0.4975 0.8675 -0.0000
vn 0.4984 0.8669 -0.0000
vn 0.0168 0.9999 -0.0000
vn 0.8652 0.5015 -0.0000
vn 0.8658 0.5004 -0.0000
vn 0.9995 0.0314 -0.0000
vn 0.9992 0.0408 -0.0000
vn 0.5013 0.8653 -0.0000
vn 0.0228 0.9997 -0.0000
vn 0.8664 0.4993 -0.0000
vn 0.5014 0.8652 -0.0000
vn 0.0288 0.9996 -0.0000
vn 0.8665 0.4992 -0.0000
vn 0.9995 0.0313 -0.0000
vn 0.5013 0.8652 -0.0000
vn 0.6095 0.5071 0.6095
vn 0.0086 0.9999 0.0086
vn 0.0147 0.9999 0.0057
vn 0.0196 0.9998 -0.0000
vn 0.7866 0.5215 -0.3307
vn 0.0147 0.9999 -0.0057
vn 0.6094 0.5071 -0.6094
vn 0.0093 0.9999 -0.0093
vn -0.0079 0.9999 0.0079
vn -0.0125 0.9999 0.0048
vn -0.6095 0.5069 0.6095
vn -0.7866 0.5215 0.3307
vn -0.0161 0.9999 -0.0000
vn -0.0125 0.9999 -0.0048
vn -0.3394 0.8772 -0.3394
vn -0.0086 0.9999 -0.0086
vn -0.6095 0.5069 -0.6095
vn -0.3307 0.5215 -0.7866
vn -0.3307 0.5215 0.7866
vn -0.0000 0.5372 0.8434
vn 0.3307 0.5215 -0.7866
vn 0.8068 0.4976 -0.3185
vn -0.0294 0.9996 -0.0000
vn -0.7071 0.0081 0.7071
vn -0.0000 0.8844 -0.4668
vn -0.0000 0.8844 0.4668
vn 0.0295 0.9996 -0.0000
vn 0.8421 0.5392 -0.0000
vn 0.0004 -0.5047 0.8633
vn 0.0004 -0.8658 0.5003
vn -0.8633 -0.5047 -0.0004
vn -0.5003 -0.8658 -0.0004
vn -0.0159 -0.9999 -0.0000
vn -1.0000 -0.0033 -0.0000
vn -0.0131 -0.9999 -0.0000
vn -0.0000 -0.0000 1.0000
vn 0.0136 -0.0054 -0.9999
vn 0.0108 -0.6356 -0.7720
vn 0.4560 -0.7398 -0.4947
vn 0.5068 -0.0064 -0.8620
vn 0.4947 -0.7398 -0.4560
vn 0.8620 -0.0064 -0.5068
vn 0.9999 -0.0054 -0.0135
vn 0.7720 -0.6356 -0.0108
vn 0.3177 -0.8934 -0.3177
vn 0.3595 -0.9331 -0.0040
vn 0.0021 -1.0000 -0.0021
vn 0.0040 -0.9331 -0.3595
vn -0.9991 0.0301 0.0305
vn -0.8623 0.1216 0.4916
vn -0.7744 0.4473 0.4473
vn -0.8623 0.4916 0.1216
vn -0.4473 0.7744 0.4473
vn -0.4916 0.8623 0.1216
vn -0.0152 0.9998 0.0151
vn -0.1216 0.8623 0.4916
vn -0.4473 0.4473 0.7744
vn -0.1216 0.4916 0.8623
vn -0.0305 0.0301 0.9991
vn -0.4916 0.1216 0.8623
vn -1.0000 -0.0033 0.0069
vn -0.8663 -0.4995 0.0057
vn -0.8661 -0.0028 0.4998
vn -0.4473 -0.4474 0.7744
vn -0.4999 -0.0028 0.8661
vn -0.0069 -0.0033 1.0000
vn -0.0057 -0.4995 0.8663
vn -0.4474 -0.7744 0.4473
vn -0.0057 -0.8663 0.4995
vn -0.0200 -0.9996 0.0200
vn -0.4995 -0.8663 0.0057
vn 0.9999 -0.0033 -0.0137
vn 0.8666 -0.4989 -0.0107
vn 0.8623 -0.0024 -0.5064
vn 0.4474 -0.4473 -0.7744
vn 0.5064 -0.0024 -0.8623
vn 0.0137 -0.0033 -0.9999
vn 0.0107 -0.4989 -0.8666
vn 0.4473 -0.7744 -0.4473
vn 0.0107 -0.8666 -0.4989
vn 0.0130 -0.9998 -0.0130
vn 0.4989 -0.8666 -0.0107
vn -0.0075 -0.0000 1.0000
vn -0.4999 -0.0000 0.8661
vn -0.8661 -0.0000 0.4999
vn -1.0000 -0.0000 0.0075
vn -0.0000 0.9999 0.0168
vn -0.0000 0.8669 0.4984
vn -0.0000 0.8675 0.4975
vn -0.0000 0.9999 0.0156
vn -0.0000 0.5007 0.8656
vn -0.0000 0.5015 0.8652
vn -0.0000 0.0408 0.9992
vn -0.0000 0.0314 0.9995
vn -0.0000 -0.9998 0.0190
vn -0.0000 0.8651 0.5017
vn -0.0000 0.9999 0.0170
vn -0.0000 0.4988 0.8667
vn -0.0000 0.0417 0.9991
vn -0.0000 0.8653 0.5013
vn -0.0000 0.9997 0.0228
vn -0.0000 0.4993 0.8664
vn -0.0000 0.8652 0.5014
vn -0.0000 0.9996 0.0288
vn -0.0000 0.4992 0.8665
vn -0.0000 0.0313 0.9995
vn -0.4984 0.8669 -0.0000
vn -0.8658 0.5004 -0.0000
vn -0.5013 0.8653 -0.0000
vn -0.5014 0.8652 -0.0000
vn -0.8665 0.4992 -0.0000
vn -0.5013 0.8652 -0.0000
vn -0.7866 0.5214 -0.3307
vn -0.6094 0.5071 0.6094
vn -0.0093 0.9999 0.0093
vn 0.0079 0.9999 -0.0079
vn 0.6095 0.5069 -0.6095
vn 0.7866 0.5215 0.3307
vn 0.6095 0.5069 0.6095
vn 0.0057 0.9999 0.0147
vn 0.0048 0.9999 -0.0125
vn -0.0000 0.9998 0.0196
vn -0.0000 0.9999 -0.0161
vn -0.0057 0.9999 0.0147
vn -0.0048 0.9999 -0.0125
vn -0.7071 0.0081 -0.7070
vn -0.8068 0.4976 0.3185
vn 0.7071 0.0081 0.7071
vn 0.7071 0.0081 -0.7071
vn -0.0000 -0.0033 -1.0000
vn -0.0004 -0.5047 -0.8633
vn -0.0004 -0.8658 -0.5003
vn -0.0000 -0.9999 -0.0159
vn 0.8633 -0.5047 0.0004
vn 0.5003 -0.8658 0.0004
vn -0.0000 -0.9999 -0.0131
vn -0.0135 -0.0054 -0.9999
vn -0.5068 -0.0064 -0.8620
vn -0.4560 -0.7398 -0.4947
vn -0.0108 -0.6356 -0.7720
vn -0.8620 -0.0064 -0.5068
vn -0.4947 -0.7398 -0.4560
vn -0.9999 -0.0054 -0.0136
vn -0.7720 -0.6356 -0.0108
vn -0.3595 -0.9331 -0.0040
vn -0.3177 -0.8934 -0.3177
vn -0.0021 -1.0000 -0.0021
vn -0.0040 -0.9331 -0.3595
vn 0.9991 0.0301 0.0305
vn 0.8623 0.4916 0.1216
vn 0.7744 0.4473 0.4473
vn 0.8623 0.1216 0.4916
vn 0.4916 0.8623 0.1216
vn 0.4473 0.7744 0.4474
vn 0.0152 0.9998 0.0151
vn 0.1216 0.8623 0.4916
vn 0.1216 0.4916 0.8623
vn 0.4473 0.4473 0.7744
vn 0.0305 0.0301 0.9991
vn 0.4916 0.1216 0.8623
vn 1.0000 -0.0033 0.0069
vn 0.8661 -0.0028 0.4998
vn 0.7744 -0.4474 0.4473
vn 0.8663 -0.4995 0.0057
vn 0.4998 -0.0028 0.8661
vn 0.4473 -0.4474 0.7744
vn 0.0069 -0.0033 1.0000
vn 0.0057 -0.4995 0.8663
vn 0.0057 -0.8663 0.4995
vn 0.4473 -0.7744 0.4473
vn 0.0200 -0.9996 0.0200
vn 0.4995 -0.8663 0.0057
vn -0.9999 -0.0033 -0.0137
vn -0.8623 -0.0024 -0.5064
vn -0.7744 -0.4473 -0.4473
vn -0.8666 -0.4989 -0.0107
vn -0.5063 -0.0024 -0.8623
vn -0.4474 -0.4473 -0.7744
vn -0.0137 -0.0033 -0.9999
vn -0.0107 -0.4989 -0.8666
vn -0.0107 -0.8666 -0.4989
vn -0.0130 -0.9998 -0.0130
vn -0.4989 -0.8666 -0.0107
vn 0.0075 -0.0000 1.0000
vn 0.4999 -0.0000 0.8661
vn 0.8661 -0.0000 0.4999
vn 1.0000 -0.0000 0.0075
vn -0.0000 0.8669 0.4985
vn -0.0000 0.5006 0.8657
vn -0.0000 0.8650 0.5017
vn -0.0000 0.8653 0.5012
vn 0.8659 -0.5003 -0.0000
vn 0.4985 0.8669 -0.0000
vn 0.8657 0.5006 -0.0000
vn 0.5012 0.8653 -0.0000
vn 0.5015 0.8652 -0.0000
vn 0.8665 0.4991 -0.0000
vn 0.3394 0.8773 0.3394
vn 0.0093 0.9999 0.0093
vn -0.0079 0.9999 -0.0079
vn -0.6095 0.5070 -0.6095
vn -0.0000 0.5372 -0.8435
vn 0.3307 0.5214 0.7866
vn -0.8421 0.5393 -0.0000
vn 0.0004 -0.5047 -0.8633
vn 0.0004 -0.8658 -0.5003
vn -0.8633 -0.5047 0.0004
vn -0.5003 -0.8658 0.0004
vt 0.378601 0.825330
vt 0.442400 0.825330
vt 0.506201 0.787294
vt 0.314803 0.787294
vt 0.570000 0.825330
vt 0.633798 0.825330
vt 0.697597 0.787294
vt 0.237726 0.587674
vt 0.314803 0.587674
vt 0.314803 0.660342
vt 0.244403 0.654811
vt 0.391879 0.587674
vt 0.385202 0.654811
vt 0.244403 0.520537
vt 0.314803 0.515005
vt 0.385202 0.520537
vt 0.506201 0.587674
vt 0.506201 0.396277
vt 0.314803 0.396277
vt 0.314803 0.587674
vt 0.221185 0.405847
vt 0.216488 0.405847
vt 0.213214 0.401315
vt 0.215103 0.401171
vt 0.216488 0.689441
vt 0.213035 0.685988
vt 0.211624 0.689262
vt 0.213214 0.690853
vt 0.791215 0.405847
vt 0.797297 0.401171
vt 0.799186 0.401315
vt 0.795912 0.405847
vt 0.210209 0.687374
vt 0.206722 0.694348
vt 0.210009 0.692467
vt 0.202045 0.700431
vt 0.208128 0.695755
vt 0.215103 0.692267
vt 0.879423 0.842457
vt 0.879423 0.847236
vt 0.884000 0.847034
vt 0.884202 0.842457
vt 0.879423 0.850749
vt 0.884000 0.849507
vt 0.132976 0.769500
vt 0.132976 0.774279
vt 0.128400 0.774076
vt 0.128198 0.769500
vt 0.132976 0.777791
vt 0.128400 0.776549
vt 0.132976 0.842457
vt 0.128198 0.842457
vt 0.128400 0.847034
vt 0.132976 0.847236
vt 0.887715 0.842457
vt 0.886473 0.847034
vt 0.879423 0.405847
vt 0.884202 0.405847
vt 0.884000 0.401271
vt 0.879423 0.401069
vt 0.887715 0.405847
vt 0.886473 0.401271
vt 0.132976 0.405847
vt 0.132976 0.401069
vt 0.128400 0.401271
vt 0.128198 0.405847
vt 0.132976 0.397556
vt 0.128400 0.398798
vt 0.132976 0.769500
vt 0.128198 0.769500
vt 0.132976 0.774279
vt 0.879423 0.397556
vt 0.884000 0.398798
vt 0.791215 0.793545
vt 0.795993 0.793545
vt 0.795791 0.798122
vt 0.791215 0.798324
vt 0.799506 0.793545
vt 0.798264 0.798122
vt 0.221185 0.793545
vt 0.221185 0.798324
vt 0.216608 0.798122
vt 0.216406 0.793545
vt 0.221185 0.689583
vt 0.221185 0.686070
vt 0.216608 0.685868
vt 0.216608 0.688341
vt 0.221185 0.681291
vt 0.216406 0.681291
vt 0.791215 0.801837
vt 0.795791 0.800595
vt 0.132976 0.787294
vt 0.128191 0.787294
vt 0.124685 0.405847
vt 0.124689 0.787294
vt 0.884208 0.787294
vt 0.879423 0.787294
vt 0.132976 0.712031
vt 0.128191 0.713651
vt 0.124685 0.769500
vt 0.124689 0.714837
vt 0.824760 0.847242
vt 0.825194 0.842457
vt 0.439160 0.769500
vt 0.506201 0.769500
vt 0.506201 0.774285
vt 0.440780 0.774285
vt 0.440780 0.850745
vt 0.506201 0.850745
vt 0.506201 0.847242
vt 0.441966 0.847242
vt 0.506201 0.842457
vt 0.442400 0.842457
vt 0.314803 0.769500
vt 0.314803 0.774285
vt 0.506201 0.397560
vt 0.314803 0.397560
vt 0.314803 0.401062
vt 0.506201 0.401062
vt 0.314803 0.405847
vt 0.506201 0.405847
vt 0.190445 0.769500
vt 0.188825 0.774285
vt 0.187639 0.777788
vt 0.187639 0.847242
vt 0.187205 0.842457
vt 0.252768 0.769500
vt 0.251886 0.774285
vt 0.188825 0.850745
vt 0.251886 0.850745
vt 0.251240 0.847242
vt 0.251004 0.842457
vt 0.314803 0.850745
vt 0.314803 0.847242
vt 0.314803 0.842457
vt 0.376837 0.769500
vt 0.377719 0.774285
vt 0.377719 0.850745
vt 0.378365 0.847242
vt 0.378601 0.842457
vt 0.132976 0.587674
vt 0.128191 0.587674
vt 0.697597 0.397560
vt 0.697597 0.401062
vt 0.697597 0.405847
vt 0.132976 0.396277
vt 0.128191 0.396277
vt 0.132976 0.463316
vt 0.128191 0.461696
vt 0.571619 0.850745
vt 0.570434 0.847242
vt 0.570000 0.842457
vt 0.132976 0.525639
vt 0.128191 0.524757
vt 0.634680 0.850745
vt 0.634035 0.847242
vt 0.633798 0.842457
vt 0.132976 0.587674
vt 0.128191 0.587674
vt 0.697597 0.850745
vt 0.697597 0.847242
vt 0.697597 0.842457
vt 0.132976 0.649708
vt 0.128191 0.650590
vt 0.760514 0.850745
vt 0.761159 0.847242
vt 0.761396 0.842457
vt 0.823575 0.850745
vt 0.602651 0.861597
vt 0.646213 0.861597
vt 0.645971 0.856812
vt 0.601766 0.856812
vt 0.218972 0.491843
vt 0.189438 0.536047
vt 0.185853 0.535387
vt 0.216554 0.489425
vt 0.180955 0.534484
vt 0.213250 0.486122
vt 0.697597 0.861597
vt 0.697597 0.856812
vt 0.179171 0.587674
vt 0.175460 0.587674
vt 0.170391 0.587674
vt 0.748981 0.861597
vt 0.749223 0.856812
vt 0.189438 0.639300
vt 0.185853 0.639961
vt 0.180956 0.640863
vt 0.792543 0.861597
vt 0.793428 0.856812
vt 0.218972 0.683505
vt 0.216554 0.685923
vt 0.213251 0.689226
vt 0.416355 0.486121
vt 0.448650 0.534484
vt 0.443753 0.535386
vt 0.413052 0.489425
vt 0.440168 0.536047
vt 0.410634 0.491843
vt 0.601766 0.856812
vt 0.646213 0.861597
vt 0.602651 0.861597
vt 0.459215 0.587674
vt 0.454145 0.587674
vt 0.450435 0.587674
vt 0.697597 0.856812
vt 0.697597 0.861597
vt 0.448650 0.640863
vt 0.443753 0.639961
vt 0.440168 0.639300
vt 0.416355 0.689226
vt 0.413052 0.685923
vt 0.410634 0.683505
vt 0.793428 0.856812
vt 0.366187 0.861597
vt 0.409749 0.861597
vt 0.410634 0.856812
vt 0.366429 0.856812
vt 0.366429 0.713039
vt 0.367090 0.716624
vt 0.367993 0.721521
vt 0.367993 0.453826
vt 0.367090 0.458724
vt 0.366429 0.462309
vt 0.366187 0.861597
vt 0.314803 0.861597
vt 0.314803 0.856812
vt 0.314803 0.723306
vt 0.314803 0.727017
vt 0.314803 0.732086
vt 0.314803 0.443262
vt 0.314803 0.448331
vt 0.314803 0.452042
vt 0.263418 0.861597
vt 0.263176 0.856812
vt 0.263176 0.713039
vt 0.262515 0.716624
vt 0.261613 0.721521
vt 0.261613 0.453827
vt 0.262515 0.458724
vt 0.263176 0.462309
vt 0.263418 0.861597
vt 0.219857 0.861597
vt 0.218972 0.856812
vt 0.225759 0.498116
vt 0.202472 0.532848
vt 0.196611 0.534568
vt 0.222808 0.495422
vt 0.605345 0.991353
vt 0.644492 0.991353
vt 0.645751 0.987850
vt 0.603373 0.987850
vt 0.646213 0.983065
vt 0.602651 0.983065
vt 0.202472 0.642500
vt 0.225759 0.677231
vt 0.222808 0.679925
vt 0.196611 0.640779
vt 0.750702 0.991353
vt 0.789849 0.991353
vt 0.791821 0.987850
vt 0.749442 0.987850
vt 0.792543 0.983065
vt 0.748981 0.983065
vt 0.697597 0.983065
vt 0.697597 0.987850
vt 0.447604 0.587674
vt 0.437285 0.639519
vt 0.432994 0.640779
vt 0.443582 0.587674
vt 0.427133 0.642500
vt 0.438088 0.587674
vt 0.406797 0.679925
vt 0.403846 0.677231
vt 0.370163 0.699824
vt 0.368175 0.705775
vt 0.368175 0.991353
vt 0.406797 0.991353
vt 0.408958 0.987850
vt 0.366720 0.987850
vt 0.409749 0.983065
vt 0.366187 0.983065
vt 0.366187 0.983065
vt 0.409748 0.983065
vt 0.408958 0.987850
vt 0.406797 0.991353
vt 0.368175 0.991353
vt 0.368175 0.469572
vt 0.406797 0.495422
vt 0.403846 0.498116
vt 0.370163 0.475523
vt 0.314803 0.710888
vt 0.314803 0.716418
vt 0.366720 0.710132
vt 0.314803 0.720466
vt 0.314803 0.987850
vt 0.314803 0.983065
vt 0.314803 0.983065
vt 0.314803 0.987850
vt 0.314803 0.454881
vt 0.366720 0.465215
vt 0.314803 0.458929
vt 0.314803 0.464459
vt 0.263418 0.983065
vt 0.262885 0.987850
vt 0.262885 0.465215
vt 0.261430 0.469572
vt 0.259442 0.475523
vt 0.219857 0.983065
vt 0.220647 0.987850
vt 0.261430 0.991353
vt 0.222808 0.991353
vt 0.191517 0.587674
vt 0.186023 0.587674
vt 0.182001 0.587674
vt 0.192320 0.535828
vt 0.697597 0.987850
vt 0.697597 0.983065
vt 0.192320 0.639519
vt 0.602651 0.983065
vt 0.603373 0.987850
vt 0.432994 0.534568
vt 0.427133 0.532848
vt 0.437285 0.535828
vt 0.259442 0.699824
vt 0.261430 0.705775
vt 0.262886 0.710132
vt 0.262886 0.987850
vt 0.263418 0.983065
vt 0.222808 0.991353
vt 0.261430 0.991353
vt 0.220648 0.987850
vt 0.124685 0.842457
vt 0.506201 0.692143
vt 0.314803 0.692143
vt 0.314803 0.695646
vt 0.506201 0.695646
vt 0.314803 0.700431
vt 0.506201 0.700431
vt 0.208128 0.397684
vt 0.804272 0.397684
vt 0.206830 0.587674
vt 0.202045 0.587674
vt 0.206830 0.396277
vt 0.202045 0.396277
vt 0.212894 0.793545
vt 0.213035 0.405847
vt 0.506201 0.681291
vt 0.314803 0.681291
vt 0.314803 0.686076
vt 0.506201 0.686076
vt 0.314803 0.689579
vt 0.506201 0.689579
vt 0.506201 0.798330
vt 0.314803 0.798330
vt 0.314803 0.793545
vt 0.506201 0.793545
vt 0.221185 0.587674
vt 0.216400 0.587674
vt 0.212897 0.587674
vt 0.212894 0.681291
vt 0.697597 0.798330
vt 0.697597 0.793545
vt 0.221185 0.396277
vt 0.216400 0.396277
vt 0.212897 0.396277
vt 0.825194 0.825330
vt 0.187205 0.825330
vt 0.187205 0.396277
vt 0.506201 0.715271
vt 0.251004 0.825330
vt 0.761396 0.825330
vt 0.251004 0.396277
vt 0.378601 0.396277
vt 0.442400 0.396277
vt 0.506201 0.460076
vt 0.506201 0.523875
vt 0.506201 0.651472
vt 0.633800 0.825330
vt 0.697599 0.787294
vt 0.570002 0.825330
vt 0.774675 0.587674
vt 0.767998 0.654811
vt 0.697599 0.660342
vt 0.697599 0.587674
vt 0.627200 0.654811
vt 0.620522 0.587674
vt 0.767998 0.520537
vt 0.697599 0.515005
vt 0.627200 0.520537
vt 0.697599 0.396277
vt 0.791217 0.405847
vt 0.797299 0.401171
vt 0.799188 0.401315
vt 0.795914 0.405847
vt 0.795914 0.689441
vt 0.799188 0.690853
vt 0.800778 0.689262
vt 0.799366 0.685988
vt 0.802193 0.687374
vt 0.802393 0.692467
vt 0.805680 0.694348
vt 0.810356 0.700431
vt 0.804274 0.695755
vt 0.797299 0.692267
vt 0.879425 0.769500
vt 0.884204 0.769500
vt 0.884002 0.774076
vt 0.879425 0.774279
vt 0.884002 0.776549
vt 0.879425 0.777791
vt 0.879425 0.842457
vt 0.879425 0.847236
vt 0.884002 0.847034
vt 0.884204 0.842457
vt 0.879425 0.405847
vt 0.884204 0.405847
vt 0.884002 0.401271
vt 0.879425 0.401069
vt 0.884002 0.398798
vt 0.879425 0.397556
vt 0.879425 0.769500
vt 0.879425 0.774279
vt 0.884204 0.769500
vt 0.791217 0.793545
vt 0.795995 0.793545
vt 0.795793 0.798122
vt 0.791217 0.798324
vt 0.791217 0.689583
vt 0.795793 0.688341
vt 0.795793 0.685868
vt 0.791217 0.686070
vt 0.791217 0.681291
vt 0.795995 0.681291
vt 0.879425 0.787294
vt 0.884210 0.787294
vt 0.887713 0.787294
vt 0.887717 0.405847
vt 0.879425 0.712031
vt 0.884210 0.713651
vt 0.887713 0.714837
vt 0.887717 0.769500
vt 0.573241 0.769500
vt 0.571621 0.774285
vt 0.571621 0.850745
vt 0.570436 0.847242
vt 0.570002 0.842457
vt 0.697599 0.774285
vt 0.697599 0.769500
vt 0.697599 0.401062
vt 0.697599 0.397560
vt 0.697599 0.405847
vt 0.823576 0.774285
vt 0.821957 0.769500
vt 0.824762 0.777788
vt 0.825196 0.842457
vt 0.824762 0.847242
vt 0.760516 0.774285
vt 0.759634 0.769500
vt 0.823576 0.850745
vt 0.761161 0.847242
vt 0.760516 0.850745
vt 0.761398 0.842457
vt 0.697599 0.847242
vt 0.697599 0.850745
vt 0.697599 0.842457
vt 0.634682 0.774285
vt 0.635564 0.769500
vt 0.634036 0.847242
vt 0.634682 0.850745
vt 0.633800 0.842457
vt 0.884210 0.587674
vt 0.879425 0.587674
vt 0.884210 0.396277
vt 0.879425 0.396277
vt 0.884210 0.461696
vt 0.879425 0.463316
vt 0.884210 0.524757
vt 0.879425 0.525639
vt 0.884210 0.587674
vt 0.879425 0.587674
vt 0.884210 0.650590
vt 0.879425 0.649708
vt 0.793430 0.491843
vt 0.795848 0.489425
vt 0.826549 0.535387
vt 0.822964 0.536047
vt 0.799151 0.486122
vt 0.831446 0.534484
vt 0.836942 0.587674
vt 0.833231 0.587674
vt 0.842011 0.587674
vt 0.826549 0.639961
vt 0.822964 0.639300
vt 0.831446 0.640863
vt 0.795848 0.685923
vt 0.793430 0.683505
vt 0.799151 0.689226
vt 0.596047 0.486121
vt 0.599350 0.489425
vt 0.568649 0.535386
vt 0.563752 0.534484
vt 0.601768 0.491843
vt 0.572234 0.536047
vt 0.558256 0.587674
vt 0.553187 0.587674
vt 0.561967 0.587674
vt 0.568649 0.639961
vt 0.563752 0.640863
vt 0.572234 0.639300
vt 0.599350 0.685923
vt 0.596047 0.689226
vt 0.601768 0.683505
vt 0.646215 0.861597
vt 0.645973 0.856812
vt 0.601768 0.856812
vt 0.602653 0.861597
vt 0.645973 0.713039
vt 0.645312 0.716624
vt 0.644409 0.721521
vt 0.644409 0.453826
vt 0.645312 0.458724
vt 0.645973 0.462309
vt 0.646215 0.861597
vt 0.697599 0.861597
vt 0.697599 0.856812
vt 0.697599 0.723306
vt 0.697599 0.727017
vt 0.697599 0.732086
vt 0.697599 0.443262
vt 0.697599 0.448331
vt 0.697599 0.452042
vt 0.748983 0.861597
vt 0.749225 0.856812
vt 0.749225 0.713039
vt 0.749886 0.716624
vt 0.750789 0.721521
vt 0.750789 0.453827
vt 0.749886 0.458724
vt 0.749225 0.462309
vt 0.748983 0.861597
vt 0.792545 0.861597
vt 0.793430 0.856812
vt 0.786643 0.498116
vt 0.789594 0.495422
vt 0.815791 0.534568
vt 0.809930 0.532848
vt 0.809930 0.642500
vt 0.815791 0.640779
vt 0.789594 0.679925
vt 0.786642 0.677231
vt 0.564797 0.587674
vt 0.568819 0.587674
vt 0.579407 0.640779
vt 0.575117 0.639519
vt 0.574314 0.587674
vt 0.585268 0.642500
vt 0.608555 0.677231
vt 0.605604 0.679925
vt 0.642238 0.699824
vt 0.644226 0.705775
vt 0.644226 0.991353
vt 0.645682 0.987850
vt 0.603444 0.987850
vt 0.605604 0.991353
vt 0.646215 0.983065
vt 0.602653 0.983065
vt 0.646215 0.983065
vt 0.603444 0.987850
vt 0.602653 0.983065
vt 0.644226 0.991353
vt 0.605604 0.991353
vt 0.644226 0.469572
vt 0.642238 0.475523
vt 0.608555 0.498116
vt 0.605604 0.495422
vt 0.697599 0.710888
vt 0.697599 0.716418
vt 0.697599 0.720466
vt 0.645682 0.710132
vt 0.697599 0.987850
vt 0.697599 0.983065
vt 0.697599 0.983065
vt 0.697599 0.987850
vt 0.697599 0.454881
vt 0.697599 0.458929
vt 0.645682 0.465215
vt 0.697599 0.464459
vt 0.748983 0.983065
vt 0.749516 0.987850
vt 0.749516 0.465215
vt 0.750972 0.469572
vt 0.752960 0.475523
vt 0.792545 0.983065
vt 0.791754 0.987850
vt 0.789594 0.991353
vt 0.750972 0.991353
vt 0.826379 0.587674
vt 0.820884 0.587674
vt 0.820081 0.535828
vt 0.830401 0.587674
vt 0.820081 0.639519
vt 0.585268 0.532848
vt 0.579407 0.534568
vt 0.575117 0.535828
vt 0.752960 0.699824
vt 0.750971 0.705775
vt 0.749516 0.710132
vt 0.748983 0.983065
vt 0.789594 0.991353
vt 0.791754 0.987850
vt 0.750971 0.991353
vt 0.887717 0.842457
vt 0.697599 0.695646
vt 0.697599 0.692143
vt 0.697599 0.700431
vt 0.804274 0.397684
vt 0.810356 0.587674
vt 0.805571 0.587674
vt 0.810356 0.396277
vt 0.805571 0.396277
vt 0.799366 0.405847
vt 0.799508 0.793545
vt 0.697599 0.686076
vt 0.697599 0.681291
vt 0.697599 0.689579
vt 0.697599 0.793545
vt 0.697599 0.798330
vt 0.796001 0.587674
vt 0.791217 0.587674
vt 0.799508 0.681291
vt 0.799504 0.587674
vt 0.796001 0.396277
vt 0.791217 0.396277
vt 0.799504 0.396277
vt 0.825196 0.825330
vt 0.825196 0.396277
vt 0.761398 0.825330
vt 0.761398 0.396277
vt 0.633800 0.396277
vt 0.570002 0.396277
vt 0.442402 0.825330
vt 0.314805 0.787294
vt 0.378603 0.825330
vt 0.237726 0.204881
vt 0.244403 0.137744
vt 0.314803 0.132213
vt 0.314803 0.204881
vt 0.385202 0.137744
vt 0.391879 0.204881
vt 0.244403 0.272018
vt 0.314803 0.277550
vt 0.385202 0.272018
vt 0.506201 0.204881
vt 0.314803 0.204881
vt 0.216488 0.103114
vt 0.213214 0.101702
vt 0.211624 0.103293
vt 0.213035 0.106566
vt 0.221187 0.405847
vt 0.216490 0.405847
vt 0.213216 0.401315
vt 0.215104 0.401171
vt 0.210209 0.105181
vt 0.210009 0.100087
vt 0.206722 0.098206
vt 0.202045 0.092124
vt 0.208128 0.096800
vt 0.215103 0.100288
vt 0.132978 0.842457
vt 0.128200 0.842457
vt 0.128402 0.847034
vt 0.132978 0.847236
vt 0.128402 0.849507
vt 0.132978 0.850749
vt 0.132976 0.023055
vt 0.128198 0.023055
vt 0.128400 0.018479
vt 0.132976 0.018276
vt 0.128400 0.016006
vt 0.132976 0.014764
vt 0.124687 0.842457
vt 0.125929 0.847034
vt 0.132978 0.405847
vt 0.132978 0.401069
vt 0.128402 0.401271
vt 0.128200 0.405847
vt 0.125929 0.401271
vt 0.124687 0.405847
vt 0.132976 0.023055
vt 0.128198 0.023055
vt 0.132978 0.397556
vt 0.128402 0.398798
vt 0.221187 0.793545
vt 0.221187 0.798324
vt 0.216610 0.798122
vt 0.216408 0.793545
vt 0.214137 0.798122
vt 0.212896 0.793545
vt 0.221185 0.102972
vt 0.216608 0.104214
vt 0.216608 0.106687
vt 0.221185 0.106485
vt 0.221185 0.111264
vt 0.216406 0.111264
vt 0.221187 0.801837
vt 0.216610 0.800595
vt 0.128193 0.787294
vt 0.132978 0.787294
vt 0.132976 0.080523
vt 0.128191 0.078904
vt 0.124689 0.077718
vt 0.124685 0.023055
vt 0.187641 0.847242
vt 0.187207 0.842457
vt 0.439160 0.023055
vt 0.440780 0.018270
vt 0.506201 0.018270
vt 0.506201 0.023055
vt 0.314803 0.018270
vt 0.314803 0.023055
vt 0.188825 0.018270
vt 0.190445 0.023055
vt 0.187639 0.014767
vt 0.251886 0.018270
vt 0.252768 0.023055
vt 0.377719 0.018270
vt 0.376837 0.023055
vt 0.128191 0.204881
vt 0.132976 0.204881
vt 0.314805 0.401062
vt 0.314805 0.397560
vt 0.314805 0.405847
vt 0.128191 0.330859
vt 0.132976 0.329239
vt 0.441968 0.847242
vt 0.440782 0.850745
vt 0.442402 0.842457
vt 0.128191 0.267798
vt 0.132976 0.266916
vt 0.378367 0.847242
vt 0.377721 0.850745
vt 0.378603 0.842457
vt 0.314805 0.847242
vt 0.314805 0.850745
vt 0.314805 0.842457
vt 0.128191 0.141965
vt 0.132976 0.142847
vt 0.251242 0.847242
vt 0.251888 0.850745
vt 0.251006 0.842457
vt 0.188827 0.850745
vt 0.409750 0.861597
vt 0.410636 0.856812
vt 0.366431 0.856812
vt 0.366189 0.861597
vt 0.218972 0.300712
vt 0.216554 0.303130
vt 0.185853 0.257168
vt 0.189438 0.256508
vt 0.213250 0.306433
vt 0.180955 0.258071
vt 0.314805 0.856812
vt 0.314805 0.861597
vt 0.175460 0.204881
vt 0.179171 0.204881
vt 0.170391 0.204881
vt 0.263178 0.856812
vt 0.263420 0.861597
vt 0.185853 0.152594
vt 0.189438 0.153255
vt 0.180956 0.151691
vt 0.218974 0.856812
vt 0.219859 0.861597
vt 0.216554 0.106632
vt 0.218972 0.109050
vt 0.213251 0.103329
vt 0.416355 0.306433
vt 0.413052 0.303130
vt 0.443753 0.257168
vt 0.448650 0.258071
vt 0.410634 0.300712
vt 0.440168 0.256508
vt 0.410636 0.856812
vt 0.409751 0.861597
vt 0.454145 0.204881
vt 0.459215 0.204881
vt 0.450435 0.204881
vt 0.443753 0.152594
vt 0.448650 0.151691
vt 0.440168 0.153255
vt 0.413052 0.106632
vt 0.416355 0.103329
vt 0.410634 0.109050
vt 0.219859 0.861597
vt 0.366429 0.079516
vt 0.367090 0.075931
vt 0.367993 0.071034
vt 0.367993 0.338728
vt 0.367090 0.333831
vt 0.366429 0.330246
vt 0.314803 0.069249
vt 0.314803 0.065538
vt 0.314803 0.060469
vt 0.314803 0.349293
vt 0.314803 0.344224
vt 0.314803 0.340513
vt 0.263176 0.079516
vt 0.262515 0.075931
vt 0.261613 0.071034
vt 0.261613 0.338728
vt 0.262515 0.333831
vt 0.263176 0.330246
vt 0.225759 0.294439
vt 0.222808 0.297133
vt 0.196611 0.257986
vt 0.202472 0.259707
vt 0.407056 0.991353
vt 0.409029 0.987850
vt 0.366650 0.987850
vt 0.367910 0.991353
vt 0.409750 0.983065
vt 0.366189 0.983065
vt 0.202472 0.150055
vt 0.196611 0.151776
vt 0.222808 0.112630
vt 0.225759 0.115324
vt 0.261699 0.991353
vt 0.262959 0.987850
vt 0.220581 0.987850
vt 0.222553 0.991353
vt 0.263420 0.983065
vt 0.219859 0.983065
vt 0.314805 0.983065
vt 0.314805 0.987850
vt 0.447604 0.204881
vt 0.443582 0.204881
vt 0.432994 0.151776
vt 0.437285 0.153036
vt 0.438088 0.204881
vt 0.427133 0.150055
vt 0.261699 0.991353
vt 0.222553 0.991353
vt 0.403846 0.115324
vt 0.406797 0.112630
vt 0.370163 0.092731
vt 0.368175 0.086779
vt 0.368175 0.322983
vt 0.370163 0.317032
vt 0.403846 0.294439
vt 0.406797 0.297133
vt 0.314803 0.081667
vt 0.314803 0.076137
vt 0.314803 0.072089
vt 0.366720 0.082423
vt 0.314803 0.337673
vt 0.314803 0.333625
vt 0.366720 0.327340
vt 0.314803 0.328096
vt 0.262885 0.327340
vt 0.261430 0.322983
vt 0.259442 0.317032
vt 0.186023 0.204881
vt 0.191517 0.204881
vt 0.192320 0.256727
vt 0.182001 0.204881
vt 0.192320 0.153036
vt 0.409751 0.983065
vt 0.409029 0.987850
vt 0.427133 0.259707
vt 0.432994 0.257986
vt 0.437285 0.256727
vt 0.259442 0.092731
vt 0.261430 0.086779
vt 0.262886 0.082423
vt 0.506201 0.100412
vt 0.506201 0.096909
vt 0.314803 0.096909
vt 0.314803 0.100412
vt 0.506201 0.092124
vt 0.314803 0.092124
vt 0.208130 0.397684
vt 0.202045 0.204881
vt 0.206830 0.204881
vt 0.506201 0.111264
vt 0.506201 0.106479
vt 0.314803 0.106479
vt 0.314803 0.111264
vt 0.506201 0.102976
vt 0.314803 0.102976
vt 0.216400 0.204881
vt 0.221185 0.204881
vt 0.212894 0.111264
vt 0.212897 0.204881
vt 0.314805 0.793545
vt 0.314805 0.798330
vt 0.187207 0.825330
vt 0.506201 0.077284
vt 0.251006 0.825330
vt 0.506201 0.268680
vt 0.506201 0.332479
vt 0.506201 0.141083
vt 0.774675 0.204881
vt 0.697599 0.204881
vt 0.697599 0.132213
vt 0.767998 0.137744
vt 0.620522 0.204881
vt 0.627200 0.137744
vt 0.767998 0.272018
vt 0.697599 0.277550
vt 0.627200 0.272018
vt 0.795914 0.103114
vt 0.799366 0.106566
vt 0.800778 0.103293
vt 0.799188 0.101702
vt 0.802193 0.105181
vt 0.805680 0.098206
vt 0.802393 0.100087
vt 0.810356 0.092124
vt 0.804274 0.096800
vt 0.797299 0.100288
vt 0.879425 0.023055
vt 0.879425 0.018276
vt 0.884002 0.018479
vt 0.884204 0.023055
vt 0.879425 0.014764
vt 0.884002 0.016006
vt 0.879425 0.023055
vt 0.884204 0.023055
vt 0.791217 0.102972
vt 0.791217 0.106485
vt 0.795793 0.106687
vt 0.795793 0.104214
vt 0.791217 0.111264
vt 0.795995 0.111264
vt 0.879425 0.080523
vt 0.884210 0.078904
vt 0.887717 0.023055
vt 0.887713 0.077718
vt 0.573241 0.023055
vt 0.571621 0.018270
vt 0.697599 0.023055
vt 0.697599 0.018270
vt 0.821957 0.023055
vt 0.823576 0.018270
vt 0.824762 0.014767
vt 0.759634 0.023055
vt 0.760516 0.018270
vt 0.635564 0.023055
vt 0.634682 0.018270
vt 0.879425 0.204881
vt 0.884210 0.204881
vt 0.879425 0.329239
vt 0.884210 0.330859
vt 0.879425 0.266916
vt 0.884210 0.267798
vt 0.879425 0.142847
vt 0.884210 0.141965
vt 0.793430 0.300712
vt 0.822964 0.256508
vt 0.826549 0.257168
vt 0.795848 0.303130
vt 0.831446 0.258071
vt 0.799151 0.306433
vt 0.833231 0.204881
vt 0.836942 0.204881
vt 0.842011 0.204881
vt 0.822964 0.153255
vt 0.826549 0.152594
vt 0.831446 0.151691
vt 0.793430 0.109050
vt 0.795848 0.106632
vt 0.799151 0.103329
vt 0.596047 0.306433
vt 0.563752 0.258071
vt 0.568649 0.257168
vt 0.599350 0.303130
vt 0.572234 0.256508
vt 0.601768 0.300712
vt 0.553187 0.204881
vt 0.558256 0.204881
vt 0.561967 0.204881
vt 0.563752 0.151691
vt 0.568649 0.152594
vt 0.572234 0.153255
vt 0.596047 0.103329
vt 0.599350 0.106632
vt 0.601768 0.109050
vt 0.645973 0.079516
vt 0.645312 0.075931
vt 0.644409 0.071034
vt 0.644409 0.338728
vt 0.645312 0.333831
vt 0.645973 0.330246
vt 0.697599 0.069249
vt 0.697599 0.065538
vt 0.697599 0.060469
vt 0.697599 0.349293
vt 0.697599 0.344224
vt 0.697599 0.340513
vt 0.749225 0.079516
vt 0.749886 0.075931
vt 0.750789 0.071034
vt 0.750789 0.338728
vt 0.749886 0.333831
vt 0.749225 0.330246
vt 0.786643 0.294439
vt 0.809930 0.259707
vt 0.815791 0.257986
vt 0.789594 0.297133
vt 0.809930 0.150055
vt 0.786642 0.115324
vt 0.789594 0.112630
vt 0.815791 0.151776
vt 0.564797 0.204881
vt 0.575117 0.153036
vt 0.579407 0.151776
vt 0.568819 0.204881
vt 0.585268 0.150055
vt 0.574314 0.204881
vt 0.605604 0.112630
vt 0.608555 0.115324
vt 0.642238 0.092731
vt 0.644226 0.086779
vt 0.644226 0.322983
vt 0.605604 0.297133
vt 0.608555 0.294439
vt 0.642238 0.317032
vt 0.697599 0.081667
vt 0.697599 0.076137
vt 0.645682 0.082423
vt 0.697599 0.072089
vt 0.697599 0.337673
vt 0.645682 0.327340
vt 0.697599 0.333625
vt 0.697599 0.328096
vt 0.749516 0.327340
vt 0.750972 0.322983
vt 0.752960 0.317032
vt 0.820884 0.204881
vt 0.826379 0.204881
vt 0.830401 0.204881
vt 0.820081 0.256727
vt 0.820081 0.153036
vt 0.579407 0.257986
vt 0.585268 0.259707
vt 0.575117 0.256727
vt 0.752960 0.092731
vt 0.750971 0.086779
vt 0.749516 0.082423
vt 0.697599 0.100412
vt 0.697599 0.096909
vt 0.697599 0.092124
vt 0.805571 0.204881
vt 0.810356 0.204881
vt 0.697599 0.111264
vt 0.697599 0.106479
vt 0.697599 0.102976
vt 0.791217 0.204881
vt 0.796001 0.204881
vt 0.799504 0.204881
vt 0.799508 0.111264
s 1
f 26/1/1 27/2/1 22/3/1 25/4/1
f 28/5/2 29/6/2 30/7/2 21/3/2
f 13/8/3 16/9/3 15/10/3 12/11/3
f 16/9/3 19/12/3 18/13/3 15/10/3
f 14/14/3 17/15/3 16/9/3 13/8/3
f 17/15/3 20/16/3 19/12/3 16/9/3
f 34/17/4 36/18/4 33/19/4 35/20/4
f 37/21/5 40/22/6 42/23/7 41/24/8
f 40/25/6 44/26/9 45/27/10 42/28/7
f 38/29/11 43/30/12 45/31/10 44/32/9
f 43/33/12 47/34/13 48/35/14 45/27/10
f 39/36/15 46/37/16 48/35/14 47/34/13
f 46/37/16 41/38/8 42/28/7 48/35/14
f 42/28/7 45/27/10 48/35/14
f 49/39/17 52/40/18 54/41/19 53/42/20
f 52/40/18 56/43/21 57/44/22 54/41/19
f 50/45/23 55/46/24 57/47/22 56/48/21
f 55/46/24 59/49/25 60/50/26 57/47/22
f 51/51/27 58/52/28 60/53/26 59/54/25
f 58/55/28 53/42/20 54/41/19 60/56/26
f 54/41/19 57/44/22 60/56/26
f 265/57/29 268/58/30 270/59/31 269/60/32
f 268/58/30 272/61/33 273/62/34 270/59/31
f 266/63/35 271/64/36 273/65/34 272/66/33
f 271/64/36 275/67/37 276/68/38 273/65/34
f 267/69/39 274/70/40 276/47/38 275/71/37
f 274/72/40 269/60/32 270/59/31 276/73/38
f 270/59/31 273/62/34 276/73/38
f 301/74/41 304/75/42 306/76/43 305/77/44
f 304/75/42 308/78/45 309/79/46 306/76/43
f 302/80/47 307/81/48 309/82/46 308/83/45
f 307/84/48 311/85/49 312/86/50 309/87/46
f 303/88/51 310/89/52 312/86/50 311/85/49
f 310/90/52 305/77/44 306/76/43 312/91/50
f 306/76/43 309/79/46 312/91/50
f 254/92/53 266/63/35 272/66/33 256/93/54
f 256/93/54 272/66/33 268/94/30 255/95/55
f 255/96/55 268/58/30 265/57/29 253/97/56
f 122/98/57 50/45/23 56/48/21 124/99/58
f 124/99/58 56/48/21 52/100/18 123/101/59
f 123/102/59 52/40/18 49/39/17 121/103/60
f 98/104/61 73/105/62 75/106/63 100/107/64
f 100/108/64 75/109/63 76/110/65 99/111/66
f 99/111/66 76/110/65 74/112/67 97/113/68
f 257/105/69 261/114/70 263/115/71 259/106/71
f 259/116/71 263/117/71 264/118/72 260/119/72
f 260/119/72 264/118/72 262/120/73 258/121/73
f 261/114/70 267/69/39 275/71/37 263/115/71
f 263/117/71 275/67/37 271/64/36 264/118/72
f 264/118/72 271/64/36 266/63/35 262/120/73
f 50/45/23 81/122/74 83/123/75 55/46/24
f 55/46/24 83/123/75 84/124/76 59/49/25
f 59/54/25 84/125/76 82/126/77 51/51/27
f 81/122/74 85/127/78 87/128/79 83/123/75
f 83/129/75 87/130/79 88/131/80 84/125/76
f 84/125/76 88/131/80 86/132/68 82/126/77
f 85/127/78 89/114/81 91/115/82 87/128/79
f 87/130/79 91/133/82 92/134/80 88/131/80
f 88/131/80 92/134/80 90/135/83 86/132/68
f 89/114/81 93/136/78 95/137/84 91/115/82
f 91/133/82 95/138/84 96/139/85 92/134/80
f 92/134/80 96/139/85 94/140/68 90/135/83
f 93/136/78 98/104/61 100/107/64 95/137/84
f 95/138/84 100/108/64 99/111/66 96/139/85
f 96/139/85 99/111/66 97/113/68 94/140/68
f 267/69/39 277/141/86 279/142/87 274/70/40
f 274/72/40 279/143/87 280/144/88 269/60/32
f 269/60/32 280/144/88 278/145/89 265/57/29
f 277/141/86 61/146/90 63/147/87 279/142/87
f 279/143/87 63/116/87 64/119/91 280/144/88
f 280/144/88 64/119/91 62/121/89 278/145/89
f 66/146/92 105/148/93 107/149/94 68/147/95
f 68/109/95 107/150/94 108/151/96 67/110/97
f 67/110/97 108/151/96 106/152/98 65/112/99
f 105/148/93 109/153/100 111/154/101 107/149/94
f 107/150/94 111/155/101 112/156/102 108/151/96
f 108/151/96 112/156/102 110/157/98 106/152/98
f 109/153/100 113/158/103 115/159/104 111/154/101
f 111/155/101 115/160/104 116/161/102 112/156/102
f 112/156/102 116/161/102 114/162/105 110/157/98
f 113/158/103 117/163/100 119/164/101 115/159/104
f 115/160/104 119/165/101 120/166/106 116/161/102
f 116/161/102 120/166/106 118/167/98 114/162/105
f 117/163/100 122/98/57 124/99/58 119/164/101
f 119/165/101 124/168/58 123/102/59 120/166/106
f 120/166/106 123/102/59 121/103/60 118/167/98
f 126/169/107 129/170/108 131/171/109 128/172/110
f 128/173/110 131/174/109 132/175/111 127/176/112
f 127/176/112 132/175/111 130/177/113 125/178/114
f 129/170/108 133/179/115 135/180/116 131/171/109
f 131/174/109 135/181/116 136/182/117 132/175/111
f 132/175/111 136/182/117 134/183/118 130/177/113
f 133/179/115 137/184/119 139/185/120 135/180/116
f 135/181/116 139/186/120 140/187/121 136/182/117
f 136/182/117 140/187/121 138/188/122 134/183/118
f 137/184/119 141/189/123 143/190/124 139/185/120
f 139/186/120 143/191/124 144/192/125 140/187/121
f 140/187/121 144/192/125 142/193/126 138/188/122
f 170/194/127 173/195/128 175/196/129 172/197/130
f 172/197/130 175/196/129 176/198/131 171/199/132
f 171/200/132 176/171/131 174/201/133 169/202/134
f 173/195/128 177/203/135 179/204/136 175/196/129
f 175/196/129 179/204/136 180/205/137 176/198/131
f 176/171/131 180/206/137 178/207/138 174/201/133
f 177/203/135 181/208/139 183/209/140 179/204/136
f 179/204/136 183/209/140 184/210/141 180/205/137
f 180/206/137 184/185/141 182/184/142 178/207/138
f 181/208/139 185/211/143 187/212/144 183/209/140
f 183/209/140 187/212/144 188/213/145 184/210/141
f 184/185/141 188/214/145 186/189/146 182/184/142
f 166/215/147 186/216/146 188/217/145 168/218/148
f 168/219/148 188/213/145 187/212/144 167/220/149
f 167/220/149 187/212/144 185/211/143 165/221/150
f 162/222/151 170/194/127 172/197/130 164/223/152
f 164/223/152 172/197/130 171/199/132 163/224/153
f 163/218/153 171/217/132 169/216/134 161/225/154
f 158/226/155 166/215/147 168/218/148 160/227/156
f 160/228/156 168/219/148 167/220/149 159/229/157
f 159/229/157 167/220/149 165/221/150 157/230/158
f 154/231/159 162/222/151 164/223/152 156/232/160
f 156/232/160 164/223/152 163/224/153 155/233/161
f 155/227/161 163/218/153 161/225/154 153/226/162
f 150/234/163 158/226/155 160/227/156 152/235/164
f 152/236/164 160/228/156 159/229/157 151/237/165
f 151/237/165 159/229/157 157/230/158 149/238/166
f 146/239/167 154/231/159 156/232/160 148/240/168
f 148/240/168 156/232/160 155/233/161 147/241/169
f 147/235/169 155/227/161 153/226/162 145/242/170
f 141/243/123 150/234/163 152/235/164 143/244/124
f 143/191/124 152/236/164 151/237/165 144/192/125
f 144/192/125 151/237/165 149/238/166 142/193/126
f 125/178/114 146/239/167 148/240/168 127/176/112
f 127/176/112 148/240/168 147/241/169 128/173/110
f 128/244/110 147/235/169 145/242/170 126/243/107
f 190/245/171 193/246/172 195/247/173 192/248/174
f 192/249/174 195/250/173 196/251/175 191/252/176
f 191/252/176 196/251/175 194/253/177 189/254/178
f 198/255/179 201/256/180 203/257/181 200/258/182
f 200/259/182 203/260/181 204/261/183 199/262/184
f 199/262/184 204/261/183 202/263/185 197/264/186
f 230/265/187 233/264/188 235/262/189 232/266/190
f 232/267/190 235/268/189 236/269/191 231/270/192
f 231/270/192 236/269/191 234/271/193 229/272/194
f 233/264/188 237/263/195 239/261/196 235/262/189
f 235/262/189 239/261/196 240/260/197 236/259/191
f 236/269/191 240/273/197 238/274/198 234/271/193
f 222/275/199 238/274/198 240/273/197 224/276/200
f 224/277/200 240/278/197 239/279/196 223/280/201
f 223/280/201 239/279/196 237/281/195 221/282/202
f 218/283/203 226/284/204 228/285/205 220/280/206
f 220/280/206 228/285/205 227/286/207 219/287/208
f 219/288/208 227/289/207 225/290/209 217/291/210
f 214/292/211 222/275/199 224/276/200 216/293/212
f 216/293/212 224/276/200 223/294/201 215/295/213
f 215/296/213 223/280/201 221/282/202 213/297/214
f 210/298/215 218/283/203 220/280/206 212/299/216
f 212/300/216 220/301/206 219/288/208 211/302/217
f 211/302/217 219/288/208 217/291/210 209/303/218
f 206/304/219 210/298/215 212/299/216 208/305/220
f 208/306/220 212/300/216 211/302/217 207/307/221
f 207/307/221 211/302/217 209/303/218 205/308/222
f 189/309/178 206/304/219 208/305/220 191/310/176
f 191/310/176 208/305/220 207/311/221 192/312/174
f 192/248/174 207/307/221 205/308/222 190/245/171
f 193/246/172 241/313/223 243/314/224 195/247/173
f 195/247/173 243/314/224 244/315/225 196/316/175
f 196/251/175 244/317/225 242/318/226 194/253/177
f 241/313/223 198/255/179 200/258/182 243/314/224
f 243/314/224 200/258/182 199/319/184 244/315/225
f 244/317/225 199/262/184 197/264/186 242/318/226
f 226/320/204 249/253/227 251/251/228 228/321/205
f 228/321/205 251/251/228 252/250/229 227/249/207
f 227/289/207 252/322/229 250/323/230 225/290/209
f 249/253/227 230/265/187 232/266/190 251/251/228
f 251/324/228 232/267/190 231/270/192 252/322/229
f 252/322/229 231/270/192 229/272/194 250/323/230
f 246/325/231 214/292/211 216/293/212 248/326/232
f 248/326/232 216/293/212 215/295/213 247/327/233
f 247/328/233 215/296/213 213/297/214 245/329/234
f 201/256/180 246/325/231 248/326/232 203/257/181
f 203/330/181 248/331/232 247/328/233 204/332/183
f 204/332/183 247/328/233 245/329/234 202/309/185
f 51/51/27 254/92/53 256/93/54 58/52/28
f 58/52/28 256/93/54 255/95/55 53/333/20
f 53/42/20 255/96/55 253/97/56 49/39/17
f 69/121/235 77/120/236 79/118/237 71/119/238
f 71/334/238 79/335/237 80/336/239 72/337/240
f 72/337/240 80/336/239 78/338/241 70/339/242
f 77/120/236 37/21/5 41/24/8 79/118/237
f 79/118/237 41/24/8 46/340/16 80/117/239
f 80/336/239 46/37/16 39/36/15 78/338/241
f 38/29/11 101/145/243 103/144/244 43/30/12
f 43/30/12 103/144/244 104/143/245 47/341/13
f 47/34/13 104/342/245 102/343/246 39/36/15
f 101/145/243 281/121/247 283/119/248 103/144/244
f 103/144/244 283/119/248 284/116/249 104/143/245
f 104/342/245 284/344/249 282/345/250 102/343/246
f 37/21/5 302/80/47 308/83/45 40/22/6
f 40/22/6 308/83/45 304/346/42 44/347/9
f 44/32/9 304/75/42 301/74/41 38/29/11
f 289/348/251 293/349/251 295/350/240 291/351/240
f 291/351/240 295/350/240 296/352/238 292/353/238
f 292/354/238 296/355/238 294/356/235 290/357/235
f 293/349/251 303/88/51 311/85/49 295/350/240
f 295/350/240 311/85/49 307/84/48 296/352/238
f 296/355/238 307/81/48 302/80/47 294/356/235
f 303/88/51 297/358/252 299/359/249 310/89/52
f 310/89/52 299/359/249 300/360/248 305/361/44
f 305/77/44 300/362/248 298/363/247 301/74/41
f 297/358/252 285/364/252 287/365/249 299/359/249
f 299/359/249 287/365/249 288/366/248 300/360/248
f 300/362/248 288/354/248 286/357/247 298/363/247
f 37/21/5 77/120/236 294/356/235 302/80/47
f 39/36/15 102/343/246 277/141/86 267/69/39
f 78/338/241 39/36/15 267/69/39 261/114/70
f 101/145/243 38/29/11 301/74/41 298/363/247
f 121/103/60 49/39/17 253/97/56 32/367/2
f 50/45/23 122/98/57 142/193/126 81/122/74
f 51/51/27 82/126/77 23/368/1 254/92/53
f 62/121/89 21/3/2 30/7/2 278/145/89
f 282/345/250 61/146/90 277/141/86 102/343/246
f 105/148/93 66/146/92 2/369/3 125/178/114
f 65/112/99 106/152/98 28/5/2 21/3/2
f 70/339/242 78/338/241 261/114/70 257/105/69
f 77/120/236 69/121/235 290/357/235 294/356/235
f 97/113/68 74/112/67 22/3/1 27/2/1
f 98/104/61 185/211/143 11/370/3 73/105/62
f 82/126/77 86/132/68 24/371/1 23/368/1
f 81/122/74 142/193/126 149/238/166 85/127/78
f 86/132/68 90/135/83 25/4/1 24/371/1
f 85/127/78 149/238/166 157/230/158 89/114/81
f 90/135/83 94/140/68 26/1/1 25/4/1
f 89/114/81 157/230/158 165/221/150 93/136/78
f 94/140/68 97/113/68 27/2/1 26/1/1
f 93/136/78 165/221/150 185/211/143 98/104/61
f 281/121/247 101/145/243 298/363/247 286/357/247
f 106/152/98 110/157/98 29/6/2 28/5/2
f 109/153/100 105/148/93 125/178/114 130/177/113
f 110/157/98 114/162/105 30/7/2 29/6/2
f 113/158/103 109/153/100 130/177/113 134/183/118
f 114/162/105 118/167/98 31/372/2 30/7/2
f 117/163/100 113/158/103 134/183/118 138/188/122
f 118/167/98 121/103/60 32/367/2 31/372/2
f 122/98/57 117/163/100 138/188/122 142/193/126
f 125/178/114 2/369/3 3/373/3 146/239/167
f 126/243/107 145/242/170 206/304/219 189/309/178
f 129/170/108 126/169/107 189/254/178 194/253/177
f 133/179/115 129/170/108 194/253/177 242/318/226
f 137/184/119 133/179/115 242/318/226 197/264/186
f 141/189/123 137/184/119 197/264/186 202/263/185
f 150/234/163 141/243/123 202/309/185 245/329/234
f 146/239/167 3/373/3 4/19/3 154/231/159
f 145/242/170 153/226/162 210/298/215 206/304/219
f 158/226/155 150/234/163 245/329/234 213/297/214
f 154/231/159 4/19/3 5/374/3 162/222/151
f 153/226/162 161/225/154 218/283/203 210/298/215
f 166/215/147 158/226/155 213/297/214 221/282/202
f 162/222/151 5/374/3 6/375/3 170/194/127
f 161/225/154 169/216/134 226/284/204 218/283/203
f 186/216/146 166/215/147 221/282/202 237/281/195
f 173/195/128 170/194/127 7/376/3 8/377/3
f 170/194/127 6/375/3 1/18/3 7/376/3
f 169/202/134 174/201/133 249/253/227 226/320/204
f 174/201/133 178/207/138 230/265/187 249/253/227
f 177/203/135 173/195/128 8/377/3 9/17/3
f 178/207/138 182/184/142 233/264/188 230/265/187
f 181/208/139 177/203/135 9/17/3 10/378/3
f 182/184/142 186/189/146 237/263/195 233/264/188
f 185/211/143 181/208/139 10/378/3 11/370/3
f 190/245/171 205/308/222 14/14/3 193/246/172
f 193/246/172 14/14/3 13/8/3 241/313/223
f 198/255/179 12/11/3 246/325/231 201/256/180
f 241/313/223 13/8/3 12/11/3 198/255/179
f 205/308/222 209/303/218 17/15/3 14/14/3
f 209/303/218 217/291/210 20/16/3 17/15/3
f 15/10/3 18/13/3 222/275/199 214/292/211
f 12/11/3 15/10/3 214/292/211 246/325/231
f 217/291/210 225/290/209 250/323/230 20/16/3
f 18/13/3 234/271/193 238/274/198 222/275/199
f 19/12/3 229/272/194 234/271/193 18/13/3
f 20/16/3 250/323/230 229/272/194 19/12/3
f 30/7/2 253/97/56 265/57/29 278/145/89
f 23/368/1 24/371/1 25/4/1 254/92/53
f 25/4/1 262/120/73 266/63/35 254/92/53
f 32/367/2 253/97/56 30/7/2 31/372/2
f 22/3/1 258/121/73 262/120/73 25/4/1
f 35/20/4 33/19/4 285/364/252 297/358/252
f 289/348/251 34/17/4 35/20/4 293/349/251
f 293/349/251 35/20/4 297/358/252 303/88/51
f 331/379/1 330/380/1 22/3/1 332/381/1
f 333/5/253 327/3/253 335/7/253 334/6/253
f 319/382/3 318/383/3 321/384/3 322/385/3
f 322/385/3 321/384/3 324/386/3 325/387/3
f 320/388/3 319/382/3 322/385/3 323/389/3
f 323/389/3 322/385/3 325/387/3 326/390/3
f 34/17/4 339/385/4 338/391/4 36/18/4
f 340/392/254 344/393/255 345/394/256 343/395/257
f 343/396/257 345/397/256 348/398/258 347/399/259
f 341/29/260 347/32/259 348/31/258 346/30/261
f 346/400/261 348/398/258 351/401/262 350/402/263
f 342/403/264 350/402/263 351/401/262 349/404/265
f 349/404/265 351/401/262 345/397/256 344/405/255
f 345/397/256 351/401/262 348/398/258
f 352/39/266 356/42/267 357/41/268 355/40/269
f 355/40/269 357/41/268 360/44/270 359/43/271
f 353/406/272 359/407/271 360/408/270 358/409/273
f 358/409/273 360/408/270 363/410/274 362/411/275
f 354/412/276 362/413/275 363/414/274 361/415/277
f 361/55/277 363/56/274 357/41/268 356/42/267
f 357/41/268 363/56/274 360/44/270
f 556/57/278 560/60/279 561/59/280 559/58/281
f 559/58/281 561/59/280 564/62/282 563/61/283
f 557/416/284 563/417/283 564/418/282 562/419/285
f 562/419/285 564/418/282 567/420/286 566/421/287
f 558/422/288 566/423/287 567/408/286 565/424/289
f 565/72/289 567/73/286 561/59/280 560/60/279
f 561/59/280 567/73/286 564/62/282
f 588/74/290 592/77/291 593/76/292 591/75/293
f 591/75/293 593/76/292 596/79/294 595/78/295
f 589/425/296 595/426/295 596/427/294 594/428/297
f 594/429/297 596/430/294 599/431/298 598/432/299
f 590/433/300 598/432/299 599/431/298 597/434/301
f 597/90/301 599/91/298 593/76/292 592/77/291
f 593/76/292 599/91/298 596/79/294
f 549/435/302 551/436/303 563/417/283 557/416/284
f 551/436/303 550/437/304 559/438/281 563/417/283
f 550/96/304 548/97/305 556/57/278 559/58/281
f 417/439/306 419/440/307 359/407/271 353/406/272
f 419/440/307 418/441/308 355/442/269 359/407/271
f 418/102/308 416/103/309 352/39/266 355/40/269
f 393/443/61 395/444/310 75/106/63 73/105/62
f 395/445/310 394/446/311 76/110/65 75/109/63
f 394/446/311 392/447/68 74/112/67 76/110/65
f 257/105/69 259/106/71 554/448/71 552/449/70
f 259/116/71 260/119/72 555/450/72 554/451/71
f 260/119/72 258/121/73 553/452/73 555/450/72
f 552/449/70 554/448/71 566/423/287 558/422/288
f 554/451/71 555/450/72 562/419/285 566/421/287
f 555/450/72 553/452/73 557/416/284 562/419/285
f 353/406/272 358/409/273 378/453/312 376/454/74
f 358/409/273 362/411/275 379/455/76 378/453/312
f 362/413/275 354/412/276 377/456/77 379/457/76
f 376/454/74 378/453/312 382/458/79 380/459/78
f 378/460/312 379/457/76 383/461/80 382/462/79
f 379/457/76 377/456/77 381/463/68 383/461/80
f 380/459/78 382/458/79 386/448/82 384/449/81
f 382/462/79 383/461/80 387/464/85 386/465/82
f 383/461/80 381/463/68 385/466/83 387/464/85
f 384/449/81 386/448/82 390/467/79 388/468/78
f 386/465/82 387/464/85 391/469/80 390/470/79
f 387/464/85 385/466/83 389/471/68 391/469/80
f 388/468/78 390/467/79 395/444/310 393/443/61
f 390/470/79 391/469/80 394/446/311 395/445/310
f 391/469/80 389/471/68 392/447/68 394/446/311
f 558/422/288 565/424/289 570/472/249 568/473/313
f 565/72/289 560/60/279 571/144/248 570/143/249
f 560/60/279 556/57/278 569/145/243 571/144/248
f 568/473/313 570/472/249 366/474/249 364/475/250
f 570/143/249 571/144/248 367/119/248 366/116/249
f 571/144/248 569/145/243 365/121/243 367/119/248
f 369/475/314 371/474/315 402/476/316 400/477/317
f 371/109/315 370/110/318 403/151/319 402/150/316
f 370/110/318 368/112/320 401/152/321 403/151/319
f 400/477/317 402/476/316 406/478/322 404/479/323
f 402/150/316 403/151/319 407/156/324 406/155/322
f 403/151/319 401/152/321 405/157/321 407/156/324
f 404/479/323 406/478/322 410/480/325 408/481/326
f 406/155/322 407/156/324 411/161/327 410/160/325
f 407/156/324 405/157/321 409/162/328 411/161/327
f 408/481/326 410/480/325 414/482/329 412/483/323
f 410/160/325 411/161/327 415/166/324 414/165/329
f 411/161/327 409/162/328 413/167/321 415/166/324
f 412/483/323 414/482/329 419/440/307 417/439/306
f 414/165/329 415/166/324 418/102/308 419/168/307
f 415/166/324 413/167/321 416/103/309 418/102/308
f 421/169/134 423/172/330 426/171/131 424/170/133
f 423/484/330 422/485/130 427/486/129 426/487/131
f 422/485/130 420/488/331 425/489/332 427/486/129
f 424/170/133 426/171/131 430/180/137 428/179/138
f 426/487/131 427/486/129 431/490/136 430/491/137
f 427/486/129 425/489/332 429/492/333 431/490/136
f 428/179/138 430/180/137 434/185/334 432/184/142
f 430/491/137 431/490/136 435/493/140 434/494/334
f 431/490/136 429/492/333 433/495/335 435/493/140
f 432/184/142 434/185/334 438/190/336 436/189/146
f 434/494/334 435/493/140 439/496/144 438/497/336
f 435/493/140 433/495/335 437/498/337 439/496/144
f 465/499/338 467/500/112 470/501/111 468/502/339
f 467/500/112 466/503/340 471/504/341 470/501/111
f 466/200/340 464/202/107 469/201/108 471/171/341
f 468/502/339 470/501/111 474/505/117 472/506/342
f 470/501/111 471/504/341 475/507/116 474/505/117
f 471/171/341 469/201/108 473/207/115 475/206/116
f 472/506/342 474/505/117 478/508/121 476/509/343
f 474/505/117 475/507/116 479/510/120 478/508/121
f 475/206/116 473/207/115 477/184/119 479/185/120
f 476/509/343 478/508/121 482/511/344 480/512/345
f 478/508/121 479/510/120 483/513/346 482/511/344
f 479/185/120 477/184/119 481/189/123 483/214/346
f 461/514/163 463/515/347 483/516/346 481/517/123
f 463/518/347 462/519/165 482/511/344 483/513/346
f 462/519/165 460/520/166 480/512/345 482/511/344
f 457/521/167 459/522/168 467/500/112 465/499/338
f 459/522/168 458/523/348 466/503/340 467/500/112
f 458/515/348 456/524/170 464/517/107 466/516/340
f 453/525/155 455/526/156 463/515/347 461/514/163
f 455/527/156 454/528/157 462/519/165 463/518/347
f 454/528/157 452/529/158 460/520/166 462/519/165
f 449/530/159 451/531/160 459/522/168 457/521/167
f 451/531/160 450/532/349 458/523/348 459/522/168
f 450/526/349 448/525/162 456/524/170 458/515/348
f 445/533/147 447/534/350 455/526/156 453/525/155
f 447/535/350 446/536/149 454/528/157 455/527/156
f 446/536/149 444/537/150 452/529/158 454/528/157
f 441/538/151 443/539/152 451/531/160 449/530/159
f 443/539/152 442/540/153 450/532/349 451/531/160
f 442/534/153 440/541/154 448/525/162 450/526/349
f 436/542/146 438/543/336 447/534/350 445/533/147
f 438/497/336 439/496/144 446/536/149 447/535/350
f 439/496/144 437/498/337 444/537/150 446/536/149
f 420/488/331 422/485/130 443/539/152 441/538/151
f 422/485/130 423/484/330 442/540/153 443/539/152
f 423/543/330 421/542/134 440/541/154 442/534/153
f 485/544/209 487/545/207 490/546/229 488/547/230
f 487/249/207 486/252/205 491/251/228 490/250/229
f 486/252/205 484/254/204 489/253/227 491/251/228
f 493/548/193 495/549/191 498/550/197 496/551/198
f 495/259/191 494/262/351 499/261/196 498/260/197
f 494/262/351 492/264/188 497/263/195 499/261/196
f 525/265/226 527/266/225 530/262/184 528/264/186
f 527/552/225 526/553/224 531/554/182 530/555/184
f 526/553/224 524/556/352 529/557/179 531/554/182
f 528/264/186 530/262/184 534/261/183 532/263/185
f 530/262/184 531/259/182 535/260/181 534/261/183
f 531/554/182 529/557/179 533/558/180 535/559/181
f 517/560/231 519/561/232 535/559/181 533/558/180
f 519/562/232 518/563/233 534/564/183 535/565/181
f 518/563/233 516/566/234 532/567/185 534/564/183
f 513/568/219 515/563/220 523/569/176 521/570/353
f 515/563/220 514/571/221 522/572/174 523/569/176
f 514/573/221 512/574/222 520/575/171 522/576/174
f 509/577/211 511/578/354 519/561/232 517/560/231
f 511/578/354 510/579/213 518/580/233 519/561/232
f 510/581/213 508/582/214 516/566/234 518/563/233
f 505/583/215 507/584/216 515/563/220 513/568/219
f 507/585/216 506/586/355 514/573/221 515/587/220
f 506/586/355 504/588/218 512/574/222 514/573/221
f 501/589/203 503/590/206 507/584/216 505/583/215
f 503/591/206 502/592/208 506/586/355 507/585/216
f 502/592/208 500/593/210 504/588/218 506/586/355
f 484/594/204 486/595/205 503/590/206 501/589/203
f 486/595/205 487/596/207 502/597/208 503/590/206
f 487/545/207 485/544/209 500/593/210 502/592/208
f 488/547/230 490/546/229 538/598/192 536/599/356
f 490/546/229 491/600/228 539/601/357 538/598/192
f 491/251/228 489/253/227 537/318/187 539/317/357
f 536/599/356 538/598/192 495/549/191 493/548/193
f 538/598/192 539/601/357 494/602/351 495/549/191
f 539/317/357 537/318/187 492/264/188 494/262/351
f 521/320/353 523/321/176 546/251/175 544/253/177
f 523/321/176 522/249/174 547/250/173 546/251/175
f 522/576/174 520/575/171 545/603/172 547/604/173
f 544/253/177 546/251/175 527/266/225 525/265/226
f 546/605/175 547/604/173 526/553/224 527/552/225
f 547/604/173 545/603/172 524/556/352 526/553/224
f 541/606/199 543/607/200 511/578/354 509/577/211
f 543/607/200 542/608/201 510/579/213 511/578/354
f 542/590/201 540/609/202 508/582/214 510/581/213
f 496/551/198 498/550/197 543/607/200 541/606/199
f 498/610/197 499/611/196 542/590/201 543/612/200
f 499/611/196 497/594/195 540/609/202 542/590/201
f 354/412/276 361/415/277 551/436/303 549/435/302
f 361/415/277 356/613/267 550/437/304 551/436/303
f 356/42/267 352/39/266 548/97/305 550/96/304
f 69/121/235 71/119/238 374/450/358 372/452/236
f 71/334/238 72/337/240 375/614/359 374/615/358
f 72/337/240 70/339/242 373/616/241 375/614/359
f 372/452/236 374/450/358 344/393/255 340/392/254
f 374/450/358 375/451/359 349/617/265 344/393/255
f 375/614/359 373/616/241 342/403/264 349/404/265
f 341/29/260 346/30/261 398/144/360 396/145/89
f 346/30/261 350/341/263 399/143/361 398/144/360
f 350/402/263 342/403/264 397/618/362 399/619/361
f 396/145/89 398/144/360 574/119/91 572/121/363
f 398/144/360 399/143/361 575/116/87 574/119/91
f 399/619/361 397/618/362 573/620/90 575/621/87
f 340/392/254 343/395/257 595/426/295 589/425/296
f 343/395/257 347/622/259 591/623/293 595/426/295
f 347/32/259 341/29/260 588/74/290 591/75/293
f 289/348/251 291/351/240 582/624/240 580/625/251
f 291/351/240 292/353/238 583/626/238 582/624/240
f 292/354/238 290/357/235 581/627/235 583/628/238
f 580/625/251 582/624/240 598/432/299 590/433/300
f 582/624/240 583/626/238 594/429/297 598/432/299
f 583/628/238 581/627/235 589/425/296 594/428/297
f 590/433/300 597/434/301 586/629/87 584/630/364
f 597/434/301 592/631/291 587/632/91 586/629/87
f 592/77/291 588/74/290 585/363/363 587/362/91
f 584/630/364 586/629/87 578/633/87 576/634/364
f 586/629/87 587/632/91 579/635/91 578/633/87
f 587/362/91 585/363/363 577/357/363 579/354/91
f 340/392/254 589/425/296 581/627/235 372/452/236
f 342/403/264 558/422/288 568/473/313 397/618/362
f 373/616/241 552/449/70 558/422/288 342/403/264
f 396/145/89 585/363/363 588/74/290 341/29/260
f 416/103/309 337/367/253 548/97/305 352/39/266
f 353/406/272 376/454/74 437/498/337 417/439/306
f 354/412/276 549/435/302 328/636/1 377/456/77
f 365/121/243 569/145/243 335/7/253 327/3/253
f 573/620/90 397/618/362 568/473/313 364/475/250
f 400/477/317 420/488/331 313/637/3 369/475/314
f 368/112/320 327/3/253 333/5/253 401/152/321
f 70/339/242 257/105/69 552/449/70 373/616/241
f 372/452/236 581/627/235 290/357/235 69/121/235
f 392/447/68 332/381/1 22/3/1 74/112/67
f 393/443/61 73/105/62 11/370/3 480/512/345
f 377/456/77 328/636/1 329/638/1 381/463/68
f 376/454/74 380/459/78 444/537/150 437/498/337
f 381/463/68 329/638/1 330/380/1 385/466/83
f 380/459/78 384/449/81 452/529/158 444/537/150
f 385/466/83 330/380/1 331/379/1 389/471/68
f 384/449/81 388/468/78 460/520/166 452/529/158
f 389/471/68 331/379/1 332/381/1 392/447/68
f 388/468/78 393/443/61 480/512/345 460/520/166
f 572/121/363 577/357/363 585/363/363 396/145/89
f 401/152/321 333/5/253 334/6/253 405/157/321
f 404/479/323 425/489/332 420/488/331 400/477/317
f 405/157/321 334/6/253 335/7/253 409/162/328
f 408/481/326 429/492/333 425/489/332 404/479/323
f 409/162/328 335/7/253 336/372/253 413/167/321
f 412/483/323 433/495/335 429/492/333 408/481/326
f 413/167/321 336/372/253 337/367/253 416/103/309
f 417/439/306 437/498/337 433/495/335 412/483/323
f 420/488/331 441/538/151 314/639/3 313/637/3
f 421/542/134 484/594/204 501/589/203 440/541/154
f 424/170/133 489/253/227 484/254/204 421/169/134
f 428/179/138 537/318/187 489/253/227 424/170/133
f 432/184/142 492/264/188 537/318/187 428/179/138
f 436/189/146 497/263/195 492/264/188 432/184/142
f 445/533/147 540/609/202 497/594/195 436/542/146
f 441/538/151 449/530/159 315/391/3 314/639/3
f 440/541/154 501/589/203 505/583/215 448/525/162
f 453/525/155 508/582/214 540/609/202 445/533/147
f 449/530/159 457/521/167 316/640/3 315/391/3
f 448/525/162 505/583/215 513/568/219 456/524/170
f 461/514/163 516/566/234 508/582/214 453/525/155
f 457/521/167 465/499/338 317/641/3 316/640/3
f 456/524/170 513/568/219 521/570/353 464/517/107
f 481/517/123 532/567/185 516/566/234 461/514/163
f 468/502/339 8/377/3 7/376/3 465/499/338
f 465/499/338 7/376/3 1/18/3 317/641/3
f 464/202/107 521/320/353 544/253/177 469/201/108
f 469/201/108 544/253/177 525/265/226 473/207/115
f 472/506/342 9/17/3 8/377/3 468/502/339
f 473/207/115 525/265/226 528/264/186 477/184/119
f 476/509/343 10/378/3 9/17/3 472/506/342
f 477/184/119 528/264/186 532/263/185 481/189/123
f 480/512/345 11/370/3 10/378/3 476/509/343
f 485/544/209 488/547/230 320/388/3 500/593/210
f 488/547/230 536/599/356 319/382/3 320/388/3
f 493/548/193 496/551/198 541/606/199 318/383/3
f 536/599/356 493/548/193 318/383/3 319/382/3
f 500/593/210 320/388/3 323/389/3 504/588/218
f 504/588/218 323/389/3 326/390/3 512/574/222
f 321/384/3 509/577/211 517/560/231 324/386/3
f 318/383/3 541/606/199 509/577/211 321/384/3
f 512/574/222 326/390/3 545/603/172 520/575/171
f 324/386/3 517/560/231 533/558/180 529/557/179
f 325/387/3 324/386/3 529/557/179 524/556/352
f 326/390/3 325/387/3 524/556/352 545/603/172
f 335/7/253 569/145/243 556/57/278 548/97/305
f 328/636/1 549/435/302 330/380/1 329/638/1
f 330/380/1 549/435/302 557/416/284 553/452/73
f 337/367/253 336/372/253 335/7/253 548/97/305
f 22/3/1 330/380/1 553/452/73 258/121/73
f 339/385/4 584/630/364 576/634/364 338/391/4
f 289/348/251 580/625/251 339/385/4 34/17/4
f 580/625/251 590/433/300 584/630/364 339/385/4
f 618/1/365 617/4/365 614/3/365 619/2/365
f 620/642/2 21/3/2 622/643/2 621/644/2
f 606/645/3 605/646/3 608/647/3 609/648/3
f 609/648/3 608/647/3 611/649/3 612/650/3
f 607/651/3 606/645/3 609/648/3 610/652/3
f 610/652/3 609/648/3 612/650/3 613/653/3
f 625/654/4 626/655/4 33/19/4 36/18/4
f 627/21/366 631/24/367 632/23/368 630/22/369
f 630/656/369 632/657/368 635/658/370 634/659/371
f 628/660/372 634/661/371 635/662/370 633/663/373
f 633/664/373 635/658/370 638/665/374 637/666/375
f 629/667/376 637/666/375 638/665/374 636/668/377
f 636/668/377 638/665/374 632/657/368 631/669/367
f 632/657/368 638/665/374 635/658/370
f 639/670/378 643/671/379 644/672/380 642/673/381
f 642/673/381 644/672/380 647/674/382 646/675/383
f 640/676/384 646/677/383 647/678/382 645/679/385
f 645/679/385 647/678/382 650/680/386 649/681/387
f 641/51/388 649/54/387 650/53/386 648/52/389
f 648/682/389 650/683/386 644/672/380 643/671/379
f 644/672/380 650/683/386 647/674/382
f 847/684/390 851/685/391 852/686/292 850/687/392
f 850/687/392 852/686/292 855/688/393 854/689/394
f 848/63/395 854/66/394 855/65/393 853/64/396
f 853/64/396 855/65/393 858/68/397 857/67/398
f 849/690/399 857/679/398 858/678/397 856/691/400
f 856/692/400 858/693/397 852/686/292 851/685/391
f 852/686/292 858/693/397 855/688/393
f 875/694/401 879/695/402 880/696/280 878/697/403
f 878/697/403 880/696/280 883/698/404 882/699/405
f 876/80/406 882/83/405 883/82/404 881/81/407
f 881/700/407 883/701/404 886/702/408 885/703/409
f 877/704/410 885/703/409 886/702/408 884/705/411
f 884/706/411 886/707/408 880/696/280 879/695/402
f 880/696/280 886/707/408 883/698/404
f 836/92/412 838/93/413 854/66/394 848/63/395
f 838/93/413 837/95/414 850/94/392 854/66/394
f 837/708/414 835/709/415 847/684/390 850/687/392
f 704/710/57 706/711/58 646/677/383 640/676/384
f 706/711/58 705/712/59 642/713/381 646/677/383
f 705/714/59 703/715/60 639/670/378 642/673/381
f 680/716/416 682/717/417 657/718/418 655/719/419
f 682/108/417 681/111/420 658/110/421 657/109/418
f 681/111/420 679/113/422 656/112/423 658/110/421
f 839/719/242 841/718/240 845/720/240 843/721/424
f 841/116/240 842/119/238 846/118/238 845/117/240
f 842/119/238 840/121/236 844/120/236 846/118/238
f 843/721/424 845/720/240 857/679/398 849/690/399
f 845/117/240 846/118/238 853/64/396 857/67/398
f 846/118/238 844/120/236 848/63/395 853/64/396
f 640/676/384 645/679/385 665/722/425 663/723/426
f 645/679/385 649/681/387 666/724/427 665/722/425
f 649/54/387 641/51/388 664/126/428 666/125/427
f 663/723/426 665/722/425 669/725/429 667/726/430
f 665/129/425 666/125/427 670/131/431 669/130/429
f 666/125/427 664/126/428 668/132/422 670/131/431
f 667/726/430 669/725/429 673/720/432 671/721/433
f 669/130/429 670/131/431 674/134/434 673/133/432
f 670/131/431 668/132/422 672/135/435 674/134/434
f 671/721/433 673/720/432 677/727/429 675/728/430
f 673/133/432 674/134/434 678/139/431 677/138/429
f 674/134/434 672/135/435 676/140/422 678/139/431
f 675/728/430 677/727/429 682/717/417 680/716/416
f 677/138/429 678/139/431 681/111/420 682/108/417
f 678/139/431 676/140/422 679/113/422 681/111/420
f 849/690/399 856/691/400 861/729/87 859/730/86
f 856/692/400 851/685/391 862/731/91 861/732/87
f 851/685/391 847/684/390 860/733/89 862/731/91
f 859/730/86 861/729/87 63/147/87 61/146/90
f 861/732/87 862/731/91 64/119/91 63/116/87
f 862/731/91 860/733/89 62/121/89 64/119/91
f 66/146/92 68/147/95 689/734/436 687/735/93
f 68/109/95 67/110/97 690/736/437 689/737/436
f 67/110/97 65/112/99 688/738/98 690/736/437
f 687/735/93 689/734/436 693/739/438 691/740/100
f 689/737/436 690/736/437 694/741/102 693/742/438
f 690/736/437 688/738/98 692/743/98 694/741/102
f 691/740/100 693/739/438 697/729/439 695/730/103
f 693/742/438 694/741/102 698/744/440 697/745/439
f 694/741/102 692/743/98 696/746/105 698/744/440
f 695/730/103 697/729/439 701/747/441 699/748/100
f 697/745/439 698/744/440 702/749/102 701/750/441
f 698/744/440 696/746/105 700/751/98 702/749/102
f 699/748/100 701/747/441 706/711/58 704/710/57
f 701/750/441 702/749/102 705/714/59 706/752/58
f 702/749/102 700/751/98 703/715/60 705/714/59
f 708/753/123 710/754/124 713/755/442 711/756/119
f 710/757/124 709/758/344 714/759/121 713/760/442
f 709/758/344 707/761/345 712/762/122 714/759/121
f 711/756/119 713/755/442 717/763/116 715/764/115
f 713/760/442 714/759/121 718/765/117 717/766/116
f 714/759/121 712/762/122 716/767/118 718/765/117
f 715/764/115 717/763/116 721/768/341 719/769/108
f 717/766/116 718/765/117 722/770/111 721/771/341
f 718/765/117 716/767/118 720/772/113 722/770/111
f 719/769/108 721/768/341 725/773/443 723/774/107
f 721/771/341 722/770/111 726/775/112 725/776/443
f 722/770/111 720/772/113 724/777/444 726/775/112
f 752/778/445 754/779/144 757/780/140 755/781/139
f 754/779/144 753/782/446 758/783/334 757/780/140
f 753/784/446 751/785/146 756/756/142 758/755/334
f 755/781/139 757/780/140 761/786/136 759/787/135
f 757/780/140 758/783/334 762/788/137 761/786/136
f 758/755/334 756/756/142 760/764/138 762/763/137
f 759/787/135 761/786/136 765/789/129 763/790/128
f 761/786/136 762/788/137 766/791/447 765/789/129
f 762/763/137 760/764/138 764/769/133 766/768/447
f 763/790/128 765/789/129 769/792/130 767/793/331
f 765/789/129 766/791/447 770/794/448 769/792/130
f 766/768/447 764/769/133 768/795/134 770/773/448
f 748/215/154 750/218/153 770/217/448 768/216/134
f 750/796/153 749/797/152 769/792/130 770/794/448
f 749/797/152 747/798/449 767/793/331 769/792/130
f 744/799/450 746/800/149 754/779/144 752/778/445
f 746/800/149 745/801/350 753/782/446 754/779/144
f 745/218/350 743/225/147 751/216/146 753/217/446
f 740/226/162 742/227/349 750/218/153 748/215/154
f 742/802/349 741/803/160 749/797/152 750/796/153
f 741/803/160 739/804/451 747/798/449 749/797/152
f 736/805/452 738/806/157 746/800/149 744/799/450
f 738/806/157 737/807/156 745/801/350 746/800/149
f 737/227/156 735/226/155 743/225/147 745/218/350
f 732/234/170 734/235/348 742/227/349 740/226/162
f 734/808/348 733/809/168 741/803/160 742/802/349
f 733/809/168 731/810/453 739/804/451 741/803/160
f 728/811/454 730/812/165 738/806/157 736/805/452
f 730/812/165 729/813/347 737/807/156 738/806/157
f 729/235/347 727/242/163 735/226/155 737/227/156
f 723/243/107 725/244/443 734/235/348 732/234/170
f 725/776/443 726/775/112 733/809/168 734/808/348
f 726/775/112 724/777/444 731/810/453 733/809/168
f 707/761/345 709/758/344 730/812/165 728/811/454
f 709/758/344 710/757/124 729/813/347 730/812/165
f 710/244/124 708/243/123 727/242/163 729/235/347
f 772/814/180 774/815/181 777/816/182 775/817/179
f 774/818/181 773/819/183 778/820/184 777/821/182
f 773/819/183 771/822/455 776/823/186 778/820/184
f 780/824/172 782/825/173 785/826/174 783/827/171
f 782/828/173 781/829/456 786/830/176 785/831/174
f 781/829/456 779/832/177 784/833/178 786/830/176
f 812/834/187 814/835/357 817/829/228 815/832/227
f 814/836/357 813/837/192 818/838/229 817/839/228
f 813/837/192 811/840/194 816/841/230 818/838/229
f 815/832/227 817/829/228 821/830/205 819/833/457
f 817/829/228 818/842/229 822/843/207 821/830/205
f 818/838/229 816/841/230 820/844/209 822/845/207
f 804/846/210 806/847/208 822/845/207 820/844/209
f 806/277/208 805/280/206 821/279/205 822/278/207
f 805/280/206 803/282/203 819/281/457 821/279/205
f 800/283/202 802/280/201 810/285/196 808/284/458
f 802/280/201 801/287/200 809/286/197 810/285/196
f 801/848/200 799/849/199 807/850/198 809/851/197
f 796/852/218 798/853/355 806/847/208 804/846/210
f 798/853/355 797/854/216 805/855/206 806/847/208
f 797/296/216 795/297/215 803/282/203 805/280/206
f 792/298/214 794/299/213 802/280/201 800/283/202
f 794/856/213 793/857/354 801/848/200 802/858/201
f 793/857/354 791/859/211 799/849/199 801/848/200
f 788/304/234 790/305/233 794/299/213 792/298/214
f 790/860/233 789/861/232 793/857/354 794/856/213
f 789/861/232 787/862/231 791/859/211 793/857/354
f 771/309/455 773/310/183 790/305/233 788/304/234
f 773/310/183 774/312/181 789/311/232 790/305/233
f 774/815/181 772/814/180 787/862/231 789/861/232
f 775/817/179 777/816/182 825/863/224 823/864/223
f 777/816/182 778/865/184 826/866/225 825/863/224
f 778/820/184 776/823/186 824/834/226 826/835/225
f 823/864/223 825/863/224 782/825/173 780/824/172
f 825/863/224 826/866/225 781/867/456 782/825/173
f 826/835/225 824/834/226 779/832/177 781/829/456
f 808/868/458 810/869/196 833/820/189 831/823/188
f 810/869/196 809/818/197 834/821/191 833/820/189
f 809/851/197 807/850/198 832/870/193 834/871/191
f 831/823/188 833/820/189 814/835/357 812/834/187
f 833/872/189 834/871/191 813/837/192 814/836/357
f 834/871/191 832/870/193 811/840/194 813/837/192
f 828/873/222 830/874/221 798/853/355 796/852/218
f 830/874/221 829/875/220 797/854/216 798/853/355
f 829/328/220 827/329/219 795/297/215 797/296/216
f 783/827/171 785/826/174 830/874/221 828/873/222
f 785/330/174 786/332/176 829/328/220 830/331/221
f 786/332/176 784/309/178 827/329/219 829/328/220
f 641/51/388 648/52/389 838/93/413 836/92/412
f 648/52/389 643/333/379 837/95/414 838/93/413
f 643/671/379 639/670/378 835/709/415 837/708/414
f 651/121/459 653/119/72 661/118/460 659/120/73
f 653/876/72 654/877/71 662/878/461 661/879/460
f 654/877/71 652/880/69 660/881/462 662/878/461
f 659/120/73 661/118/460 631/24/367 627/21/366
f 661/118/460 662/117/461 636/340/377 631/24/367
f 662/878/461 660/881/462 629/667/376 636/668/377
f 628/660/372 633/663/373 685/731/463 683/733/243
f 633/663/373 637/882/375 686/732/464 685/731/463
f 637/666/375 629/667/376 684/883/246 686/884/464
f 683/733/243 685/731/463 283/119/248 281/121/247
f 685/731/463 686/732/464 284/116/249 283/119/248
f 686/884/464 684/883/246 282/345/250 284/344/249
f 627/21/366 630/22/369 882/83/405 876/80/406
f 630/22/369 634/347/371 878/346/403 882/83/405
f 634/661/371 628/660/372 875/694/401 878/697/403
f 863/885/465 865/886/71 869/887/71 867/888/465
f 865/886/71 866/889/72 870/890/72 869/887/71
f 866/354/72 864/357/459 868/356/459 870/355/72
f 867/888/465 869/887/71 885/703/409 877/704/410
f 869/887/71 870/890/72 881/700/407 885/703/409
f 870/355/72 868/356/459 876/80/406 881/81/407
f 877/704/410 884/705/411 873/891/249 871/892/252
f 884/705/411 879/893/402 874/894/248 873/891/249
f 879/695/402 875/694/401 872/895/247 874/896/248
f 871/892/252 873/891/249 287/365/249 285/364/252
f 873/891/249 874/894/248 288/366/248 287/365/249
f 874/896/248 872/895/247 286/357/247 288/354/248
f 627/21/366 876/80/406 868/356/459 659/120/73
f 629/667/376 849/690/399 859/730/86 684/883/246
f 660/881/462 843/721/424 849/690/399 629/667/376
f 683/733/243 872/895/247 875/694/401 628/660/372
f 703/715/60 624/897/2 835/709/415 639/670/378
f 640/676/384 663/723/426 724/777/444 704/710/57
f 641/51/388 836/92/412 615/368/365 664/126/428
f 62/121/89 860/733/89 622/643/2 21/3/2
f 282/345/250 684/883/246 859/730/86 61/146/90
f 687/735/93 707/761/345 2/369/3 66/146/92
f 65/112/99 21/3/2 620/642/2 688/738/98
f 652/880/69 839/719/242 843/721/424 660/881/462
f 659/120/73 868/356/459 864/357/459 651/121/459
f 679/113/422 619/2/365 614/3/365 656/112/423
f 680/716/416 655/719/419 604/898/3 767/793/331
f 664/126/428 615/368/365 616/371/365 668/132/422
f 663/723/426 667/726/430 731/810/453 724/777/444
f 668/132/422 616/371/365 617/4/365 672/135/435
f 667/726/430 671/721/433 739/804/451 731/810/453
f 672/135/435 617/4/365 618/1/365 676/140/422
f 671/721/433 675/728/430 747/798/449 739/804/451
f 676/140/422 618/1/365 619/2/365 679/113/422
f 675/728/430 680/716/416 767/793/331 747/798/449
f 281/121/247 286/357/247 872/895/247 683/733/243
f 688/738/98 620/642/2 621/644/2 692/743/98
f 691/740/100 712/762/122 707/761/345 687/735/93
f 692/743/98 621/644/2 622/643/2 696/746/105
f 695/730/103 716/767/118 712/762/122 691/740/100
f 696/746/105 622/643/2 623/899/2 700/751/98
f 699/748/100 720/772/113 716/767/118 695/730/103
f 700/751/98 623/899/2 624/897/2 703/715/60
f 704/710/57 724/777/444 720/772/113 699/748/100
f 707/761/345 728/811/454 3/373/3 2/369/3
f 708/243/123 771/309/455 788/304/234 727/242/163
f 711/756/119 776/823/186 771/822/455 708/753/123
f 715/764/115 824/834/226 776/823/186 711/756/119
f 719/769/108 779/832/177 824/834/226 715/764/115
f 723/774/107 784/833/178 779/832/177 719/769/108
f 732/234/170 827/329/219 784/309/178 723/243/107
f 728/811/454 736/805/452 4/19/3 3/373/3
f 727/242/163 788/304/234 792/298/214 735/226/155
f 740/226/162 795/297/215 827/329/219 732/234/170
f 736/805/452 744/799/450 5/374/3 4/19/3
f 735/226/155 792/298/214 800/283/202 743/225/147
f 748/215/154 803/282/203 795/297/215 740/226/162
f 744/799/450 752/778/445 6/375/3 5/374/3
f 743/225/147 800/283/202 808/284/458 751/216/146
f 768/216/134 819/281/457 803/282/203 748/215/154
f 755/781/139 601/900/3 600/901/3 752/778/445
f 752/778/445 600/901/3 1/18/3 6/375/3
f 751/785/146 808/868/458 831/823/188 756/756/142
f 756/756/142 831/823/188 812/834/187 760/764/138
f 759/787/135 602/654/3 601/900/3 755/781/139
f 760/764/138 812/834/187 815/832/227 764/769/133
f 763/790/128 603/902/3 602/654/3 759/787/135
f 764/769/133 815/832/227 819/833/457 768/795/134
f 767/793/331 604/898/3 603/902/3 763/790/128
f 772/814/180 775/817/179 607/651/3 787/862/231
f 775/817/179 823/864/223 606/645/3 607/651/3
f 780/824/172 783/827/171 828/873/222 605/646/3
f 823/864/223 780/824/172 605/646/3 606/645/3
f 787/862/231 607/651/3 610/652/3 791/859/211
f 791/859/211 610/652/3 613/653/3 799/849/199
f 608/647/3 796/852/218 804/846/210 611/649/3
f 605/646/3 828/873/222 796/852/218 608/647/3
f 799/849/199 613/653/3 832/870/193 807/850/198
f 611/649/3 804/846/210 820/844/209 816/841/230
f 612/650/3 611/649/3 816/841/230 811/840/194
f 613/653/3 612/650/3 811/840/194 832/870/193
f 622/643/2 860/733/89 847/684/390 835/709/415
f 615/368/365 836/92/412 617/4/365 616/371/365
f 617/4/365 836/92/412 848/63/395 844/120/236
f 624/897/2 623/899/2 622/643/2 835/709/415
f 614/3/365 617/4/365 844/120/236 840/121/236
f 626/655/4 871/892/252 285/364/252 33/19/4
f 863/885/465 867/888/465 626/655/4 625/654/4
f 867/888/465 877/704/410 871/892/252 626/655/4
f 899/379/365 900/381/365 614/3/365 898/380/365
f 901/642/253 902/644/253 903/643/253 327/3/253
f 888/903/3 891/904/3 890/905/3 887/906/3
f 891/904/3 894/907/3 893/908/3 890/905/3
f 889/909/3 892/910/3 891/904/3 888/903/3
f 892/910/3 895/911/3 894/907/3 891/904/3
f 625/654/4 36/18/4 338/391/4 906/904/4
f 907/392/466 910/395/467 912/394/468 911/393/469
f 910/912/467 914/913/470 915/914/471 912/915/468
f 908/660/472 913/663/473 915/662/471 914/661/470
f 913/916/473 917/917/474 918/918/475 915/914/471
f 909/919/476 916/920/477 918/918/475 917/917/474
f 916/920/477 911/921/469 912/915/468 918/918/475
f 912/915/468 915/914/471 918/918/475
f 919/670/478 922/673/479 924/672/480 923/671/481
f 922/673/479 926/675/482 927/674/483 924/672/480
f 920/922/484 925/923/485 927/924/483 926/925/482
f 925/923/485 929/926/486 930/927/487 927/924/483
f 921/412/488 928/415/489 930/414/487 929/413/486
f 928/682/489 923/671/481 924/672/480 930/683/487
f 924/672/480 927/674/483 930/683/487
f 1115/684/490 1118/687/491 1120/686/492 1119/685/493
f 1118/687/491 1122/689/494 1123/688/495 1120/686/492
f 1116/416/496 1121/419/497 1123/418/495 1122/417/494
f 1121/419/497 1125/421/498 1126/420/499 1123/418/495
f 1117/928/500 1124/929/501 1126/924/499 1125/923/498
f 1124/692/501 1119/685/493 1120/686/492 1126/693/499
f 1120/686/492 1123/688/495 1126/693/499
f 1139/694/502 1142/697/503 1144/696/504 1143/695/505
f 1142/697/503 1146/699/506 1147/698/507 1144/696/504
f 1140/425/508 1145/428/509 1147/427/507 1146/426/506
f 1145/930/509 1149/931/510 1150/932/38 1147/933/507
f 1141/934/511 1148/935/512 1150/932/38 1149/931/510
f 1148/706/512 1143/695/505 1144/696/504 1150/707/38
f 1144/696/504 1147/698/507 1150/707/38
f 1108/435/513 1116/416/496 1122/417/494 1110/436/514
f 1110/436/514 1122/417/494 1118/438/491 1109/437/515
f 1109/708/515 1118/687/491 1115/684/490 1107/709/516
f 976/936/306 920/922/484 926/925/482 978/937/307
f 978/937/307 926/925/482 922/938/479 977/939/308
f 977/714/308 922/673/479 919/670/478 975/715/309
f 952/940/416 655/719/419 657/718/418 954/941/517
f 954/445/517 657/109/418 658/110/421 953/446/518
f 953/446/518 658/110/421 656/112/423 951/447/422
f 839/719/242 1111/942/424 1113/943/240 841/718/240
f 841/116/240 1113/451/240 1114/450/238 842/119/238
f 842/119/238 1114/450/238 1112/452/236 840/121/236
f 1111/942/424 1117/928/500 1125/923/498 1113/943/240
f 1113/451/240 1125/421/498 1121/419/497 1114/450/238
f 1114/450/238 1121/419/497 1116/416/496 1112/452/236
f 920/922/484 935/944/426 937/945/519 925/923/485
f 925/923/485 937/945/519 938/946/427 929/926/486
f 929/413/486 938/457/427 936/456/428 921/412/488
f 935/944/426 939/947/430 941/948/429 937/945/519
f 937/460/519 941/462/429 942/461/431 938/457/427
f 938/457/427 942/461/431 940/463/422 936/456/428
f 939/947/430 943/942/433 945/943/432 941/948/429
f 941/462/429 945/465/432 946/464/431 942/461/431
f 942/461/431 946/464/431 944/466/435 940/463/422
f 943/942/433 947/949/430 949/950/520 945/943/432
f 945/465/432 949/470/520 950/469/434 946/464/431
f 946/464/431 950/469/434 948/471/422 944/466/435
f 947/949/430 952/940/416 954/941/517 949/950/520
f 949/470/520 954/445/517 953/446/518 950/469/434
f 950/469/434 953/446/518 951/447/422 948/471/422
f 1117/928/500 1127/951/313 1129/952/249 1124/929/501
f 1124/692/501 1129/732/249 1130/731/521 1119/685/493
f 1119/685/493 1130/731/521 1128/733/243 1115/684/490
f 1127/951/313 364/475/250 366/474/249 1129/952/249
f 1129/732/249 366/116/249 367/119/248 1130/731/521
f 1130/731/521 367/119/248 365/121/243 1128/733/243
f 369/475/314 959/953/317 961/954/522 371/474/315
f 371/109/315 961/737/522 962/736/523 370/110/318
f 370/110/318 962/736/523 960/738/321 368/112/320
f 959/953/317 963/955/323 965/956/524 961/954/522
f 961/737/522 965/742/524 966/741/324 962/736/523
f 962/736/523 966/741/324 964/743/321 960/738/321
f 963/955/323 967/951/326 969/952/525 965/956/524
f 965/742/524 969/745/525 970/744/324 966/741/324
f 966/741/324 970/744/324 968/746/328 964/743/321
f 967/951/326 971/957/323 973/958/524 969/952/525
f 969/745/525 973/750/524 974/749/526 970/744/324
f 970/744/324 974/749/526 972/751/321 968/746/328
f 971/957/323 976/936/306 978/937/307 973/958/524
f 973/750/524 978/752/307 977/714/308 974/749/526
f 974/749/526 977/714/308 975/715/309 972/751/321
f 980/753/146 983/756/142 985/755/141 982/754/145
f 982/959/145 985/960/141 986/961/140 981/962/144
f 981/962/144 986/961/140 984/963/335 979/964/143
f 983/756/142 987/764/138 989/763/137 985/755/141
f 985/960/141 989/965/137 990/966/136 986/961/140
f 986/961/140 990/966/136 988/967/333 984/963/335
f 987/764/138 991/769/133 993/768/447 989/763/137
f 989/965/137 993/968/447 994/969/129 990/966/136
f 990/966/136 994/969/129 992/970/332 988/967/333
f 991/769/133 995/774/134 997/773/330 993/768/447
f 993/968/447 997/971/330 998/972/527 994/969/129
f 994/969/129 998/972/527 996/973/528 992/970/332
f 1024/974/529 1027/975/343 1029/976/121 1026/977/344
f 1026/977/344 1029/976/121 1030/978/442 1025/979/530
f 1025/784/530 1030/755/442 1028/756/119 1023/785/123
f 1027/975/343 1031/980/342 1033/981/117 1029/976/121
f 1029/976/121 1033/981/117 1034/982/116 1030/978/442
f 1030/755/442 1034/763/116 1032/764/115 1028/756/119
f 1031/980/342 1035/983/339 1037/984/111 1033/981/117
f 1033/981/117 1037/984/111 1038/985/109 1034/982/116
f 1034/763/116 1038/768/109 1036/769/108 1032/764/115
f 1035/983/339 1039/986/114 1041/987/112 1037/984/111
f 1037/984/111 1041/987/112 1042/988/110 1038/985/109
f 1038/768/109 1042/773/110 1040/795/107 1036/769/108
f 1020/514/170 1040/517/107 1042/516/110 1022/515/169
f 1022/989/169 1042/988/110 1041/987/112 1021/990/168
f 1021/990/168 1041/987/112 1039/986/114 1019/991/453
f 1016/992/454 1024/974/529 1026/977/344 1018/993/165
f 1018/993/165 1026/977/344 1025/979/530 1017/994/347
f 1017/515/347 1025/516/530 1023/517/123 1015/524/163
f 1012/525/162 1020/514/170 1022/515/169 1014/526/349
f 1014/995/349 1022/989/169 1021/990/168 1013/996/160
f 1013/996/160 1021/990/168 1019/991/453 1011/997/451
f 1008/998/452 1016/992/454 1018/993/165 1010/999/157
f 1010/999/157 1018/993/165 1017/994/347 1009/1000/531
f 1009/526/531 1017/515/347 1015/524/163 1007/525/155
f 1004/533/154 1012/525/162 1014/526/349 1006/534/532
f 1006/1001/532 1014/995/349 1013/996/160 1005/1002/152
f 1005/1002/152 1013/996/160 1011/997/451 1003/1003/449
f 1000/1004/450 1008/998/452 1010/999/157 1002/1005/149
f 1002/1005/149 1010/999/157 1009/1000/531 1001/1006/148
f 1001/534/148 1009/526/531 1007/525/155 999/541/147
f 995/542/134 1004/533/154 1006/534/532 997/543/330
f 997/971/330 1006/1001/532 1005/1002/152 998/972/527
f 998/972/527 1005/1002/152 1003/1003/449 996/973/528
f 979/964/143 1000/1004/450 1002/1005/149 981/962/144
f 981/962/144 1002/1005/149 1001/1006/148 982/959/145
f 982/543/145 1001/534/148 999/541/147 980/542/146
f 1044/1007/198 1047/1008/193 1049/1009/191 1046/1010/197
f 1046/818/197 1049/821/191 1050/820/189 1045/819/196
f 1045/819/196 1050/820/189 1048/823/188 1043/822/195
f 1052/1011/230 1055/1012/209 1057/1013/207 1054/1014/229
f 1054/828/229 1057/831/207 1058/830/205 1053/829/228
f 1053/829/228 1058/830/205 1056/833/457 1051/832/227
f 1084/834/226 1087/832/177 1089/829/175 1086/835/533
f 1086/1015/533 1089/1016/175 1090/1017/173 1085/1018/224
f 1085/1018/224 1090/1017/173 1088/1019/172 1083/1020/352
f 1087/832/177 1091/833/178 1093/830/176 1089/829/175
f 1089/829/175 1093/830/176 1094/843/174 1090/842/173
f 1090/1017/173 1094/1021/174 1092/1022/171 1088/1019/172
f 1076/1023/222 1092/1022/171 1094/1021/174 1078/1024/221
f 1078/562/221 1094/565/174 1093/564/176 1077/563/220
f 1077/563/220 1093/564/176 1091/567/178 1075/566/219
f 1072/568/234 1080/570/455 1082/569/183 1074/563/233
f 1074/563/233 1082/569/183 1081/572/181 1073/571/232
f 1073/1025/232 1081/1026/181 1079/1027/180 1071/1028/231
f 1068/1029/218 1076/1023/222 1078/1024/221 1070/1030/217
f 1070/1030/217 1078/1024/221 1077/1031/220 1069/1032/216
f 1069/581/216 1077/563/220 1075/566/219 1067/582/215
f 1064/583/214 1072/568/234 1074/563/233 1066/584/213
f 1066/1033/213 1074/1034/233 1073/1025/232 1065/1035/212
f 1065/1035/212 1073/1025/232 1071/1028/231 1063/1036/211
f 1060/589/202 1064/583/214 1066/584/213 1062/590/201
f 1062/1037/201 1066/1033/213 1065/1035/212 1061/1038/200
f 1061/1038/200 1065/1035/212 1063/1036/211 1059/1039/199
f 1043/594/195 1060/589/202 1062/590/201 1045/595/196
f 1045/595/196 1062/590/201 1061/597/200 1046/596/197
f 1046/1010/197 1061/1038/200 1059/1039/199 1044/1007/198
f 1047/1008/193 1095/1040/356 1097/1041/192 1049/1009/191
f 1049/1009/191 1097/1041/192 1098/1042/357 1050/1043/189
f 1050/820/189 1098/835/357 1096/834/187 1048/823/188
f 1095/1040/356 1052/1011/230 1054/1014/229 1097/1041/192
f 1097/1041/192 1054/1014/229 1053/1044/228 1098/1042/357
f 1098/835/357 1053/829/228 1051/832/227 1096/834/187
f 1080/868/455 1103/823/186 1105/820/184 1082/869/183
f 1082/869/183 1105/820/184 1106/821/182 1081/818/181
f 1081/1026/181 1106/1045/182 1104/1046/179 1079/1027/180
f 1103/823/186 1084/834/226 1086/835/533 1105/820/184
f 1105/1047/184 1086/1015/533 1085/1018/224 1106/1045/182
f 1106/1045/182 1085/1018/224 1083/1020/352 1104/1046/179
f 1100/1048/210 1068/1029/218 1070/1030/217 1102/1049/208
f 1102/1049/208 1070/1030/217 1069/1032/216 1101/1050/206
f 1101/590/206 1069/581/216 1067/582/215 1099/609/203
f 1055/1012/209 1100/1048/210 1102/1049/208 1057/1013/207
f 1057/610/207 1102/612/208 1101/590/206 1058/611/205
f 1058/611/205 1101/590/206 1099/609/203 1056/594/457
f 921/412/488 1108/435/513 1110/436/514 928/415/489
f 928/415/489 1110/436/514 1109/437/515 923/613/481
f 923/671/481 1109/708/515 1107/709/516 919/670/478
f 651/121/459 931/452/73 933/450/534 653/119/72
f 653/876/72 933/1051/534 934/1052/535 654/877/71
f 654/877/71 934/1052/535 932/1053/462 652/880/69
f 931/452/73 907/392/466 911/393/469 933/450/534
f 933/450/534 911/393/469 916/617/477 934/451/535
f 934/1052/535 916/920/477 909/919/476 932/1053/462
f 908/660/472 955/733/89 957/731/536 913/663/473
f 913/663/473 957/731/536 958/732/537 917/882/474
f 917/917/474 958/1054/537 956/1055/362 909/919/476
f 955/733/89 572/121/363 574/119/91 957/731/536
f 957/731/536 574/119/91 575/116/87 958/732/537
f 958/1054/537 575/621/87 573/620/90 956/1055/362
f 907/392/466 1140/425/508 1146/426/506 910/395/467
f 910/395/467 1146/426/506 1142/623/503 914/622/470
f 914/661/470 1142/697/503 1139/694/502 908/660/472
f 863/885/465 1131/1056/465 1133/1057/71 865/886/71
f 865/886/71 1133/1057/71 1134/1058/72 866/889/72
f 866/354/72 1134/628/72 1132/627/459 864/357/459
f 1131/1056/465 1141/934/511 1149/931/510 1133/1057/71
f 1133/1057/71 1149/931/510 1145/930/509 1134/1058/72
f 1134/628/72 1145/428/509 1140/425/508 1132/627/459
f 1141/934/511 1135/1059/364 1137/1060/87 1148/935/512
f 1148/935/512 1137/1060/87 1138/1061/91 1143/1062/505
f 1143/695/505 1138/896/91 1136/895/363 1139/694/502
f 1135/1059/364 576/634/364 578/633/87 1137/1060/87
f 1137/1060/87 578/633/87 579/635/91 1138/1061/91
f 1138/896/91 579/354/91 577/357/363 1136/895/363
f 907/392/466 931/452/73 1132/627/459 1140/425/508
f 909/919/476 956/1055/362 1127/951/313 1117/928/500
f 932/1053/462 909/919/476 1117/928/500 1111/942/424
f 955/733/89 908/660/472 1139/694/502 1136/895/363
f 975/715/309 919/670/478 1107/709/516 905/897/253
f 920/922/484 976/936/306 996/973/528 935/944/426
f 921/412/488 936/456/428 896/636/365 1108/435/513
f 365/121/243 327/3/253 903/643/253 1128/733/243
f 573/620/90 364/475/250 1127/951/313 956/1055/362
f 959/953/317 369/475/314 313/637/3 979/964/143
f 368/112/320 960/738/321 901/642/253 327/3/253
f 652/880/69 932/1053/462 1111/942/424 839/719/242
f 931/452/73 651/121/459 864/357/459 1132/627/459
f 951/447/422 656/112/423 614/3/365 900/381/365
f 952/940/416 1039/986/114 604/898/3 655/719/419
f 936/456/428 940/463/422 897/638/365 896/636/365
f 935/944/426 996/973/528 1003/1003/449 939/947/430
f 940/463/422 944/466/435 898/380/365 897/638/365
f 939/947/430 1003/1003/449 1011/997/451 943/942/433
f 944/466/435 948/471/422 899/379/365 898/380/365
f 943/942/433 1011/997/451 1019/991/453 947/949/430
f 948/471/422 951/447/422 900/381/365 899/379/365
f 947/949/430 1019/991/453 1039/986/114 952/940/416
f 572/121/363 955/733/89 1136/895/363 577/357/363
f 960/738/321 964/743/321 902/644/253 901/642/253
f 963/955/323 959/953/317 979/964/143 984/963/335
f 964/743/321 968/746/328 903/643/253 902/644/253
f 967/951/326 963/955/323 984/963/335 988/967/333
f 968/746/328 972/751/321 904/899/253 903/643/253
f 971/957/323 967/951/326 988/967/333 992/970/332
f 972/751/321 975/715/309 905/897/253 904/899/253
f 976/936/306 971/957/323 992/970/332 996/973/528
f 979/964/143 313/637/3 314/639/3 1000/1004/450
f 980/542/146 999/541/147 1060/589/202 1043/594/195
f 983/756/142 980/753/146 1043/822/195 1048/823/188
f 987/764/138 983/756/142 1048/823/188 1096/834/187
f 991/769/133 987/764/138 1096/834/187 1051/832/227
f 995/774/134 991/769/133 1051/832/227 1056/833/457
f 1004/533/154 995/542/134 1056/594/457 1099/609/203
f 1000/1004/450 314/639/3 315/391/3 1008/998/452
f 999/541/147 1007/525/155 1064/583/214 1060/589/202
f 1012/525/162 1004/533/154 1099/609/203 1067/582/215
f 1008/998/452 315/391/3 316/640/3 1016/992/454
f 1007/525/155 1015/524/163 1072/568/234 1064/583/214
f 1020/514/170 1012/525/162 1067/582/215 1075/566/219
f 1016/992/454 316/640/3 317/641/3 1024/974/529
f 1015/524/163 1023/517/123 1080/570/455 1072/568/234
f 1040/517/107 1020/514/170 1075/566/219 1091/567/178
f 1027/975/343 1024/974/529 600/901/3 601/900/3
f 1024/974/529 317/641/3 1/18/3 600/901/3
f 1023/785/123 1028/756/119 1103/823/186 1080/868/455
f 1028/756/119 1032/764/115 1084/834/226 1103/823/186
f 1031/980/342 1027/975/343 601/900/3 602/654/3
f 1032/764/115 1036/769/108 1087/832/177 1084/834/226
f 1035/983/339 1031/980/342 602/654/3 603/902/3
f 1036/769/108 1040/795/107 1091/833/178 1087/832/177
f 1039/986/114 1035/983/339 603/902/3 604/898/3
f 1044/1007/198 1059/1039/199 889/909/3 1047/1008/193
f 1047/1008/193 889/909/3 888/903/3 1095/1040/356
f 1052/1011/230 887/906/3 1100/1048/210 1055/1012/209
f 1095/1040/356 888/903/3 887/906/3 1052/1011/230
f 1059/1039/199 1063/1036/211 892/910/3 889/909/3
f 1063/1036/211 1071/1028/231 895/911/3 892/910/3
f 890/905/3 893/908/3 1076/1023/222 1068/1029/218
f 887/906/3 890/905/3 1068/1029/218 1100/1048/210
f 1071/1028/231 1079/1027/180 1104/1046/179 895/911/3
f 893/908/3 1088/1019/172 1092/1022/171 1076/1023/222
f 894/907/3 1083/1020/352 1088/1019/172 893/908/3
f 895/911/3 1104/1046/179 1083/1020/352 894/907/3
f 903/643/253 1107/709/516 1115/684/490 1128/733/243
f 896/636/365 897/638/365 898/380/365 1108/435/513
f 898/380/365 1112/452/236 1116/416/496 1108/435/513
f 905/897/253 1107/709/516 903/643/253 904/899/253
f 614/3/365 840/121/236 1112/452/236 898/380/365
f 906/904/4 338/391/4 576/634/364 1135/1059/364
f 863/885/465 625/654/4 906/904/4 1131/1056/465
f 1131/1056/465 906/904/4 1135/1059/364 1141/934/511
