# Blender 5.0.1
# www.blender.org
o LEGO_4X2
v 0.000000 0.011906 0.000000
v -0.010000 0.011906 0.000000
v -0.008333 0.011906 0.000000
v -0.006667 0.011906 0.000000
v -0.005000 0.011906 0.000000
v -0.003333 0.011906 0.000000
v -0.001667 0.011906 0.000000
v -0.018333 0.011906 0.000000
v -0.016667 0.011906 0.000000
v -0.015000 0.011906 0.000000
v -0.013333 0.011906 0.000000
v -0.011667 0.011906 0.000000
v 0.000000 0.011906 -0.008333
v 0.000000 0.011906 -0.006667
v 0.000000 0.011906 -0.005000
v 0.000000 0.011906 -0.003333
v 0.000000 0.011906 -0.001667
v -0.010000 0.011906 -0.001667
v -0.010000 0.011906 -0.003333
v -0.010000 0.011906 -0.005000
v -0.010000 0.011906 -0.006667
v -0.010000 0.011906 -0.008333
v -0.006839 0.015579 -0.006754
v -0.007014 0.015579 -0.005000
v -0.006839 0.015579 -0.003246
v -0.005000 0.015579 -0.006898
v -0.005000 0.015579 -0.005000
v -0.005000 0.015579 -0.003102
v -0.003161 0.015579 -0.006754
v -0.002986 0.015579 -0.005000
v -0.003161 0.015579 -0.003246
v -0.016839 0.015579 -0.006754
v -0.017014 0.015579 -0.005000
v -0.016839 0.015579 -0.003246
v -0.015000 0.015579 -0.006898
v -0.015000 0.015579 -0.005000
v -0.015000 0.015579 -0.003102
v -0.013161 0.015579 -0.006754
v -0.012987 0.015579 -0.005000
v -0.013161 0.015579 -0.003246
v 0.000000 0.010215 -0.010000
v -0.020000 0.010215 0.000000
v -0.010000 0.010215 -0.010000
v -0.008333 0.011209 -0.010000
v -0.006667 0.011209 -0.010000
v -0.005000 0.010215 -0.010000
v -0.003333 0.011209 -0.010000
v -0.001667 0.011209 -0.010000
v -0.018333 0.011209 -0.010000
v -0.016667 0.011209 -0.010000
v -0.015000 0.010215 -0.010000
v -0.013333 0.011209 -0.010000
v -0.011667 0.011209 -0.010000
v -0.020000 0.011209 -0.001667
v -0.020000 0.011209 -0.003333
v -0.020000 0.010215 -0.005000
v -0.020000 0.011209 -0.006667
v -0.020000 0.011209 -0.008333
v -0.015000 0.010628 0.000000
v -0.010000 0.010628 -0.005000
v -0.005000 0.010628 -0.005000
v -0.015000 0.010628 -0.005000
v 0.000000 0.010628 0.000000
v -0.005000 0.010628 0.000000
v -0.010000 0.010628 0.000000
v 0.000000 0.010628 -0.005000
v 0.010000 0.011906 0.000000
v 0.008333 0.011906 0.000000
v 0.006667 0.011906 0.000000
v 0.005000 0.011906 0.000000
v 0.003333 0.011906 0.000000
v 0.001667 0.011906 0.000000
v 0.018333 0.011906 0.000000
v 0.016667 0.011906 0.000000
v 0.015000 0.011906 0.000000
v 0.013333 0.011906 0.000000
v 0.011667 0.011906 0.000000
v 0.010000 0.011906 -0.001667
v 0.010000 0.011906 -0.003333
v 0.010000 0.011906 -0.005000
v 0.010000 0.011906 -0.006667
v 0.010000 0.011906 -0.008333
v 0.006839 0.015579 -0.006754
v 0.007014 0.015579 -0.005000
v 0.006839 0.015579 -0.003246
v 0.005000 0.015579 -0.006898
v 0.005000 0.015579 -0.005000
v 0.005000 0.015579 -0.003102
v 0.003161 0.015579 -0.006754
v 0.002986 0.015579 -0.005000
v 0.003161 0.015579 -0.003246
v 0.016839 0.015579 -0.006754
v 0.017014 0.015579 -0.005000
v 0.016839 0.015579 -0.003246
v 0.015000 0.015579 -0.006898
v 0.015000 0.015579 -0.005000
v 0.015000 0.015579 -0.003102
v 0.013161 0.015579 -0.006754
v 0.012987 0.015579 -0.005000
v 0.013161 0.015579 -0.003246
v 0.020000 0.010215 0.000000
v 0.010000 0.010215 -0.010000
v 0.008333 0.011209 -0.010000
v 0.006667 0.011209 -0.010000
v 0.005000 0.010215 -0.010000
v 0.003333 0.011209 -0.010000
v 0.001667 0.011209 -0.010000
v 0.018333 0.011209 -0.010000
v 0.016667 0.011209 -0.010000
v 0.015000 0.010215 -0.010000
v 0.013333 0.011209 -0.010000
v 0.011667 0.011209 -0.010000
v 0.020000 0.011209 -0.001667
v 0.020000 0.011209 -0.003333
v 0.020000 0.010215 -0.005000
v 0.020000 0.011209 -0.006667
v 0.020000 0.011209 -0.008333
v 0.015000 0.010628 0.000000
v 0.010000 0.010628 -0.005000
v 0.005000 0.010628 -0.005000
v 0.015000 0.010628 -0.005000
v 0.005000 0.010628 0.000000
v 0.010000 0.010628 0.000000
v 0.000000 0.011906 0.008333
v 0.000000 0.011906 0.006667
v 0.000000 0.011906 0.005000
v 0.000000 0.011906 0.003333
v 0.000000 0.011906 0.001667
v -0.010000 0.011906 0.001667
v -0.010000 0.011906 0.003333
v -0.010000 0.011906 0.005000
v -0.010000 0.011906 0.006667
v -0.010000 0.011906 0.008333
v -0.006839 0.015579 0.006754
v -0.007014 0.015579 0.005000
v -0.006839 0.015579 0.003246
v -0.005000 0.015579 0.006898
v -0.005000 0.015579 0.005000
v -0.005000 0.015579 0.003102
v -0.003161 0.015579 0.006754
v -0.002986 0.015579 0.005000
v -0.003161 0.015579 0.003246
v -0.016839 0.015579 0.006754
v -0.017014 0.015579 0.005000
v -0.016839 0.015579 0.003246
v -0.015000 0.015579 0.006898
v -0.015000 0.015579 0.005000
v -0.015000 0.015579 0.003102
v -0.013161 0.015579 0.006754
v -0.012987 0.015579 0.005000
v -0.013161 0.015579 0.003246
v 0.000000 0.010215 0.010000
v -0.010000 0.010215 0.010000
v -0.008333 0.011209 0.010000
v -0.006667 0.011209 0.010000
v -0.005000 0.010215 0.010000
v -0.003333 0.011209 0.010000
v -0.001667 0.011209 0.010000
v -0.018333 0.011209 0.010000
v -0.016667 0.011209 0.010000
v -0.015000 0.010215 0.010000
v -0.013333 0.011209 0.010000
v -0.011667 0.011209 0.010000
v -0.020000 0.011209 0.001667
v -0.020000 0.011209 0.003333
v -0.020000 0.010215 0.005000
v -0.020000 0.011209 0.006667
v -0.020000 0.011209 0.008333
v -0.010000 0.010628 0.005000
v -0.005000 0.010628 0.005000
v -0.015000 0.010628 0.005000
v 0.000000 0.010628 0.005000
v 0.010000 0.011906 0.001667
v 0.010000 0.011906 0.003333
v 0.010000 0.011906 0.005000
v 0.010000 0.011906 0.006667
v 0.010000 0.011906 0.008333
v 0.006839 0.015579 0.006754
v 0.007014 0.015579 0.005000
v 0.006839 0.015579 0.003246
v 0.005000 0.015579 0.006898
v 0.005000 0.015579 0.005000
v 0.005000 0.015579 0.003102
v 0.003161 0.015579 0.006754
v 0.002986 0.015579 0.005000
v 0.003161 0.015579 0.003246
v 0.016839 0.015579 0.006754
v 0.017014 0.015579 0.005000
v 0.016839 0.015579 0.003246
v 0.015000 0.015579 0.006898
v 0.015000 0.015579 0.005000
v 0.015000 0.015579 0.003102
v 0.013161 0.015579 0.006754
v 0.012987 0.015579 0.005000
v 0.013161 0.015579 0.003246
v 0.010000 0.010215 0.010000
v 0.008333 0.011209 0.010000
v 0.006667 0.011209 0.010000
v 0.005000 0.010215 0.010000
v 0.003333 0.011209 0.010000
v 0.001667 0.011209 0.010000
v 0.018333 0.011209 0.010000
v 0.016667 0.011209 0.010000
v 0.015000 0.010215 0.010000
v 0.013333 0.011209 0.010000
v 0.011667 0.011209 0.010000
v 0.020000 0.011209 0.001667
v 0.020000 0.011209 0.003333
v 0.020000 0.010215 0.005000
v 0.020000 0.011209 0.006667
v 0.020000 0.011209 0.008333
v 0.010000 0.010628 0.005000
v 0.005000 0.010628 0.005000
v 0.015000 0.010628 0.005000
v -0.017446 0.000250 -0.007696
v -0.017696 0.000250 -0.007446
v -0.017946 0.000000 -0.007946
v -0.017568 0.000250 -0.007659
v -0.017605 0.000128 -0.007732
v -0.017654 0.000132 -0.007695
v -0.017732 0.000128 -0.007605
v -0.017659 0.000250 -0.007568
v -0.017696 0.000132 -0.007654
v -0.017787 0.000037 -0.007824
v -0.017824 0.000037 -0.007787
v -0.017738 0.000064 -0.007738
v -0.020000 0.011656 -0.009750
v -0.019750 0.011906 -0.009750
v -0.019750 0.011656 -0.010000
v -0.019967 0.011781 -0.009750
v -0.019967 0.011656 -0.009875
v -0.019934 0.011776 -0.009870
v -0.019750 0.011873 -0.009875
v -0.019875 0.011873 -0.009750
v -0.019870 0.011840 -0.009870
v -0.019875 0.011656 -0.009967
v -0.019750 0.011781 -0.009967
v -0.019870 0.011776 -0.009934
v 0.000000 0.000250 -0.010000
v 0.000000 0.000000 -0.009750
v 0.000000 0.000125 -0.009967
v 0.000000 0.000033 -0.009875
v 0.000000 0.011906 -0.009750
v 0.000000 0.011656 -0.010000
v 0.000000 0.011872 -0.009875
v 0.000000 0.011781 -0.009967
v -0.019750 0.000000 0.000000
v -0.020000 0.000250 0.000000
v -0.019875 0.000033 0.000000
v -0.019967 0.000125 0.000000
v -0.020000 0.011656 0.000000
v -0.019750 0.011906 0.000000
v -0.019967 0.011781 0.000000
v -0.019875 0.011872 0.000000
v -0.010000 0.000250 -0.007696
v -0.010000 0.000000 -0.007946
v -0.010000 0.000125 -0.007729
v -0.010000 0.000033 -0.007821
v -0.010000 0.011906 -0.009750
v -0.010000 0.011656 -0.010000
v -0.010000 0.011872 -0.009875
v -0.010000 0.011781 -0.009967
v -0.008249 0.011906 -0.009750
v -0.008333 0.011656 -0.010000
v -0.008291 0.011872 -0.009875
v -0.008322 0.011781 -0.009967
v -0.006621 0.011906 -0.009750
v -0.006667 0.011656 -0.010000
v -0.006644 0.011872 -0.009875
v -0.006661 0.011781 -0.009967
v -0.005000 0.011906 -0.009750
v -0.005000 0.011656 -0.010000
v -0.005000 0.011872 -0.009875
v -0.005000 0.011781 -0.009967
v -0.003379 0.011906 -0.009750
v -0.003333 0.011656 -0.010000
v -0.003356 0.011872 -0.009875
v -0.003340 0.011781 -0.009967
v -0.001667 0.011656 -0.010000
v -0.001751 0.011906 -0.009750
v -0.001678 0.011781 -0.009967
v -0.001709 0.011872 -0.009875
v -0.005000 0.000250 -0.007696
v -0.005000 0.000000 -0.007946
v -0.005000 0.000125 -0.007729
v -0.005000 0.000033 -0.007821
v -0.015000 0.000250 -0.007696
v -0.015000 0.000000 -0.007946
v -0.015000 0.000125 -0.007729
v -0.015000 0.000033 -0.007821
v -0.018249 0.011906 -0.009750
v -0.018333 0.011656 -0.010000
v -0.018291 0.011872 -0.009875
v -0.018322 0.011781 -0.009967
v -0.016621 0.011906 -0.009750
v -0.016667 0.011656 -0.010000
v -0.016644 0.011872 -0.009875
v -0.016661 0.011781 -0.009967
v -0.015000 0.011906 -0.009750
v -0.015000 0.011656 -0.010000
v -0.015000 0.011872 -0.009875
v -0.015000 0.011781 -0.009967
v -0.013379 0.011906 -0.009750
v -0.013333 0.011656 -0.010000
v -0.013356 0.011872 -0.009875
v -0.013340 0.011781 -0.009967
v -0.011667 0.011656 -0.010000
v -0.011751 0.011906 -0.009750
v -0.011678 0.011781 -0.009967
v -0.011709 0.011872 -0.009875
v -0.017696 0.000250 -0.005000
v -0.017946 0.000000 -0.005000
v -0.017729 0.000125 -0.005000
v -0.017821 0.000033 -0.005000
v -0.019750 0.011906 -0.001751
v -0.020000 0.011656 -0.001667
v -0.019875 0.011872 -0.001709
v -0.019967 0.011781 -0.001678
v -0.019750 0.011906 -0.003379
v -0.020000 0.011656 -0.003333
v -0.019875 0.011872 -0.003356
v -0.019967 0.011781 -0.003340
v -0.019750 0.011906 -0.005000
v -0.020000 0.011656 -0.005000
v -0.019875 0.011872 -0.005000
v -0.019967 0.011781 -0.005000
v -0.019750 0.011906 -0.006621
v -0.020000 0.011656 -0.006667
v -0.019875 0.011872 -0.006644
v -0.019967 0.011781 -0.006661
v -0.020000 0.011656 -0.008333
v -0.019750 0.011906 -0.008249
v -0.019967 0.011781 -0.008322
v -0.019875 0.011872 -0.008291
v -0.007653 0.011906 -0.002347
v -0.007480 0.012156 -0.002520
v -0.007567 0.011939 -0.002433
v -0.007504 0.012031 -0.002497
v -0.008241 0.012156 -0.003658
v -0.008497 0.011906 -0.003610
v -0.008275 0.012031 -0.003651
v -0.008369 0.011939 -0.003634
v -0.008508 0.012156 -0.005000
v -0.008773 0.011906 -0.005000
v -0.008543 0.012031 -0.005000
v -0.008640 0.011939 -0.005000
v -0.008241 0.012156 -0.006342
v -0.008497 0.011906 -0.006390
v -0.008275 0.012031 -0.006349
v -0.008369 0.011939 -0.006366
v -0.007480 0.012156 -0.007480
v -0.007653 0.011906 -0.007653
v -0.007504 0.012031 -0.007504
v -0.007567 0.011939 -0.007567
v -0.006342 0.012156 -0.001759
v -0.006390 0.011906 -0.001503
v -0.006349 0.012031 -0.001725
v -0.006366 0.011939 -0.001631
v -0.006390 0.011906 -0.008497
v -0.006342 0.012156 -0.008241
v -0.006366 0.011939 -0.008369
v -0.006349 0.012031 -0.008275
v -0.005000 0.012156 -0.001492
v -0.005000 0.011906 -0.001227
v -0.005000 0.012031 -0.001457
v -0.005000 0.011939 -0.001360
v -0.005000 0.011906 -0.008773
v -0.005000 0.012156 -0.008508
v -0.005000 0.011939 -0.008640
v -0.005000 0.012031 -0.008543
v -0.003658 0.012156 -0.001759
v -0.003610 0.011906 -0.001503
v -0.003651 0.012031 -0.001725
v -0.003634 0.011939 -0.001631
v -0.003610 0.011906 -0.008497
v -0.003658 0.012156 -0.008241
v -0.003634 0.011939 -0.008369
v -0.003651 0.012031 -0.008275
v -0.002520 0.012156 -0.002520
v -0.002347 0.011906 -0.002347
v -0.002497 0.012031 -0.002497
v -0.002433 0.011939 -0.002433
v -0.001503 0.011906 -0.003610
v -0.001759 0.012156 -0.003658
v -0.001631 0.011939 -0.003634
v -0.001725 0.012031 -0.003651
v -0.001227 0.011906 -0.005000
v -0.001492 0.012156 -0.005000
v -0.001360 0.011939 -0.005000
v -0.001457 0.012031 -0.005000
v -0.001503 0.011906 -0.006390
v -0.001759 0.012156 -0.006342
v -0.001631 0.011939 -0.006366
v -0.001725 0.012031 -0.006349
v -0.002347 0.011906 -0.007653
v -0.002520 0.012156 -0.007480
v -0.002433 0.011939 -0.007567
v -0.002497 0.012031 -0.007504
v -0.017653 0.011906 -0.002347
v -0.017480 0.012156 -0.002520
v -0.017567 0.011939 -0.002433
v -0.017504 0.012031 -0.002497
v -0.018241 0.012156 -0.003658
v -0.018497 0.011906 -0.003610
v -0.018275 0.012031 -0.003651
v -0.018369 0.011939 -0.003634
v -0.018508 0.012156 -0.005000
v -0.018773 0.011906 -0.005000
v -0.018543 0.012031 -0.005000
v -0.018640 0.011939 -0.005000
v -0.018241 0.012156 -0.006342
v -0.018497 0.011906 -0.006390
v -0.018275 0.012031 -0.006349
v -0.018369 0.011939 -0.006366
v -0.017480 0.012156 -0.007480
v -0.017653 0.011906 -0.007653
v -0.017504 0.012031 -0.007504
v -0.017567 0.011939 -0.007567
v -0.016342 0.012156 -0.001759
v -0.016390 0.011906 -0.001503
v -0.016349 0.012031 -0.001725
v -0.016366 0.011939 -0.001631
v -0.016390 0.011906 -0.008497
v -0.016342 0.012156 -0.008241
v -0.016366 0.011939 -0.008369
v -0.016349 0.012031 -0.008275
v -0.015000 0.012156 -0.001492
v -0.015000 0.011906 -0.001227
v -0.015000 0.012031 -0.001457
v -0.015000 0.011939 -0.001360
v -0.015000 0.011906 -0.008773
v -0.015000 0.012156 -0.008508
v -0.015000 0.011939 -0.008640
v -0.015000 0.012031 -0.008543
v -0.013658 0.012156 -0.001759
v -0.013611 0.011906 -0.001503
v -0.013651 0.012031 -0.001725
v -0.013634 0.011939 -0.001631
v -0.013611 0.011906 -0.008497
v -0.013658 0.012156 -0.008241
v -0.013634 0.011939 -0.008369
v -0.013651 0.012031 -0.008275
v -0.012520 0.012156 -0.002520
v -0.012347 0.011906 -0.002347
v -0.012497 0.012031 -0.002497
v -0.012433 0.011939 -0.002433
v -0.011503 0.011906 -0.003610
v -0.011759 0.012156 -0.003658
v -0.011631 0.011939 -0.003634
v -0.011725 0.012031 -0.003651
v -0.011227 0.011906 -0.005000
v -0.011492 0.012156 -0.005000
v -0.011360 0.011939 -0.005000
v -0.011457 0.012031 -0.005000
v -0.011503 0.011906 -0.006390
v -0.011759 0.012156 -0.006342
v -0.011631 0.011939 -0.006366
v -0.011725 0.012031 -0.006349
v -0.012347 0.011906 -0.007653
v -0.012520 0.012156 -0.007480
v -0.012433 0.011939 -0.007567
v -0.012497 0.012031 -0.007504
v -0.008221 0.015579 -0.005000
v -0.008508 0.015329 -0.005000
v -0.008364 0.015546 -0.005000
v -0.008469 0.015454 -0.005000
v -0.007326 0.015579 -0.007340
v -0.007480 0.015329 -0.007480
v -0.007403 0.015546 -0.007410
v -0.007460 0.015454 -0.007462
v -0.006446 0.015579 -0.002070
v -0.006342 0.015329 -0.001759
v -0.006394 0.015546 -0.001915
v -0.006356 0.015454 -0.001801
v -0.005000 0.015579 -0.001781
v -0.005000 0.015329 -0.001492
v -0.005000 0.015546 -0.001637
v -0.005000 0.015454 -0.001531
v -0.005000 0.015329 -0.008508
v -0.005000 0.015579 -0.008219
v -0.005000 0.015454 -0.008469
v -0.005000 0.015546 -0.008363
v -0.003554 0.015579 -0.002070
v -0.003658 0.015329 -0.001759
v -0.003606 0.015546 -0.001915
v -0.003644 0.015454 -0.001801
v -0.002674 0.015579 -0.002660
v -0.002520 0.015329 -0.002520
v -0.002597 0.015546 -0.002590
v -0.002540 0.015454 -0.002539
v -0.001759 0.015329 -0.003658
v -0.002066 0.015579 -0.003568
v -0.001800 0.015454 -0.003646
v -0.001912 0.015546 -0.003613
v -0.002674 0.015579 -0.007340
v -0.002520 0.015329 -0.007480
v -0.002597 0.015546 -0.007410
v -0.002540 0.015454 -0.007462
v -0.017480 0.015329 -0.002520
v -0.017326 0.015579 -0.002660
v -0.017460 0.015454 -0.002539
v -0.017403 0.015546 -0.002590
v -0.017935 0.015579 -0.003568
v -0.018241 0.015329 -0.003658
v -0.018088 0.015546 -0.003613
v -0.018200 0.015454 -0.003646
v -0.018241 0.015329 -0.006342
v -0.017935 0.015579 -0.006432
v -0.018200 0.015454 -0.006354
v -0.018088 0.015546 -0.006387
v -0.017326 0.015579 -0.007340
v -0.017480 0.015329 -0.007480
v -0.017403 0.015546 -0.007410
v -0.017460 0.015454 -0.007462
v -0.016446 0.015579 -0.002070
v -0.016342 0.015329 -0.001759
v -0.016394 0.015546 -0.001915
v -0.016356 0.015454 -0.001801
v -0.015000 0.015579 -0.001781
v -0.015000 0.015329 -0.001492
v -0.015000 0.015546 -0.001637
v -0.015000 0.015454 -0.001531
v -0.015000 0.015329 -0.008508
v -0.015000 0.015579 -0.008219
v -0.015000 0.015454 -0.008469
v -0.015000 0.015546 -0.008363
v -0.013554 0.015579 -0.002070
v -0.013658 0.015329 -0.001759
v -0.013606 0.015546 -0.001915
v -0.013644 0.015454 -0.001801
v -0.013658 0.015329 -0.008241
v -0.013554 0.015579 -0.007930
v -0.013644 0.015454 -0.008199
v -0.013606 0.015546 -0.008085
v -0.012674 0.015579 -0.002660
v -0.012520 0.015329 -0.002520
v -0.012597 0.015546 -0.002590
v -0.012540 0.015454 -0.002539
v -0.011779 0.015579 -0.005000
v -0.011492 0.015329 -0.005000
v -0.011636 0.015546 -0.005000
v -0.011531 0.015454 -0.005000
v -0.011759 0.015329 -0.006342
v -0.012066 0.015579 -0.006432
v -0.011800 0.015454 -0.006354
v -0.011912 0.015546 -0.006387
v -0.012520 0.015329 -0.007480
v -0.012674 0.015579 -0.007340
v -0.012540 0.015454 -0.007462
v -0.012597 0.015546 -0.007410
v -0.007480 0.015329 -0.002520
v -0.007326 0.015579 -0.002660
v -0.007460 0.015454 -0.002539
v -0.007403 0.015546 -0.002590
v -0.007935 0.015579 -0.003568
v -0.008241 0.015329 -0.003658
v -0.008088 0.015546 -0.003613
v -0.008200 0.015454 -0.003646
v -0.007935 0.015579 -0.006432
v -0.008241 0.015329 -0.006342
v -0.008088 0.015546 -0.006387
v -0.008200 0.015454 -0.006354
v -0.006342 0.015329 -0.008241
v -0.006446 0.015579 -0.007930
v -0.006356 0.015454 -0.008199
v -0.006394 0.015546 -0.008085
v -0.001779 0.015579 -0.005000
v -0.001492 0.015329 -0.005000
v -0.001636 0.015546 -0.005000
v -0.001531 0.015454 -0.005000
v -0.001759 0.015329 -0.006342
v -0.002066 0.015579 -0.006432
v -0.001800 0.015454 -0.006354
v -0.001912 0.015546 -0.006387
v -0.003658 0.015329 -0.008241
v -0.003554 0.015579 -0.007930
v -0.003644 0.015454 -0.008199
v -0.003606 0.015546 -0.008085
v -0.018221 0.015579 -0.005000
v -0.018508 0.015329 -0.005000
v -0.018364 0.015546 -0.005000
v -0.018469 0.015454 -0.005000
v -0.016342 0.015329 -0.008241
v -0.016446 0.015579 -0.007930
v -0.016356 0.015454 -0.008199
v -0.016394 0.015546 -0.008085
v -0.011759 0.015329 -0.003658
v -0.012066 0.015579 -0.003568
v -0.011800 0.015454 -0.003646
v -0.011912 0.015546 -0.003613
v -0.020000 0.010215 -0.009750
v -0.019750 0.010215 -0.010000
v -0.019967 0.010215 -0.009875
v -0.019875 0.010215 -0.009967
v -0.005000 0.000000 -0.009750
v -0.005000 0.000250 -0.010000
v -0.005000 0.000033 -0.009875
v -0.005000 0.000125 -0.009967
v 0.000000 0.000000 -0.007946
v 0.000000 0.000250 -0.007696
v 0.000000 0.000033 -0.007821
v 0.000000 0.000125 -0.007729
v -0.010000 0.000000 -0.009750
v -0.010000 0.000250 -0.010000
v -0.010000 0.000033 -0.009875
v -0.010000 0.000125 -0.009967
v -0.015000 0.000000 -0.009750
v -0.015000 0.000250 -0.010000
v -0.015000 0.000033 -0.009875
v -0.015000 0.000125 -0.009967
v -0.020000 0.000250 -0.009750
v -0.019750 0.000250 -0.010000
v -0.019750 0.000000 -0.009750
v -0.019967 0.000250 -0.009875
v -0.019967 0.000125 -0.009750
v -0.019934 0.000130 -0.009870
v -0.019750 0.000125 -0.009967
v -0.019875 0.000250 -0.009967
v -0.019870 0.000130 -0.009934
v -0.019875 0.000033 -0.009750
v -0.019750 0.000033 -0.009875
v -0.019870 0.000066 -0.009870
v -0.019750 0.000000 -0.005000
v -0.020000 0.000250 -0.005000
v -0.019875 0.000033 -0.005000
v -0.019967 0.000125 -0.005000
v -0.017696 0.000250 0.000000
v -0.017946 0.000000 0.000000
v -0.017729 0.000125 0.000000
v -0.017821 0.000033 0.000000
v -0.017446 0.010628 0.000000
v -0.017696 0.010378 0.000000
v -0.017571 0.010595 0.000000
v -0.017662 0.010503 0.000000
v -0.010000 0.010628 -0.007446
v -0.010000 0.010378 -0.007696
v -0.010000 0.010595 -0.007571
v -0.010000 0.010503 -0.007662
v -0.005000 0.010628 -0.007446
v -0.005000 0.010378 -0.007696
v -0.005000 0.010595 -0.007571
v -0.005000 0.010503 -0.007662
v -0.015000 0.010628 -0.007446
v -0.015000 0.010378 -0.007696
v -0.015000 0.010595 -0.007571
v -0.015000 0.010503 -0.007662
v -0.017446 0.010628 -0.005000
v -0.017696 0.010378 -0.005000
v -0.017571 0.010595 -0.005000
v -0.017662 0.010503 -0.005000
v 0.000000 0.010378 -0.007696
v 0.000000 0.010628 -0.007446
v 0.000000 0.010503 -0.007662
v 0.000000 0.010595 -0.007571
v -0.017696 0.010378 -0.007446
v -0.017446 0.010378 -0.007696
v -0.017446 0.010628 -0.007446
v -0.017662 0.010378 -0.007571
v -0.017662 0.010503 -0.007446
v -0.017630 0.010498 -0.007565
v -0.017446 0.010503 -0.007662
v -0.017571 0.010378 -0.007662
v -0.017565 0.010498 -0.007630
v -0.017571 0.010595 -0.007446
v -0.017446 0.010595 -0.007571
v -0.017565 0.010562 -0.007565
v 0.017446 0.000250 -0.007696
v 0.017946 0.000000 -0.007946
v 0.017696 0.000250 -0.007446
v 0.017605 0.000128 -0.007732
v 0.017568 0.000250 -0.007659
v 0.017654 0.000132 -0.007695
v 0.017824 0.000037 -0.007787
v 0.017787 0.000037 -0.007824
v 0.017738 0.000064 -0.007738
v 0.017659 0.000250 -0.007568
v 0.017732 0.000128 -0.007605
v 0.017696 0.000132 -0.007654
v 0.020000 0.011656 -0.009750
v 0.019750 0.011656 -0.010000
v 0.019750 0.011906 -0.009750
v 0.019967 0.011656 -0.009875
v 0.019967 0.011781 -0.009750
v 0.019934 0.011776 -0.009870
v 0.019750 0.011781 -0.009967
v 0.019875 0.011656 -0.009967
v 0.019870 0.011776 -0.009934
v 0.019875 0.011873 -0.009750
v 0.019750 0.011873 -0.009875
v 0.019870 0.011840 -0.009870
v 0.020000 0.000250 0.000000
v 0.019750 0.000000 0.000000
v 0.019967 0.000125 0.000000
v 0.019875 0.000033 0.000000
v 0.019750 0.011906 0.000000
v 0.020000 0.011656 0.000000
v 0.019875 0.011872 0.000000
v 0.019967 0.011781 0.000000
v 0.010000 0.000000 -0.007946
v 0.010000 0.000250 -0.007696
v 0.010000 0.000033 -0.007821
v 0.010000 0.000125 -0.007729
v 0.010000 0.011656 -0.010000
v 0.010000 0.011906 -0.009750
v 0.010000 0.011781 -0.009967
v 0.010000 0.011872 -0.009875
v 0.008333 0.011656 -0.010000
v 0.008249 0.011906 -0.009750
v 0.008322 0.011781 -0.009967
v 0.008291 0.011872 -0.009875
v 0.006667 0.011656 -0.010000
v 0.006621 0.011906 -0.009750
v 0.006661 0.011781 -0.009967
v 0.006644 0.011872 -0.009875
v 0.005000 0.011656 -0.010000
v 0.005000 0.011906 -0.009750
v 0.005000 0.011781 -0.009967
v 0.005000 0.011872 -0.009875
v 0.003333 0.011656 -0.010000
v 0.003379 0.011906 -0.009750
v 0.003340 0.011781 -0.009967
v 0.003356 0.011872 -0.009875
v 0.001751 0.011906 -0.009750
v 0.001667 0.011656 -0.010000
v 0.001709 0.011872 -0.009875
v 0.001678 0.011781 -0.009967
v 0.005000 0.000000 -0.007946
v 0.005000 0.000250 -0.007696
v 0.005000 0.000033 -0.007821
v 0.005000 0.000125 -0.007729
v 0.015000 0.000000 -0.007946
v 0.015000 0.000250 -0.007696
v 0.015000 0.000033 -0.007821
v 0.015000 0.000125 -0.007729
v 0.018333 0.011656 -0.010000
v 0.018249 0.011906 -0.009750
v 0.018322 0.011781 -0.009967
v 0.018291 0.011872 -0.009875
v 0.016667 0.011656 -0.010000
v 0.016621 0.011906 -0.009750
v 0.016661 0.011781 -0.009967
v 0.016644 0.011872 -0.009875
v 0.015000 0.011656 -0.010000
v 0.015000 0.011906 -0.009750
v 0.015000 0.011781 -0.009967
v 0.015000 0.011872 -0.009875
v 0.013333 0.011656 -0.010000
v 0.013379 0.011906 -0.009750
v 0.013340 0.011781 -0.009967
v 0.013356 0.011872 -0.009875
v 0.011751 0.011906 -0.009750
v 0.011667 0.011656 -0.010000
v 0.011709 0.011872 -0.009875
v 0.011678 0.011781 -0.009967
v 0.017946 0.000000 -0.005000
v 0.017696 0.000250 -0.005000
v 0.017821 0.000033 -0.005000
v 0.017729 0.000125 -0.005000
v 0.020000 0.011656 -0.001667
v 0.019750 0.011906 -0.001751
v 0.019967 0.011781 -0.001678
v 0.019875 0.011872 -0.001709
v 0.020000 0.011656 -0.003333
v 0.019750 0.011906 -0.003379
v 0.019967 0.011781 -0.003340
v 0.019875 0.011872 -0.003356
v 0.020000 0.011656 -0.005000
v 0.019750 0.011906 -0.005000
v 0.019967 0.011781 -0.005000
v 0.019875 0.011872 -0.005000
v 0.020000 0.011656 -0.006667
v 0.019750 0.011906 -0.006621
v 0.019967 0.011781 -0.006661
v 0.019875 0.011872 -0.006644
v 0.019750 0.011906 -0.008249
v 0.020000 0.011656 -0.008333
v 0.019875 0.011872 -0.008291
v 0.019967 0.011781 -0.008322
v 0.007480 0.012156 -0.002520
v 0.007653 0.011906 -0.002347
v 0.007504 0.012031 -0.002497
v 0.007567 0.011939 -0.002433
v 0.008497 0.011906 -0.003610
v 0.008241 0.012156 -0.003658
v 0.008369 0.011939 -0.003634
v 0.008275 0.012031 -0.003651
v 0.008773 0.011906 -0.005000
v 0.008508 0.012156 -0.005000
v 0.008640 0.011939 -0.005000
v 0.008543 0.012031 -0.005000
v 0.008497 0.011906 -0.006390
v 0.008241 0.012156 -0.006342
v 0.008369 0.011939 -0.006366
v 0.008275 0.012031 -0.006349
v 0.007653 0.011906 -0.007653
v 0.007480 0.012156 -0.007480
v 0.007567 0.011939 -0.007567
v 0.007504 0.012031 -0.007504
v 0.006390 0.011906 -0.001503
v 0.006342 0.012156 -0.001759
v 0.006366 0.011939 -0.001631
v 0.006349 0.012031 -0.001725
v 0.006342 0.012156 -0.008241
v 0.006390 0.011906 -0.008497
v 0.006349 0.012031 -0.008275
v 0.006366 0.011939 -0.008369
v 0.005000 0.011906 -0.001227
v 0.005000 0.012156 -0.001492
v 0.005000 0.011939 -0.001360
v 0.005000 0.012031 -0.001457
v 0.005000 0.012156 -0.008508
v 0.005000 0.011906 -0.008773
v 0.005000 0.012031 -0.008543
v 0.005000 0.011939 -0.008640
v 0.003610 0.011906 -0.001503
v 0.003658 0.012156 -0.001759
v 0.003634 0.011939 -0.001631
v 0.003651 0.012031 -0.001725
v 0.003658 0.012156 -0.008241
v 0.003610 0.011906 -0.008497
v 0.003651 0.012031 -0.008275
v 0.003634 0.011939 -0.008369
v 0.002347 0.011906 -0.002347
v 0.002520 0.012156 -0.002520
v 0.002433 0.011939 -0.002433
v 0.002497 0.012031 -0.002497
v 0.001759 0.012156 -0.003658
v 0.001503 0.011906 -0.003610
v 0.001725 0.012031 -0.003651
v 0.001631 0.011939 -0.003634
v 0.001492 0.012156 -0.005000
v 0.001227 0.011906 -0.005000
v 0.001457 0.012031 -0.005000
v 0.001360 0.011939 -0.005000
v 0.001759 0.012156 -0.006342
v 0.001503 0.011906 -0.006390
v 0.001725 0.012031 -0.006349
v 0.001631 0.011939 -0.006366
v 0.002520 0.012156 -0.007480
v 0.002347 0.011906 -0.007653
v 0.002497 0.012031 -0.007504
v 0.002433 0.011939 -0.007567
v 0.017480 0.012156 -0.002520
v 0.017653 0.011906 -0.002347
v 0.017504 0.012031 -0.002497
v 0.017567 0.011939 -0.002433
v 0.018497 0.011906 -0.003610
v 0.018241 0.012156 -0.003658
v 0.018369 0.011939 -0.003634
v 0.018275 0.012031 -0.003651
v 0.018773 0.011906 -0.005000
v 0.018508 0.012156 -0.005000
v 0.018640 0.011939 -0.005000
v 0.018543 0.012031 -0.005000
v 0.018497 0.011906 -0.006390
v 0.018241 0.012156 -0.006342
v 0.018369 0.011939 -0.006366
v 0.018275 0.012031 -0.006349
v 0.017653 0.011906 -0.007653
v 0.017480 0.012156 -0.007480
v 0.017567 0.011939 -0.007567
v 0.017504 0.012031 -0.007504
v 0.016390 0.011906 -0.001503
v 0.016342 0.012156 -0.001759
v 0.016366 0.011939 -0.001631
v 0.016349 0.012031 -0.001725
v 0.016342 0.012156 -0.008241
v 0.016390 0.011906 -0.008497
v 0.016349 0.012031 -0.008275
v 0.016366 0.011939 -0.008369
v 0.015000 0.011906 -0.001227
v 0.015000 0.012156 -0.001492
v 0.015000 0.011939 -0.001360
v 0.015000 0.012031 -0.001457
v 0.015000 0.012156 -0.008508
v 0.015000 0.011906 -0.008773
v 0.015000 0.012031 -0.008543
v 0.015000 0.011939 -0.008640
v 0.013611 0.011906 -0.001503
v 0.013658 0.012156 -0.001759
v 0.013634 0.011939 -0.001631
v 0.013651 0.012031 -0.001725
v 0.013658 0.012156 -0.008241
v 0.013611 0.011906 -0.008497
v 0.013651 0.012031 -0.008275
v 0.013634 0.011939 -0.008369
v 0.012347 0.011906 -0.002347
v 0.012520 0.012156 -0.002520
v 0.012433 0.011939 -0.002433
v 0.012497 0.012031 -0.002497
v 0.011759 0.012156 -0.003658
v 0.011503 0.011906 -0.003610
v 0.011725 0.012031 -0.003651
v 0.011631 0.011939 -0.003634
v 0.011492 0.012156 -0.005000
v 0.011227 0.011906 -0.005000
v 0.011457 0.012031 -0.005000
v 0.011360 0.011939 -0.005000
v 0.011759 0.012156 -0.006342
v 0.011503 0.011906 -0.006390
v 0.011725 0.012031 -0.006349
v 0.011631 0.011939 -0.006366
v 0.012520 0.012156 -0.007480
v 0.012347 0.011906 -0.007653
v 0.012497 0.012031 -0.007504
v 0.012433 0.011939 -0.007567
v 0.008508 0.015329 -0.005000
v 0.008221 0.015579 -0.005000
v 0.008469 0.015454 -0.005000
v 0.008364 0.015546 -0.005000
v 0.007326 0.015579 -0.007340
v 0.007480 0.015329 -0.007480
v 0.007403 0.015546 -0.007410
v 0.007460 0.015454 -0.007462
v 0.006342 0.015329 -0.001759
v 0.006446 0.015579 -0.002070
v 0.006356 0.015454 -0.001801
v 0.006394 0.015546 -0.001915
v 0.005000 0.015329 -0.001492
v 0.005000 0.015579 -0.001781
v 0.005000 0.015454 -0.001531
v 0.005000 0.015546 -0.001637
v 0.005000 0.015579 -0.008219
v 0.005000 0.015329 -0.008508
v 0.005000 0.015546 -0.008363
v 0.005000 0.015454 -0.008469
v 0.003658 0.015329 -0.001759
v 0.003554 0.015579 -0.002070
v 0.003644 0.015454 -0.001801
v 0.003606 0.015546 -0.001915
v 0.002520 0.015329 -0.002520
v 0.002674 0.015579 -0.002660
v 0.002540 0.015454 -0.002539
v 0.002597 0.015546 -0.002590
v 0.002066 0.015579 -0.003568
v 0.001759 0.015329 -0.003658
v 0.001912 0.015546 -0.003613
v 0.001800 0.015454 -0.003646
v 0.002674 0.015579 -0.007340
v 0.002520 0.015329 -0.007480
v 0.002597 0.015546 -0.007410
v 0.002540 0.015454 -0.007462
v 0.017326 0.015579 -0.002660
v 0.017480 0.015329 -0.002520
v 0.017403 0.015546 -0.002590
v 0.017460 0.015454 -0.002539
v 0.018241 0.015329 -0.003658
v 0.017935 0.015579 -0.003568
v 0.018200 0.015454 -0.003646
v 0.018088 0.015546 -0.003613
v 0.017935 0.015579 -0.006432
v 0.018241 0.015329 -0.006342
v 0.018088 0.015546 -0.006387
v 0.018200 0.015454 -0.006354
v 0.017326 0.015579 -0.007340
v 0.017480 0.015329 -0.007480
v 0.017403 0.015546 -0.007410
v 0.017460 0.015454 -0.007462
v 0.016342 0.015329 -0.001759
v 0.016446 0.015579 -0.002070
v 0.016356 0.015454 -0.001801
v 0.016394 0.015546 -0.001915
v 0.015000 0.015329 -0.001492
v 0.015000 0.015579 -0.001781
v 0.015000 0.015454 -0.001531
v 0.015000 0.015546 -0.001637
v 0.015000 0.015579 -0.008219
v 0.015000 0.015329 -0.008508
v 0.015000 0.015546 -0.008363
v 0.015000 0.015454 -0.008469
v 0.013658 0.015329 -0.001759
v 0.013554 0.015579 -0.002070
v 0.013644 0.015454 -0.001801
v 0.013606 0.015546 -0.001915
v 0.013554 0.015579 -0.007930
v 0.013658 0.015329 -0.008241
v 0.013606 0.015546 -0.008085
v 0.013644 0.015454 -0.008199
v 0.012674 0.015579 -0.002660
v 0.012520 0.015329 -0.002520
v 0.012597 0.015546 -0.002590
v 0.012540 0.015454 -0.002539
v 0.011492 0.015329 -0.005000
v 0.011779 0.015579 -0.005000
v 0.011531 0.015454 -0.005000
v 0.011636 0.015546 -0.005000
v 0.012066 0.015579 -0.006432
v 0.011759 0.015329 -0.006342
v 0.011912 0.015546 -0.006387
v 0.011800 0.015454 -0.006354
v 0.012674 0.015579 -0.007340
v 0.012520 0.015329 -0.007480
v 0.012597 0.015546 -0.007410
v 0.012540 0.015454 -0.007462
v 0.007326 0.015579 -0.002660
v 0.007480 0.015329 -0.002520
v 0.007403 0.015546 -0.002590
v 0.007460 0.015454 -0.002539
v 0.008241 0.015329 -0.003658
v 0.007935 0.015579 -0.003568
v 0.008200 0.015454 -0.003646
v 0.008088 0.015546 -0.003613
v 0.008241 0.015329 -0.006342
v 0.007935 0.015579 -0.006432
v 0.008200 0.015454 -0.006354
v 0.008088 0.015546 -0.006387
v 0.006446 0.015579 -0.007930
v 0.006342 0.015329 -0.008241
v 0.006394 0.015546 -0.008085
v 0.006356 0.015454 -0.008199
v 0.001492 0.015329 -0.005000
v 0.001779 0.015579 -0.005000
v 0.001531 0.015454 -0.005000
v 0.001636 0.015546 -0.005000
v 0.002066 0.015579 -0.006432
v 0.001759 0.015329 -0.006342
v 0.001912 0.015546 -0.006387
v 0.001800 0.015454 -0.006354
v 0.003554 0.015579 -0.007930
v 0.003658 0.015329 -0.008241
v 0.003606 0.015546 -0.008085
v 0.003644 0.015454 -0.008199
v 0.018508 0.015329 -0.005000
v 0.018221 0.015579 -0.005000
v 0.018469 0.015454 -0.005000
v 0.018364 0.015546 -0.005000
v 0.016446 0.015579 -0.007930
v 0.016342 0.015329 -0.008241
v 0.016394 0.015546 -0.008085
v 0.016356 0.015454 -0.008199
v 0.012066 0.015579 -0.003568
v 0.011759 0.015329 -0.003658
v 0.011912 0.015546 -0.003613
v 0.011800 0.015454 -0.003646
v 0.019750 0.010215 -0.010000
v 0.020000 0.010215 -0.009750
v 0.019875 0.010215 -0.009967
v 0.019967 0.010215 -0.009875
v 0.005000 0.000250 -0.010000
v 0.005000 0.000000 -0.009750
v 0.005000 0.000125 -0.009967
v 0.005000 0.000033 -0.009875
v 0.010000 0.000250 -0.010000
v 0.010000 0.000000 -0.009750
v 0.010000 0.000125 -0.009967
v 0.010000 0.000033 -0.009875
v 0.015000 0.000250 -0.010000
v 0.015000 0.000000 -0.009750
v 0.015000 0.000125 -0.009967
v 0.015000 0.000033 -0.009875
v 0.020000 0.000250 -0.009750
v 0.019750 0.000000 -0.009750
v 0.019750 0.000250 -0.010000
v 0.019967 0.000125 -0.009750
v 0.019967 0.000250 -0.009875
v 0.019934 0.000130 -0.009870
v 0.019750 0.000033 -0.009875
v 0.019875 0.000033 -0.009750
v 0.019870 0.000066 -0.009870
v 0.019875 0.000250 -0.009967
v 0.019750 0.000125 -0.009967
v 0.019870 0.000130 -0.009934
v 0.020000 0.000250 -0.005000
v 0.019750 0.000000 -0.005000
v 0.019967 0.000125 -0.005000
v 0.019875 0.000033 -0.005000
v 0.017946 0.000000 0.000000
v 0.017696 0.000250 0.000000
v 0.017821 0.000033 0.000000
v 0.017729 0.000125 0.000000
v 0.017696 0.010378 0.000000
v 0.017446 0.010628 0.000000
v 0.017662 0.010503 0.000000
v 0.017571 0.010595 0.000000
v 0.010000 0.010378 -0.007696
v 0.010000 0.010628 -0.007446
v 0.010000 0.010503 -0.007662
v 0.010000 0.010595 -0.007571
v 0.005000 0.010378 -0.007696
v 0.005000 0.010628 -0.007446
v 0.005000 0.010503 -0.007662
v 0.005000 0.010595 -0.007571
v 0.015000 0.010378 -0.007696
v 0.015000 0.010628 -0.007446
v 0.015000 0.010503 -0.007662
v 0.015000 0.010595 -0.007571
v 0.017696 0.010378 -0.005000
v 0.017446 0.010628 -0.005000
v 0.017662 0.010503 -0.005000
v 0.017571 0.010595 -0.005000
v 0.017696 0.010378 -0.007446
v 0.017446 0.010628 -0.007446
v 0.017446 0.010378 -0.007696
v 0.017662 0.010503 -0.007446
v 0.017662 0.010378 -0.007571
v 0.017630 0.010498 -0.007565
v 0.017446 0.010595 -0.007571
v 0.017571 0.010595 -0.007446
v 0.017565 0.010562 -0.007565
v 0.017571 0.010378 -0.007662
v 0.017446 0.010503 -0.007662
v 0.017565 0.010498 -0.007630
v -0.017446 0.000250 0.007696
v -0.017946 0.000000 0.007946
v -0.017696 0.000250 0.007446
v -0.017605 0.000128 0.007732
v -0.017568 0.000250 0.007659
v -0.017654 0.000132 0.007695
v -0.017824 0.000037 0.007787
v -0.017787 0.000037 0.007824
v -0.017738 0.000064 0.007738
v -0.017659 0.000250 0.007568
v -0.017732 0.000128 0.007605
v -0.017696 0.000132 0.007654
v -0.020000 0.011656 0.009750
v -0.019750 0.011656 0.010000
v -0.019750 0.011906 0.009750
v -0.019967 0.011656 0.009875
v -0.019967 0.011781 0.009750
v -0.019934 0.011776 0.009870
v -0.019750 0.011781 0.009967
v -0.019875 0.011656 0.009967
v -0.019870 0.011776 0.009934
v -0.019875 0.011873 0.009750
v -0.019750 0.011873 0.009875
v -0.019870 0.011840 0.009870
v 0.000000 0.000000 0.009750
v 0.000000 0.000250 0.010000
v 0.000000 0.000033 0.009875
v 0.000000 0.000125 0.009967
v 0.000000 0.011656 0.010000
v 0.000000 0.011906 0.009750
v 0.000000 0.011781 0.009967
v 0.000000 0.011872 0.009875
v -0.010000 0.000000 0.007946
v -0.010000 0.000250 0.007696
v -0.010000 0.000033 0.007821
v -0.010000 0.000125 0.007729
v -0.010000 0.011656 0.010000
v -0.010000 0.011906 0.009750
v -0.010000 0.011781 0.009967
v -0.010000 0.011872 0.009875
v -0.008333 0.011656 0.010000
v -0.008249 0.011906 0.009750
v -0.008322 0.011781 0.009967
v -0.008291 0.011872 0.009875
v -0.006667 0.011656 0.010000
v -0.006621 0.011906 0.009750
v -0.006661 0.011781 0.009967
v -0.006644 0.011872 0.009875
v -0.005000 0.011656 0.010000
v -0.005000 0.011906 0.009750
v -0.005000 0.011781 0.009967
v -0.005000 0.011872 0.009875
v -0.003333 0.011656 0.010000
v -0.003379 0.011906 0.009750
v -0.003340 0.011781 0.009967
v -0.003356 0.011872 0.009875
v -0.001751 0.011906 0.009750
v -0.001667 0.011656 0.010000
v -0.001709 0.011872 0.009875
v -0.001678 0.011781 0.009967
v -0.005000 0.000000 0.007946
v -0.005000 0.000250 0.007696
v -0.005000 0.000033 0.007821
v -0.005000 0.000125 0.007729
v -0.015000 0.000000 0.007946
v -0.015000 0.000250 0.007696
v -0.015000 0.000033 0.007821
v -0.015000 0.000125 0.007729
v -0.018333 0.011656 0.010000
v -0.018249 0.011906 0.009750
v -0.018322 0.011781 0.009967
v -0.018291 0.011872 0.009875
v -0.016667 0.011656 0.010000
v -0.016621 0.011906 0.009750
v -0.016661 0.011781 0.009967
v -0.016644 0.011872 0.009875
v -0.015000 0.011656 0.010000
v -0.015000 0.011906 0.009750
v -0.015000 0.011781 0.009967
v -0.015000 0.011872 0.009875
v -0.013333 0.011656 0.010000
v -0.013379 0.011906 0.009750
v -0.013340 0.011781 0.009967
v -0.013356 0.011872 0.009875
v -0.011751 0.011906 0.009750
v -0.011667 0.011656 0.010000
v -0.011709 0.011872 0.009875
v -0.011678 0.011781 0.009967
v -0.017946 0.000000 0.005000
v -0.017696 0.000250 0.005000
v -0.017821 0.000033 0.005000
v -0.017729 0.000125 0.005000
v -0.020000 0.011656 0.001667
v -0.019750 0.011906 0.001751
v -0.019967 0.011781 0.001678
v -0.019875 0.011872 0.001709
v -0.020000 0.011656 0.003333
v -0.019750 0.011906 0.003379
v -0.019967 0.011781 0.003340
v -0.019875 0.011872 0.003356
v -0.020000 0.011656 0.005000
v -0.019750 0.011906 0.005000
v -0.019967 0.011781 0.005000
v -0.019875 0.011872 0.005000
v -0.020000 0.011656 0.006667
v -0.019750 0.011906 0.006621
v -0.019967 0.011781 0.006661
v -0.019875 0.011872 0.006644
v -0.019750 0.011906 0.008249
v -0.020000 0.011656 0.008333
v -0.019875 0.011872 0.008291
v -0.019967 0.011781 0.008322
v -0.007480 0.012156 0.002520
v -0.007653 0.011906 0.002347
v -0.007504 0.012031 0.002497
v -0.007567 0.011939 0.002433
v -0.008497 0.011906 0.003610
v -0.008241 0.012156 0.003658
v -0.008369 0.011939 0.003634
v -0.008275 0.012031 0.003651
v -0.008773 0.011906 0.005000
v -0.008508 0.012156 0.005000
v -0.008640 0.011939 0.005000
v -0.008543 0.012031 0.005000
v -0.008497 0.011906 0.006390
v -0.008241 0.012156 0.006342
v -0.008369 0.011939 0.006366
v -0.008275 0.012031 0.006349
v -0.007653 0.011906 0.007653
v -0.007480 0.012156 0.007480
v -0.007567 0.011939 0.007567
v -0.007504 0.012031 0.007504
v -0.006390 0.011906 0.001503
v -0.006342 0.012156 0.001759
v -0.006366 0.011939 0.001631
v -0.006349 0.012031 0.001725
v -0.006342 0.012156 0.008241
v -0.006390 0.011906 0.008497
v -0.006349 0.012031 0.008275
v -0.006366 0.011939 0.008369
v -0.005000 0.011906 0.001227
v -0.005000 0.012156 0.001492
v -0.005000 0.011939 0.001360
v -0.005000 0.012031 0.001457
v -0.005000 0.012156 0.008508
v -0.005000 0.011906 0.008773
v -0.005000 0.012031 0.008543
v -0.005000 0.011939 0.008640
v -0.003610 0.011906 0.001503
v -0.003658 0.012156 0.001759
v -0.003634 0.011939 0.001631
v -0.003651 0.012031 0.001725
v -0.003658 0.012156 0.008241
v -0.003610 0.011906 0.008497
v -0.003651 0.012031 0.008275
v -0.003634 0.011939 0.008369
v -0.002347 0.011906 0.002347
v -0.002520 0.012156 0.002520
v -0.002433 0.011939 0.002433
v -0.002497 0.012031 0.002497
v -0.001759 0.012156 0.003658
v -0.001503 0.011906 0.003610
v -0.001725 0.012031 0.003651
v -0.001631 0.011939 0.003634
v -0.001492 0.012156 0.005000
v -0.001227 0.011906 0.005000
v -0.001457 0.012031 0.005000
v -0.001360 0.011939 0.005000
v -0.001759 0.012156 0.006342
v -0.001503 0.011906 0.006390
v -0.001725 0.012031 0.006349
v -0.001631 0.011939 0.006366
v -0.002520 0.012156 0.007480
v -0.002347 0.011906 0.007653
v -0.002497 0.012031 0.007504
v -0.002433 0.011939 0.007567
v -0.017480 0.012156 0.002520
v -0.017653 0.011906 0.002347
v -0.017504 0.012031 0.002497
v -0.017567 0.011939 0.002433
v -0.018497 0.011906 0.003610
v -0.018241 0.012156 0.003658
v -0.018369 0.011939 0.003634
v -0.018275 0.012031 0.003651
v -0.018773 0.011906 0.005000
v -0.018508 0.012156 0.005000
v -0.018640 0.011939 0.005000
v -0.018543 0.012031 0.005000
v -0.018497 0.011906 0.006390
v -0.018241 0.012156 0.006342
v -0.018369 0.011939 0.006366
v -0.018275 0.012031 0.006349
v -0.017653 0.011906 0.007653
v -0.017480 0.012156 0.007480
v -0.017567 0.011939 0.007567
v -0.017504 0.012031 0.007504
v -0.016390 0.011906 0.001503
v -0.016342 0.012156 0.001759
v -0.016366 0.011939 0.001631
v -0.016349 0.012031 0.001725
v -0.016342 0.012156 0.008241
v -0.016390 0.011906 0.008497
v -0.016349 0.012031 0.008275
v -0.016366 0.011939 0.008369
v -0.015000 0.011906 0.001227
v -0.015000 0.012156 0.001492
v -0.015000 0.011939 0.001360
v -0.015000 0.012031 0.001457
v -0.015000 0.012156 0.008508
v -0.015000 0.011906 0.008773
v -0.015000 0.012031 0.008543
v -0.015000 0.011939 0.008640
v -0.013611 0.011906 0.001503
v -0.013658 0.012156 0.001759
v -0.013634 0.011939 0.001631
v -0.013651 0.012031 0.001725
v -0.013658 0.012156 0.008241
v -0.013611 0.011906 0.008497
v -0.013651 0.012031 0.008275
v -0.013634 0.011939 0.008369
v -0.012347 0.011906 0.002347
v -0.012520 0.012156 0.002520
v -0.012433 0.011939 0.002433
v -0.012497 0.012031 0.002497
v -0.011759 0.012156 0.003658
v -0.011503 0.011906 0.003610
v -0.011725 0.012031 0.003651
v -0.011631 0.011939 0.003634
v -0.011492 0.012156 0.005000
v -0.011227 0.011906 0.005000
v -0.011457 0.012031 0.005000
v -0.011360 0.011939 0.005000
v -0.011759 0.012156 0.006342
v -0.011503 0.011906 0.006390
v -0.011725 0.012031 0.006349
v -0.011631 0.011939 0.006366
v -0.012520 0.012156 0.007480
v -0.012347 0.011906 0.007653
v -0.012497 0.012031 0.007504
v -0.012433 0.011939 0.007567
v -0.008508 0.015329 0.005000
v -0.008221 0.015579 0.005000
v -0.008469 0.015454 0.005000
v -0.008364 0.015546 0.005000
v -0.007326 0.015579 0.007340
v -0.007480 0.015329 0.007480
v -0.007403 0.015546 0.007410
v -0.007460 0.015454 0.007462
v -0.006342 0.015329 0.001759
v -0.006446 0.015579 0.002070
v -0.006356 0.015454 0.001801
v -0.006394 0.015546 0.001915
v -0.005000 0.015329 0.001492
v -0.005000 0.015579 0.001781
v -0.005000 0.015454 0.001531
v -0.005000 0.015546 0.001637
v -0.005000 0.015579 0.008219
v -0.005000 0.015329 0.008508
v -0.005000 0.015546 0.008363
v -0.005000 0.015454 0.008469
v -0.003658 0.015329 0.001759
v -0.003554 0.015579 0.002070
v -0.003644 0.015454 0.001801
v -0.003606 0.015546 0.001915
v -0.002520 0.015329 0.002520
v -0.002674 0.015579 0.002660
v -0.002540 0.015454 0.002539
v -0.002597 0.015546 0.002590
v -0.002066 0.015579 0.003568
v -0.001759 0.015329 0.003658
v -0.001912 0.015546 0.003613
v -0.001800 0.015454 0.003646
v -0.002674 0.015579 0.007340
v -0.002520 0.015329 0.007480
v -0.002597 0.015546 0.007410
v -0.002540 0.015454 0.007462
v -0.017326 0.015579 0.002660
v -0.017480 0.015329 0.002520
v -0.017403 0.015546 0.002590
v -0.017460 0.015454 0.002539
v -0.018241 0.015329 0.003658
v -0.017935 0.015579 0.003568
v -0.018200 0.015454 0.003646
v -0.018088 0.015546 0.003613
v -0.017935 0.015579 0.006432
v -0.018241 0.015329 0.006342
v -0.018088 0.015546 0.006387
v -0.018200 0.015454 0.006354
v -0.017326 0.015579 0.007340
v -0.017480 0.015329 0.007480
v -0.017403 0.015546 0.007410
v -0.017460 0.015454 0.007462
v -0.016342 0.015329 0.001759
v -0.016446 0.015579 0.002070
v -0.016356 0.015454 0.001801
v -0.016394 0.015546 0.001915
v -0.015000 0.015329 0.001492
v -0.015000 0.015579 0.001781
v -0.015000 0.015454 0.001531
v -0.015000 0.015546 0.001637
v -0.015000 0.015579 0.008219
v -0.015000 0.015329 0.008508
v -0.015000 0.015546 0.008363
v -0.015000 0.015454 0.008469
v -0.013658 0.015329 0.001759
v -0.013554 0.015579 0.002070
v -0.013644 0.015454 0.001801
v -0.013606 0.015546 0.001915
v -0.013554 0.015579 0.007930
v -0.013658 0.015329 0.008241
v -0.013606 0.015546 0.008085
v -0.013644 0.015454 0.008199
v -0.012674 0.015579 0.002660
v -0.012520 0.015329 0.002520
v -0.012597 0.015546 0.002590
v -0.012540 0.015454 0.002539
v -0.011492 0.015329 0.005000
v -0.011779 0.015579 0.005000
v -0.011531 0.015454 0.005000
v -0.011636 0.015546 0.005000
v -0.012066 0.015579 0.006432
v -0.011759 0.015329 0.006342
v -0.011912 0.015546 0.006387
v -0.011800 0.015454 0.006354
v -0.012674 0.015579 0.007340
v -0.012520 0.015329 0.007480
v -0.012597 0.015546 0.007410
v -0.012540 0.015454 0.007462
v -0.007326 0.015579 0.002660
v -0.007480 0.015329 0.002520
v -0.007403 0.015546 0.002590
v -0.007460 0.015454 0.002539
v -0.008241 0.015329 0.003658
v -0.007935 0.015579 0.003568
v -0.008200 0.015454 0.003646
v -0.008088 0.015546 0.003613
v -0.008241 0.015329 0.006342
v -0.007935 0.015579 0.006432
v -0.008200 0.015454 0.006354
v -0.008088 0.015546 0.006387
v -0.006446 0.015579 0.007930
v -0.006342 0.015329 0.008241
v -0.006394 0.015546 0.008085
v -0.006356 0.015454 0.008199
v -0.001492 0.015329 0.005000
v -0.001779 0.015579 0.005000
v -0.001531 0.015454 0.005000
v -0.001636 0.015546 0.005000
v -0.002066 0.015579 0.006432
v -0.001759 0.015329 0.006342
v -0.001912 0.015546 0.006387
v -0.001800 0.015454 0.006354
v -0.003554 0.015579 0.007930
v -0.003658 0.015329 0.008241
v -0.003606 0.015546 0.008085
v -0.003644 0.015454 0.008199
v -0.018508 0.015329 0.005000
v -0.018221 0.015579 0.005000
v -0.018469 0.015454 0.005000
v -0.018364 0.015546 0.005000
v -0.016446 0.015579 0.007930
v -0.016342 0.015329 0.008241
v -0.016394 0.015546 0.008085
v -0.016356 0.015454 0.008199
v -0.012066 0.015579 0.003568
v -0.011759 0.015329 0.003658
v -0.011912 0.015546 0.003613
v -0.011800 0.015454 0.003646
v -0.019750 0.010215 0.010000
v -0.020000 0.010215 0.009750
v -0.019875 0.010215 0.009967
v -0.019967 0.010215 0.009875
v -0.005000 0.000250 0.010000
v -0.005000 0.000000 0.009750
v -0.005000 0.000125 0.009967
v -0.005000 0.000033 0.009875
v 0.000000 0.000250 0.007696
v 0.000000 0.000000 0.007946
v 0.000000 0.000125 0.007729
v 0.000000 0.000033 0.007821
v -0.010000 0.000250 0.010000
v -0.010000 0.000000 0.009750
v -0.010000 0.000125 0.009967
v -0.010000 0.000033 0.009875
v -0.015000 0.000250 0.010000
v -0.015000 0.000000 0.009750
v -0.015000 0.000125 0.009967
v -0.015000 0.000033 0.009875
v -0.020000 0.000250 0.009750
v -0.019750 0.000000 0.009750
v -0.019750 0.000250 0.010000
v -0.019967 0.000125 0.009750
v -0.019967 0.000250 0.009875
v -0.019934 0.000130 0.009870
v -0.019750 0.000033 0.009875
v -0.019875 0.000033 0.009750
v -0.019870 0.000066 0.009870
v -0.019875 0.000250 0.009967
v -0.019750 0.000125 0.009967
v -0.019870 0.000130 0.009934
v -0.020000 0.000250 0.005000
v -0.019750 0.000000 0.005000
v -0.019967 0.000125 0.005000
v -0.019875 0.000033 0.005000
v -0.010000 0.010378 0.007696
v -0.010000 0.010628 0.007446
v -0.010000 0.010503 0.007662
v -0.010000 0.010595 0.007571
v -0.005000 0.010378 0.007696
v -0.005000 0.010628 0.007446
v -0.005000 0.010503 0.007662
v -0.005000 0.010595 0.007571
v -0.015000 0.010378 0.007696
v -0.015000 0.010628 0.007446
v -0.015000 0.010503 0.007662
v -0.015000 0.010595 0.007571
v -0.017696 0.010378 0.005000
v -0.017446 0.010628 0.005000
v -0.017662 0.010503 0.005000
v -0.017571 0.010595 0.005000
v 0.000000 0.010628 0.007446
v 0.000000 0.010378 0.007696
v 0.000000 0.010595 0.007571
v 0.000000 0.010503 0.007662
v -0.017696 0.010378 0.007446
v -0.017446 0.010628 0.007446
v -0.017446 0.010378 0.007696
v -0.017662 0.010503 0.007446
v -0.017662 0.010378 0.007571
v -0.017630 0.010498 0.007565
v -0.017446 0.010595 0.007571
v -0.017571 0.010595 0.007446
v -0.017565 0.010562 0.007565
v -0.017571 0.010378 0.007662
v -0.017446 0.010503 0.007662
v -0.017565 0.010498 0.007630
v 0.017446 0.000250 0.007696
v 0.017696 0.000250 0.007446
v 0.017946 0.000000 0.007946
v 0.017568 0.000250 0.007659
v 0.017605 0.000128 0.007732
v 0.017654 0.000132 0.007695
v 0.017732 0.000128 0.007605
v 0.017659 0.000250 0.007568
v 0.017696 0.000132 0.007654
v 0.017787 0.000037 0.007824
v 0.017824 0.000037 0.007787
v 0.017738 0.000064 0.007738
v 0.020000 0.011656 0.009750
v 0.019750 0.011906 0.009750
v 0.019750 0.011656 0.010000
v 0.019967 0.011781 0.009750
v 0.019967 0.011656 0.009875
v 0.019934 0.011776 0.009870
v 0.019750 0.011873 0.009875
v 0.019875 0.011873 0.009750
v 0.019870 0.011840 0.009870
v 0.019875 0.011656 0.009967
v 0.019750 0.011781 0.009967
v 0.019870 0.011776 0.009934
v 0.010000 0.000250 0.007696
v 0.010000 0.000000 0.007946
v 0.010000 0.000125 0.007729
v 0.010000 0.000033 0.007821
v 0.010000 0.011906 0.009750
v 0.010000 0.011656 0.010000
v 0.010000 0.011872 0.009875
v 0.010000 0.011781 0.009967
v 0.008249 0.011906 0.009750
v 0.008333 0.011656 0.010000
v 0.008291 0.011872 0.009875
v 0.008322 0.011781 0.009967
v 0.006621 0.011906 0.009750
v 0.006667 0.011656 0.010000
v 0.006644 0.011872 0.009875
v 0.006661 0.011781 0.009967
v 0.005000 0.011906 0.009750
v 0.005000 0.011656 0.010000
v 0.005000 0.011872 0.009875
v 0.005000 0.011781 0.009967
v 0.003379 0.011906 0.009750
v 0.003333 0.011656 0.010000
v 0.003356 0.011872 0.009875
v 0.003340 0.011781 0.009967
v 0.001667 0.011656 0.010000
v 0.001751 0.011906 0.009750
v 0.001678 0.011781 0.009967
v 0.001709 0.011872 0.009875
v 0.005000 0.000250 0.007696
v 0.005000 0.000000 0.007946
v 0.005000 0.000125 0.007729
v 0.005000 0.000033 0.007821
v 0.015000 0.000250 0.007696
v 0.015000 0.000000 0.007946
v 0.015000 0.000125 0.007729
v 0.015000 0.000033 0.007821
v 0.018249 0.011906 0.009750
v 0.018333 0.011656 0.010000
v 0.018291 0.011872 0.009875
v 0.018322 0.011781 0.009967
v 0.016621 0.011906 0.009750
v 0.016667 0.011656 0.010000
v 0.016644 0.011872 0.009875
v 0.016661 0.011781 0.009967
v 0.015000 0.011906 0.009750
v 0.015000 0.011656 0.010000
v 0.015000 0.011872 0.009875
v 0.015000 0.011781 0.009967
v 0.013379 0.011906 0.009750
v 0.013333 0.011656 0.010000
v 0.013356 0.011872 0.009875
v 0.013340 0.011781 0.009967
v 0.011667 0.011656 0.010000
v 0.011751 0.011906 0.009750
v 0.011678 0.011781 0.009967
v 0.011709 0.011872 0.009875
v 0.017696 0.000250 0.005000
v 0.017946 0.000000 0.005000
v 0.017729 0.000125 0.005000
v 0.017821 0.000033 0.005000
v 0.019750 0.011906 0.001751
v 0.020000 0.011656 0.001667
v 0.019875 0.011872 0.001709
v 0.019967 0.011781 0.001678
v 0.019750 0.011906 0.003379
v 0.020000 0.011656 0.003333
v 0.019875 0.011872 0.003356
v 0.019967 0.011781 0.003340
v 0.019750 0.011906 0.005000
v 0.020000 0.011656 0.005000
v 0.019875 0.011872 0.005000
v 0.019967 0.011781 0.005000
v 0.019750 0.011906 0.006621
v 0.020000 0.011656 0.006667
v 0.019875 0.011872 0.006644
v 0.019967 0.011781 0.006661
v 0.020000 0.011656 0.008333
v 0.019750 0.011906 0.008249
v 0.019967 0.011781 0.008322
v 0.019875 0.011872 0.008291
v 0.007653 0.011906 0.002347
v 0.007480 0.012156 0.002520
v 0.007567 0.011939 0.002433
v 0.007504 0.012031 0.002497
v 0.008241 0.012156 0.003658
v 0.008497 0.011906 0.003610
v 0.008275 0.012031 0.003651
v 0.008369 0.011939 0.003634
v 0.008508 0.012156 0.005000
v 0.008773 0.011906 0.005000
v 0.008543 0.012031 0.005000
v 0.008640 0.011939 0.005000
v 0.008241 0.012156 0.006342
v 0.008497 0.011906 0.006390
v 0.008275 0.012031 0.006349
v 0.008369 0.011939 0.006366
v 0.007480 0.012156 0.007480
v 0.007653 0.011906 0.007653
v 0.007504 0.012031 0.007504
v 0.007567 0.011939 0.007567
v 0.006342 0.012156 0.001759
v 0.006390 0.011906 0.001503
v 0.006349 0.012031 0.001725
v 0.006366 0.011939 0.001631
v 0.006390 0.011906 0.008497
v 0.006342 0.012156 0.008241
v 0.006366 0.011939 0.008369
v 0.006349 0.012031 0.008275
v 0.005000 0.012156 0.001492
v 0.005000 0.011906 0.001227
v 0.005000 0.012031 0.001457
v 0.005000 0.011939 0.001360
v 0.005000 0.011906 0.008773
v 0.005000 0.012156 0.008508
v 0.005000 0.011939 0.008640
v 0.005000 0.012031 0.008543
v 0.003658 0.012156 0.001759
v 0.003610 0.011906 0.001503
v 0.003651 0.012031 0.001725
v 0.003634 0.011939 0.001631
v 0.003610 0.011906 0.008497
v 0.003658 0.012156 0.008241
v 0.003634 0.011939 0.008369
v 0.003651 0.012031 0.008275
v 0.002520 0.012156 0.002520
v 0.002347 0.011906 0.002347
v 0.002497 0.012031 0.002497
v 0.002433 0.011939 0.002433
v 0.001503 0.011906 0.003610
v 0.001759 0.012156 0.003658
v 0.001631 0.011939 0.003634
v 0.001725 0.012031 0.003651
v 0.001227 0.011906 0.005000
v 0.001492 0.012156 0.005000
v 0.001360 0.011939 0.005000
v 0.001457 0.012031 0.005000
v 0.001503 0.011906 0.006390
v 0.001759 0.012156 0.006342
v 0.001631 0.011939 0.006366
v 0.001725 0.012031 0.006349
v 0.002347 0.011906 0.007653
v 0.002520 0.012156 0.007480
v 0.002433 0.011939 0.007567
v 0.002497 0.012031 0.007504
v 0.017653 0.011906 0.002347
v 0.017480 0.012156 0.002520
v 0.017567 0.011939 0.002433
v 0.017504 0.012031 0.002497
v 0.018241 0.012156 0.003658
v 0.018497 0.011906 0.003610
v 0.018275 0.012031 0.003651
v 0.018369 0.011939 0.003634
v 0.018508 0.012156 0.005000
v 0.018773 0.011906 0.005000
v 0.018543 0.012031 0.005000
v 0.018640 0.011939 0.005000
v 0.018241 0.012156 0.006342
v 0.018497 0.011906 0.006390
v 0.018275 0.012031 0.006349
v 0.018369 0.011939 0.006366
v 0.017480 0.012156 0.007480
v 0.017653 0.011906 0.007653
v 0.017504 0.012031 0.007504
v 0.017567 0.011939 0.007567
v 0.016342 0.012156 0.001759
v 0.016390 0.011906 0.001503
v 0.016349 0.012031 0.001725
v 0.016366 0.011939 0.001631
v 0.016390 0.011906 0.008497
v 0.016342 0.012156 0.008241
v 0.016366 0.011939 0.008369
v 0.016349 0.012031 0.008275
v 0.015000 0.012156 0.001492
v 0.015000 0.011906 0.001227
v 0.015000 0.012031 0.001457
v 0.015000 0.011939 0.001360
v 0.015000 0.011906 0.008773
v 0.015000 0.012156 0.008508
v 0.015000 0.011939 0.008640
v 0.015000 0.012031 0.008543
v 0.013658 0.012156 0.001759
v 0.013611 0.011906 0.001503
v 0.013651 0.012031 0.001725
v 0.013634 0.011939 0.001631
v 0.013611 0.011906 0.008497
v 0.013658 0.012156 0.008241
v 0.013634 0.011939 0.008369
v 0.013651 0.012031 0.008275
v 0.012520 0.012156 0.002520
v 0.012347 0.011906 0.002347
v 0.012497 0.012031 0.002497
v 0.012433 0.011939 0.002433
v 0.011503 0.011906 0.003610
v 0.011759 0.012156 0.003658
v 0.011631 0.011939 0.003634
v 0.011725 0.012031 0.003651
v 0.011227 0.011906 0.005000
v 0.011492 0.012156 0.005000
v 0.011360 0.011939 0.005000
v 0.011457 0.012031 0.005000
v 0.011503 0.011906 0.006390
v 0.011759 0.012156 0.006342
v 0.011631 0.011939 0.006366
v 0.011725 0.012031 0.006349
v 0.012347 0.011906 0.007653
v 0.012520 0.012156 0.007480
v 0.012433 0.011939 0.007567
v 0.012497 0.012031 0.007504
v 0.008221 0.015579 0.005000
v 0.008508 0.015329 0.005000
v 0.008364 0.015546 0.005000
v 0.008469 0.015454 0.005000
v 0.007326 0.015579 0.007340
v 0.007480 0.015329 0.007480
v 0.007403 0.015546 0.007410
v 0.007460 0.015454 0.007462
v 0.006446 0.015579 0.002070
v 0.006342 0.015329 0.001759
v 0.006394 0.015546 0.001915
v 0.006356 0.015454 0.001801
v 0.005000 0.015579 0.001781
v 0.005000 0.015329 0.001492
v 0.005000 0.015546 0.001637
v 0.005000 0.015454 0.001531
v 0.005000 0.015329 0.008508
v 0.005000 0.015579 0.008219
v 0.005000 0.015454 0.008469
v 0.005000 0.015546 0.008363
v 0.003554 0.015579 0.002070
v 0.003658 0.015329 0.001759
v 0.003606 0.015546 0.001915
v 0.003644 0.015454 0.001801
v 0.002674 0.015579 0.002660
v 0.002520 0.015329 0.002520
v 0.002597 0.015546 0.002590
v 0.002540 0.015454 0.002539
v 0.001759 0.015329 0.003658
v 0.002066 0.015579 0.003568
v 0.001800 0.015454 0.003646
v 0.001912 0.015546 0.003613
v 0.002674 0.015579 0.007340
v 0.002520 0.015329 0.007480
v 0.002597 0.015546 0.007410
v 0.002540 0.015454 0.007462
v 0.017480 0.015329 0.002520
v 0.017326 0.015579 0.002660
v 0.017460 0.015454 0.002539
v 0.017403 0.015546 0.002590
v 0.017935 0.015579 0.003568
v 0.018241 0.015329 0.003658
v 0.018088 0.015546 0.003613
v 0.018200 0.015454 0.003646
v 0.018241 0.015329 0.006342
v 0.017935 0.015579 0.006432
v 0.018200 0.015454 0.006354
v 0.018088 0.015546 0.006387
v 0.017326 0.015579 0.007340
v 0.017480 0.015329 0.007480
v 0.017403 0.015546 0.007410
v 0.017460 0.015454 0.007462
v 0.016446 0.015579 0.002070
v 0.016342 0.015329 0.001759
v 0.016394 0.015546 0.001915
v 0.016356 0.015454 0.001801
v 0.015000 0.015579 0.001781
v 0.015000 0.015329 0.001492
v 0.015000 0.015546 0.001637
v 0.015000 0.015454 0.001531
v 0.015000 0.015329 0.008508
v 0.015000 0.015579 0.008219
v 0.015000 0.015454 0.008469
v 0.015000 0.015546 0.008363
v 0.013554 0.015579 0.002070
v 0.013658 0.015329 0.001759
v 0.013606 0.015546 0.001915
v 0.013644 0.015454 0.001801
v 0.013658 0.015329 0.008241
v 0.013554 0.015579 0.007930
v 0.013644 0.015454 0.008199
v 0.013606 0.015546 0.008085
v 0.012674 0.015579 0.002660
v 0.012520 0.015329 0.002520
v 0.012597 0.015546 0.002590
v 0.012540 0.015454 0.002539
v 0.011779 0.015579 0.005000
v 0.011492 0.015329 0.005000
v 0.011636 0.015546 0.005000
v 0.011531 0.015454 0.005000
v 0.011759 0.015329 0.006342
v 0.012066 0.015579 0.006432
v 0.011800 0.015454 0.006354
v 0.011912 0.015546 0.006387
v 0.012520 0.015329 0.007480
v 0.012674 0.015579 0.007340
v 0.012540 0.015454 0.007462
v 0.012597 0.015546 0.007410
v 0.007480 0.015329 0.002520
v 0.007326 0.015579 0.002660
v 0.007460 0.015454 0.002539
v 0.007403 0.015546 0.002590
v 0.007935 0.015579 0.003568
v 0.008241 0.015329 0.003658
v 0.008088 0.015546 0.003613
v 0.008200 0.015454 0.003646
v 0.007935 0.015579 0.006432
v 0.008241 0.015329 0.006342
v 0.008088 0.015546 0.006387
v 0.008200 0.015454 0.006354
v 0.006342 0.015329 0.008241
v 0.006446 0.015579 0.007930
v 0.006356 0.015454 0.008199
v 0.006394 0.015546 0.008085
v 0.001779 0.015579 0.005000
v 0.001492 0.015329 0.005000
v 0.001636 0.015546 0.005000
v 0.001531 0.015454 0.005000
v 0.001759 0.015329 0.006342
v 0.002066 0.015579 0.006432
v 0.001800 0.015454 0.006354
v 0.001912 0.015546 0.006387
v 0.003658 0.015329 0.008241
v 0.003554 0.015579 0.007930
v 0.003644 0.015454 0.008199
v 0.003606 0.015546 0.008085
v 0.018221 0.015579 0.005000
v 0.018508 0.015329 0.005000
v 0.018364 0.015546 0.005000
v 0.018469 0.015454 0.005000
v 0.016342 0.015329 0.008241
v 0.016446 0.015579 0.007930
v 0.016356 0.015454 0.008199
v 0.016394 0.015546 0.008085
v 0.011759 0.015329 0.003658
v 0.012066 0.015579 0.003568
v 0.011800 0.015454 0.003646
v 0.011912 0.015546 0.003613
v 0.020000 0.010215 0.009750
v 0.019750 0.010215 0.010000
v 0.019967 0.010215 0.009875
v 0.019875 0.010215 0.009967
v 0.005000 0.000000 0.009750
v 0.005000 0.000250 0.010000
v 0.005000 0.000033 0.009875
v 0.005000 0.000125 0.009967
v 0.010000 0.000000 0.009750
v 0.010000 0.000250 0.010000
v 0.010000 0.000033 0.009875
v 0.010000 0.000125 0.009967
v 0.015000 0.000000 0.009750
v 0.015000 0.000250 0.010000
v 0.015000 0.000033 0.009875
v 0.015000 0.000125 0.009967
v 0.020000 0.000250 0.009750
v 0.019750 0.000250 0.010000
v 0.019750 0.000000 0.009750
v 0.019967 0.000250 0.009875
v 0.019967 0.000125 0.009750
v 0.019934 0.000130 0.009870
v 0.019750 0.000125 0.009967
v 0.019875 0.000250 0.009967
v 0.019870 0.000130 0.009934
v 0.019875 0.000033 0.009750
v 0.019750 0.000033 0.009875
v 0.019870 0.000066 0.009870
v 0.019750 0.000000 0.005000
v 0.020000 0.000250 0.005000
v 0.019875 0.000033 0.005000
v 0.019967 0.000125 0.005000
v 0.010000 0.010628 0.007446
v 0.010000 0.010378 0.007696
v 0.010000 0.010595 0.007571
v 0.010000 0.010503 0.007662
v 0.005000 0.010628 0.007446
v 0.005000 0.010378 0.007696
v 0.005000 0.010595 0.007571
v 0.005000 0.010503 0.007662
v 0.015000 0.010628 0.007446
v 0.015000 0.010378 0.007696
v 0.015000 0.010595 0.007571
v 0.015000 0.010503 0.007662
v 0.017446 0.010628 0.005000
v 0.017696 0.010378 0.005000
v 0.017571 0.010595 0.005000
v 0.017662 0.010503 0.005000
v 0.017696 0.010378 0.007446
v 0.017446 0.010378 0.007696
v 0.017446 0.010628 0.007446
v 0.017662 0.010378 0.007571
v 0.017662 0.010503 0.007446
v 0.017630 0.010498 0.007565
v 0.017446 0.010503 0.007662
v 0.017571 0.010378 0.007662
v 0.017565 0.010498 0.007630
v 0.017571 0.010595 0.007446
v 0.017446 0.010595 0.007571
v 0.017565 0.010562 0.007565
vn -0.0000 -0.0000 -1.0000
vn -1.0000 -0.0000 -0.0000
vn -0.0000 1.0000 -0.0000
vn -0.0000 -1.0000 -0.0000
vn 1.0000 -0.0000 -0.0000
vn -0.0000 -0.0000 1.0000
vn 0.0135 -0.0054 0.9999
vn 0.5068 -0.0064 0.8620
vn 0.4560 -0.7398 0.4947
vn 0.0108 -0.6356 0.7720
vn 0.8620 -0.0064 0.5069
vn 0.4947 -0.7398 0.4560
vn 0.9999 -0.0054 0.0136
vn 0.7720 -0.6356 0.0108
vn 0.3595 -0.9331 0.0040
vn 0.3177 -0.8934 0.3177
vn 0.0021 -1.0000 0.0021
vn 0.0040 -0.9331 0.3595
vn -0.9991 0.0301 -0.0305
vn -0.8623 0.4916 -0.1216
vn -0.7744 0.4473 -0.4473
vn -0.8623 0.1216 -0.4916
vn -0.4916 0.8623 -0.1216
vn -0.4474 0.7744 -0.4473
vn -0.0152 0.9998 -0.0151
vn -0.1216 0.8623 -0.4916
vn -0.1216 0.4916 -0.8623
vn -0.4473 0.4473 -0.7744
vn -0.0305 0.0301 -0.9991
vn -0.4916 0.1216 -0.8623
vn -1.0000 -0.0033 -0.0069
vn -0.8661 -0.0028 -0.4998
vn -0.7744 -0.4474 -0.4473
vn -0.8663 -0.4995 -0.0057
vn -0.4998 -0.0028 -0.8661
vn -0.4474 -0.4473 -0.7744
vn -0.0069 -0.0033 -1.0000
vn -0.0057 -0.4995 -0.8663
vn -0.0057 -0.8663 -0.4995
vn -0.4473 -0.7744 -0.4473
vn -0.0200 -0.9996 -0.0200
vn -0.4995 -0.8663 -0.0057
vn 0.9999 -0.0033 0.0137
vn 0.8623 -0.0024 0.5064
vn 0.7744 -0.4473 0.4473
vn 0.8666 -0.4989 0.0107
vn 0.5063 -0.0024 0.8623
vn 0.4474 -0.4473 0.7744
vn 0.0137 -0.0033 0.9999
vn 0.0107 -0.4989 0.8666
vn 0.0107 -0.8666 0.4989
vn 0.4473 -0.7744 0.4473
vn 0.0130 -0.9998 0.0130
vn 0.4989 -0.8666 0.0107
vn -0.0136 -0.0054 0.9999
vn -0.0108 -0.6356 0.7720
vn -0.4560 -0.7398 0.4947
vn -0.5068 -0.0064 0.8620
vn -0.0040 -0.9331 0.3595
vn -0.3177 -0.8934 0.3177
vn -0.0021 -1.0000 0.0021
vn -0.3595 -0.9331 0.0040
vn -0.7720 -0.6356 0.0108
vn -0.4947 -0.7398 0.4560
vn -0.9999 -0.0054 0.0135
vn -0.8620 -0.0064 0.5069
vn 0.9991 0.0301 -0.0305
vn 0.8623 0.1216 -0.4916
vn 0.7744 0.4473 -0.4473
vn 0.8623 0.4916 -0.1216
vn 0.4916 0.1216 -0.8623
vn 0.4473 0.4473 -0.7744
vn 0.0305 0.0301 -0.9991
vn 0.1216 0.4916 -0.8623
vn 0.1216 0.8623 -0.4916
vn 0.4473 0.7744 -0.4473
vn 0.0152 0.9998 -0.0151
vn 0.4916 0.8623 -0.1216
vn 1.0000 -0.0033 -0.0069
vn 0.8663 -0.4995 -0.0057
vn 0.7744 -0.4474 -0.4473
vn 0.8661 -0.0028 -0.4998
vn 0.4995 -0.8663 -0.0057
vn 0.4473 -0.7744 -0.4473
vn 0.0200 -0.9996 -0.0200
vn 0.0057 -0.8663 -0.4995
vn 0.0057 -0.4995 -0.8663
vn 0.4474 -0.4473 -0.7744
vn 0.0069 -0.0033 -1.0000
vn 0.4998 -0.0028 -0.8661
vn -0.9999 -0.0033 0.0137
vn -0.8666 -0.4989 0.0107
vn -0.7744 -0.4473 0.4473
vn -0.8623 -0.0024 0.5064
vn -0.4989 -0.8666 0.0107
vn -0.4474 -0.7744 0.4473
vn -0.0130 -0.9998 0.0130
vn -0.0107 -0.8666 0.4989
vn -0.0107 -0.4989 0.8666
vn -0.4474 -0.4473 0.7744
vn -0.0137 -0.0033 0.9999
vn -0.5063 -0.0024 0.8623
vn 0.0136 -0.0054 -0.9999
vn 0.0108 -0.6356 -0.7720
vn 0.4560 -0.7398 -0.4947
vn 0.5068 -0.0064 -0.8620
vn 0.0040 -0.9331 -0.3595
vn 0.3177 -0.8934 -0.3177
vn 0.0021 -1.0000 -0.0021
vn 0.3595 -0.9331 -0.0040
vn 0.7720 -0.6356 -0.0108
vn 0.4947 -0.7398 -0.4560
vn 0.9999 -0.0054 -0.0135
vn 0.8620 -0.0064 -0.5069
vn -0.9991 0.0301 0.0305
vn -0.8623 0.1216 0.4916
vn -0.7744 0.4473 0.4473
vn -0.8623 0.4916 0.1216
vn -0.4916 0.1216 0.8623
vn -0.4473 0.4473 0.7744
vn -0.0305 0.0301 0.9991
vn -0.1216 0.4916 0.8623
vn -0.1216 0.8623 0.4916
vn -0.4473 0.7744 0.4473
vn -0.0152 0.9998 0.0151
vn -0.4916 0.8623 0.1216
vn -1.0000 -0.0033 0.0069
vn -0.8663 -0.4995 0.0057
vn -0.7744 -0.4474 0.4473
vn -0.8661 -0.0028 0.4998
vn -0.4995 -0.8663 0.0057
vn -0.4473 -0.7744 0.4473
vn -0.0200 -0.9996 0.0200
vn -0.0057 -0.8663 0.4995
vn -0.0057 -0.4995 0.8663
vn -0.0069 -0.0033 1.0000
vn -0.4998 -0.0028 0.8661
vn 0.9999 -0.0033 -0.0137
vn 0.8666 -0.4989 -0.0107
vn 0.7744 -0.4473 -0.4473
vn 0.8623 -0.0024 -0.5064
vn 0.4989 -0.8666 -0.0107
vn 0.4474 -0.7744 -0.4473
vn 0.0130 -0.9998 -0.0130
vn 0.0107 -0.8666 -0.4989
vn 0.0107 -0.4989 -0.8666
vn 0.0137 -0.0033 -0.9999
vn 0.5063 -0.0024 -0.8623
vn -0.0135 -0.0054 -0.9999
vn -0.5068 -0.0064 -0.8620
vn -0.4560 -0.7398 -0.4947
vn -0.0108 -0.6356 -0.7720
vn -0.8620 -0.0064 -0.5069
vn -0.4947 -0.7398 -0.4560
vn -0.9999 -0.0054 -0.0136
vn -0.7720 -0.6356 -0.0108
vn -0.3595 -0.9331 -0.0040
vn -0.3177 -0.8934 -0.3177
vn -0.0021 -1.0000 -0.0021
vn -0.0040 -0.9331 -0.3595
vn 0.9991 0.0301 0.0305
vn 0.8623 0.4916 0.1216
vn 0.7744 0.4473 0.4473
vn 0.8623 0.1216 0.4916
vn 0.4916 0.8623 0.1216
vn 0.4474 0.7744 0.4473
vn 0.0152 0.9998 0.0151
vn 0.1216 0.8623 0.4916
vn 0.1216 0.4916 0.8623
vn 0.4473 0.4473 0.7744
vn 0.0305 0.0301 0.9991
vn 0.4916 0.1216 0.8623
vn 1.0000 -0.0033 0.0069
vn 0.8661 -0.0028 0.4998
vn 0.7744 -0.4474 0.4473
vn 0.8663 -0.4995 0.0057
vn 0.4998 -0.0028 0.8661
vn 0.0069 -0.0033 1.0000
vn 0.0057 -0.4995 0.8663
vn 0.0057 -0.8663 0.4995
vn 0.0200 -0.9996 0.0200
vn 0.4995 -0.8663 0.0057
vn -0.9999 -0.0033 -0.0137
vn -0.8623 -0.0024 -0.5064
vn -0.7744 -0.4473 -0.4473
vn -0.8666 -0.4989 -0.0107
vn -0.5063 -0.0024 -0.8623
vn -0.0137 -0.0033 -0.9999
vn -0.0107 -0.4989 -0.8666
vn -0.0107 -0.8666 -0.4989
vn -0.0130 -0.9998 -0.0130
vn -0.4989 -0.8666 -0.0107
vn -0.0075 -0.0000 -1.0000
vn -0.4999 -0.0000 -0.8661
vn -0.8658 -0.0000 -0.5003
vn -1.0000 -0.0000 -0.0075
vn -0.0000 0.9999 -0.0168
vn -0.0000 0.9999 -0.0156
vn -0.0000 0.8675 -0.4975
vn -0.0000 0.8669 -0.4984
vn -0.0000 0.5014 -0.8652
vn -0.0000 0.5007 -0.8656
vn -0.0000 0.0314 -0.9995
vn -0.0000 0.0408 -0.9992
vn -0.0170 0.9999 -0.0000
vn -0.5017 0.8651 -0.0000
vn -0.8667 0.4988 -0.0000
vn -0.9991 0.0417 -0.0000
vn -0.0000 0.5006 -0.8657
vn -0.0000 0.9997 -0.0228
vn -0.0000 0.8653 -0.5013
vn -0.0000 0.4993 -0.8664
vn -0.0000 0.9996 -0.0288
vn -0.0000 0.8652 -0.5014
vn -0.0000 0.4992 -0.8665
vn -0.0000 0.0313 -0.9995
vn -0.0000 0.8653 -0.5012
vn -0.0000 -0.9998 -0.0174
vn -0.0000 -0.8660 -0.5000
vn -0.0000 -0.5000 -0.8660
vn -0.0000 -0.0034 -1.0000
vn -0.0000 -0.9998 -0.0190
vn -0.0000 -0.5003 -0.8659
vn -0.0000 0.9999 -0.0170
vn -0.0000 0.8651 -0.5017
vn -0.0000 0.4989 -0.8667
vn -0.0000 0.0417 -0.9991
vn -0.0000 0.4991 -0.8665
vn -0.0190 -0.9998 -0.0000
vn -0.5000 -0.8660 -0.0000
vn -0.8659 -0.5003 -0.0000
vn -1.0000 -0.0034 -0.0000
vn -0.0174 -0.9998 -0.0000
vn -0.8660 -0.5000 -0.0000
vn -0.0156 0.9999 -0.0000
vn -0.0168 0.9999 -0.0000
vn -0.4985 0.8669 -0.0000
vn -0.4975 0.8675 -0.0000
vn -0.8657 0.5006 -0.0000
vn -0.8652 0.5015 -0.0000
vn -0.9992 0.0408 -0.0000
vn -0.9995 0.0314 -0.0000
vn -0.0228 0.9997 -0.0000
vn -0.5012 0.8653 -0.0000
vn -0.8664 0.4993 -0.0000
vn -0.0288 0.9996 -0.0000
vn -0.5015 0.8652 -0.0000
vn -0.9995 0.0313 -0.0000
vn -0.8665 0.4991 -0.0000
vn -0.7071 0.0103 0.7071
vn -0.9237 0.0107 0.3829
vn -0.7866 0.5214 0.3307
vn -0.6094 0.5071 0.6094
vn -0.4314 0.8846 0.1768
vn -0.3394 0.8772 0.3394
vn -0.0125 0.9999 0.0048
vn -0.0079 0.9999 0.0079
vn -0.9999 0.0112 -0.0000
vn -0.8434 0.5372 -0.0000
vn -0.4526 0.8917 -0.0000
vn -0.0161 0.9999 -0.0000
vn -0.9237 0.0107 -0.3829
vn -0.7866 0.5215 -0.3307
vn -0.4314 0.8847 -0.1768
vn -0.0125 0.9999 -0.0048
vn -0.7071 0.0103 -0.7071
vn -0.6095 0.5069 -0.6095
vn -0.3394 0.8772 -0.3394
vn -0.0086 0.9999 -0.0086
vn 0.0079 0.9999 0.0079
vn 0.0125 0.9999 0.0048
vn 0.4314 0.8847 0.1768
vn 0.3394 0.8772 0.3394
vn 0.7866 0.5215 0.3307
vn 0.6095 0.5070 0.6095
vn 0.9237 0.0107 0.3829
vn 0.7071 0.0103 0.7071
vn 0.0161 0.9999 -0.0000
vn 0.4526 0.8917 -0.0000
vn 0.8434 0.5372 -0.0000
vn 0.9999 0.0112 -0.0000
vn 0.0125 0.9999 -0.0048
vn 0.4314 0.8847 -0.1768
vn 0.7866 0.5214 -0.3307
vn 0.9237 0.0107 -0.3829
vn 0.0086 0.9999 -0.0086
vn 0.3394 0.8772 -0.3394
vn 0.6095 0.5070 -0.6095
vn 0.7071 0.0103 -0.7071
vn -0.7866 0.5215 0.3307
vn -0.6095 0.5069 0.6095
vn -0.4314 0.8847 0.1768
vn -0.0147 0.9999 0.0057
vn -0.0086 0.9999 0.0086
vn -0.0196 0.9998 -0.0000
vn -0.0147 0.9999 -0.0057
vn -0.6095 0.5070 -0.6095
vn -0.3394 0.8773 -0.3394
vn -0.0093 0.9999 -0.0093
vn 0.7866 0.5214 0.3307
vn 0.3394 0.8773 -0.3394
vn 0.3829 0.0107 -0.9237
vn 0.3307 0.5215 -0.7866
vn 0.1768 0.8847 -0.4314
vn 0.0057 0.9999 -0.0147
vn 0.0048 0.9999 0.0125
vn 0.1768 0.8847 0.4314
vn 0.3307 0.5215 0.7866
vn 0.3829 0.0107 0.9237
vn -0.0000 0.0112 -0.9999
vn -0.0000 0.5372 -0.8434
vn -0.0000 0.8917 -0.4526
vn -0.0000 0.9998 -0.0196
vn -0.0000 0.9999 0.0161
vn -0.0000 0.8917 0.4526
vn -0.0000 0.5372 0.8434
vn -0.0000 0.0112 0.9999
vn -0.3829 0.0107 -0.9237
vn -0.3307 0.5214 -0.7866
vn -0.1768 0.8847 -0.4314
vn -0.0057 0.9999 -0.0147
vn -0.0048 0.9999 0.0125
vn -0.1768 0.8847 0.4314
vn -0.3307 0.5215 0.7866
vn -0.3829 0.0107 0.9237
vn 0.3307 0.5214 -0.7866
vn -0.3307 0.5215 -0.7866
vn 0.7071 0.0081 0.7071
vn 0.9242 0.0100 0.3817
vn 0.8068 0.4975 0.3185
vn 0.6391 0.4292 0.6383
vn 0.4708 0.8586 0.2028
vn 0.4118 0.8121 0.4134
vn 0.0274 0.9995 0.0132
vn 0.0357 0.9987 0.0359
vn -0.0357 0.9987 0.0359
vn -0.0274 0.9995 0.0132
vn -0.4708 0.8586 0.2028
vn -0.4118 0.8121 0.4134
vn -0.8068 0.4975 0.3185
vn -0.6391 0.4292 0.6383
vn -0.9242 0.0100 0.3817
vn -0.7071 0.0081 0.7070
vn -0.0274 0.9995 -0.0132
vn -0.0357 0.9987 -0.0359
vn -0.4118 0.8121 -0.4134
vn -0.4708 0.8586 -0.2028
vn -0.6391 0.4292 -0.6383
vn -0.8068 0.4975 -0.3185
vn -0.7071 0.0081 -0.7071
vn -0.9242 0.0100 -0.3817
vn 0.9999 0.0114 -0.0000
vn 0.9242 0.0100 -0.3817
vn 0.8068 0.4975 -0.3185
vn 0.8421 0.5392 -0.0000
vn 0.4708 0.8586 -0.2028
vn 0.4696 0.8829 -0.0000
vn 0.0274 0.9995 -0.0132
vn 0.0294 0.9996 -0.0000
vn 0.7071 0.0081 -0.7070
vn 0.6391 0.4292 -0.6383
vn 0.4118 0.8121 -0.4134
vn 0.0357 0.9987 -0.0359
vn 0.0119 0.9996 -0.0246
vn 0.2025 0.8593 -0.4697
vn 0.3174 0.4983 -0.8068
vn 0.3816 0.0100 -0.9243
vn 0.3816 0.0100 0.9243
vn 0.7071 0.0081 0.7070
vn 0.3174 0.4983 0.8068
vn 0.2025 0.8593 0.4697
vn 0.0119 0.9996 0.0246
vn -0.0000 0.9996 -0.0269
vn -0.0000 0.8843 -0.4668
vn -0.0000 0.5420 -0.8404
vn -0.0000 0.0114 -0.9999
vn -0.0000 0.0114 0.9999
vn -0.0000 0.5420 0.8404
vn -0.0000 0.8844 0.4668
vn -0.0000 0.9996 0.0269
vn -0.3816 0.0100 0.9243
vn -0.3174 0.4983 0.8068
vn -0.2025 0.8593 0.4697
vn -0.0119 0.9996 0.0246
vn 0.0295 0.9996 -0.0000
vn -0.0294 0.9996 -0.0000
vn -0.4696 0.8829 -0.0000
vn -0.8421 0.5392 -0.0000
vn -0.9999 0.0114 -0.0000
vn -0.0295 0.9996 -0.0000
vn -0.0119 0.9996 -0.0246
vn -0.2025 0.8593 -0.4697
vn -0.3174 0.4983 -0.8068
vn -0.3816 0.0100 -0.9243
vn -0.0000 0.8844 -0.4668
vn -0.0000 -0.0033 1.0000
vn -0.0000 -0.5000 0.8660
vn -0.0000 -0.8660 0.5000
vn -0.0000 -0.9998 0.0174
vn -0.0000 -0.0034 1.0000
vn -0.0004 -0.5047 0.8633
vn -0.0004 -0.8658 0.5003
vn -0.0000 -0.9999 0.0159
vn 1.0000 -0.0034 -0.0000
vn 0.8633 -0.5047 -0.0004
vn 0.5003 -0.8658 -0.0004
vn 0.0159 -0.9999 -0.0000
vn 1.0000 -0.0033 -0.0000
vn 0.8660 -0.5000 -0.0000
vn 0.5000 -0.8660 -0.0000
vn 0.0174 -0.9998 -0.0000
vn -0.0000 -0.9999 0.0131
vn 0.0131 -0.9999 -0.0000
vn 1.0000 -0.0000 -0.0075
vn 0.8661 -0.0000 -0.4999
vn 0.4999 -0.0000 -0.8661
vn 0.0075 -0.0000 -1.0000
vn 0.9991 0.0417 -0.0000
vn 0.8667 0.4988 -0.0000
vn 0.5017 0.8650 -0.0000
vn 0.0170 0.9999 -0.0000
vn -0.0000 -0.5004 -0.8658
vn -0.0000 0.4988 -0.8667
vn -0.0000 0.8650 -0.5018
vn 0.0190 -0.9998 -0.0000
vn 0.9995 0.0314 -0.0000
vn 0.9992 0.0408 -0.0000
vn 0.8657 0.5006 -0.0000
vn 0.8652 0.5015 -0.0000
vn 0.4984 0.8669 -0.0000
vn 0.4975 0.8675 -0.0000
vn 0.0168 0.9999 -0.0000
vn 0.0156 0.9999 -0.0000
vn 0.8664 0.4993 -0.0000
vn 0.5012 0.8653 -0.0000
vn 0.0228 0.9997 -0.0000
vn 0.9995 0.0313 -0.0000
vn 0.5015 0.8652 -0.0000
vn 0.0288 0.9996 -0.0000
vn 0.8665 0.4991 -0.0000
vn 0.4314 0.8846 0.1768
vn 0.6094 0.5071 0.6094
vn -0.6095 0.5070 0.6095
vn -0.7866 0.5214 -0.3307
vn 0.0086 0.9999 0.0086
vn 0.0147 0.9999 0.0057
vn 0.0196 0.9998 -0.0000
vn 0.8435 0.5372 -0.0000
vn 0.0147 0.9999 -0.0057
vn 0.7866 0.5215 -0.3307
vn 0.0093 0.9999 -0.0093
vn -0.7071 0.0081 0.7071
vn 0.8421 0.5393 -0.0000
vn 0.0004 -0.8658 0.5003
vn 0.0004 -0.5047 0.8633
vn -0.0159 -0.9999 -0.0000
vn -0.5003 -0.8658 -0.0004
vn -0.8633 -0.5047 -0.0004
vn -1.0000 -0.0033 -0.0000
vn -0.0131 -0.9999 -0.0000
vn -1.0000 -0.0000 0.0075
vn -0.8661 -0.0000 0.4999
vn -0.4999 -0.0000 0.8661
vn -0.0075 -0.0000 1.0000
vn -0.0000 0.0408 0.9992
vn -0.0000 0.0314 0.9995
vn -0.0000 0.5014 0.8652
vn -0.0000 0.5006 0.8657
vn -0.0000 0.8675 0.4975
vn -0.0000 0.8669 0.4984
vn -0.0000 0.9999 0.0156
vn -0.0000 0.9999 0.0168
vn -0.5017 0.8650 -0.0000
vn -0.0000 0.5007 0.8656
vn -0.0000 0.4993 0.8664
vn -0.0000 0.8653 0.5013
vn -0.0000 0.9997 0.0228
vn -0.0000 0.0313 0.9995
vn -0.0000 0.4992 0.8665
vn -0.0000 0.8652 0.5014
vn -0.0000 0.9996 0.0288
vn -0.0000 -0.5004 0.8658
vn -0.0000 -0.9998 0.0190
vn -0.0000 0.0417 0.9991
vn -0.0000 0.4988 0.8667
vn -0.0000 0.8650 0.5018
vn -0.0000 0.9999 0.0170
vn -0.0000 0.4991 0.8665
vn -0.4984 0.8669 -0.0000
vn -0.0079 0.9999 -0.0079
vn -0.4314 0.8846 -0.1768
vn -0.6094 0.5071 -0.6094
vn 0.0079 0.9999 -0.0079
vn -0.8435 0.5372 -0.0000
vn -0.0093 0.9999 0.0093
vn -0.3394 0.8773 0.3394
vn 0.0057 0.9999 0.0147
vn 0.3307 0.5214 0.7866
vn 0.0048 0.9999 -0.0125
vn -0.0000 0.9998 0.0196
vn -0.0000 0.9999 -0.0161
vn -0.0057 0.9999 0.0147
vn -0.0048 0.9999 -0.0125
vn -0.3307 0.5214 0.7866
vn -0.7071 0.0081 -0.7070
vn 0.7071 0.0081 -0.7071
vn -0.0000 0.8843 0.4668
vn -0.8421 0.5393 -0.0000
vn -0.0000 -0.0033 -1.0000
vn -0.0000 -0.9999 -0.0159
vn -0.0004 -0.8658 -0.5003
vn -0.0004 -0.5047 -0.8633
vn 0.5003 -0.8658 0.0004
vn 0.8633 -0.5047 0.0004
vn -0.0000 -0.9999 -0.0131
vn 0.0075 -0.0000 1.0000
vn 0.4999 -0.0000 0.8661
vn 0.8658 -0.0000 0.5003
vn 1.0000 -0.0000 0.0075
vn 0.5017 0.8651 -0.0000
vn -0.0000 0.8653 0.5012
vn -0.0000 -0.5003 0.8659
vn -0.0000 0.8651 0.5017
vn -0.0000 0.4989 0.8667
vn 0.8659 -0.5003 -0.0000
vn 0.4985 0.8669 -0.0000
vn 0.6094 0.5071 -0.6094
vn 0.4314 0.8846 -0.1768
vn 0.6095 0.5069 0.6095
vn 0.6095 0.5069 -0.6095
vn 0.3394 0.8773 0.3394
vn 0.0093 0.9999 0.0093
vn 0.0004 -0.5047 -0.8633
vn 0.0004 -0.8658 -0.5003
vn -0.8633 -0.5047 0.0004
vn -0.5003 -0.8658 0.0004
vt 0.416667 0.780212
vt 0.458333 0.780212
vt 0.500000 0.755371
vt 0.375000 0.755371
vt 0.166667 0.780212
vt 0.208333 0.780212
vt 0.250000 0.755371
vt 0.125000 0.755371
vt 0.291667 0.780212
vt 0.333333 0.780212
vt 0.541667 0.780212
vt 0.583333 0.780212
vt 0.625000 0.755371
vt 0.324662 0.625000
vt 0.375000 0.625000
vt 0.375000 0.672459
vt 0.329022 0.668847
vt 0.425338 0.625000
vt 0.420978 0.668847
vt 0.329022 0.581153
vt 0.375000 0.577541
vt 0.420978 0.581153
vt 0.074662 0.625000
vt 0.125000 0.625000
vt 0.125000 0.672459
vt 0.079022 0.668847
vt 0.175338 0.625000
vt 0.170978 0.668847
vt 0.079022 0.581153
vt 0.125000 0.577541
vt 0.170977 0.581153
vt 0.375000 0.500000
vt 0.250000 0.500000
vt 0.250000 0.625000
vt 0.500000 0.625000
vt 0.500000 0.500000
vt 0.125000 0.500000
vt 0.125000 0.625000
vt 0.583333 0.780212
vt 0.541667 0.780212
vt 0.833333 0.780212
vt 0.875000 0.755371
vt 0.750000 0.755371
vt 0.791667 0.780212
vt 0.666667 0.780212
vt 0.708333 0.780212
vt 0.675338 0.625000
vt 0.670978 0.668847
vt 0.625000 0.672459
vt 0.625000 0.625000
vt 0.579022 0.668847
vt 0.574662 0.625000
vt 0.670977 0.581153
vt 0.625000 0.577541
vt 0.579022 0.581153
vt 0.925338 0.625000
vt 0.920978 0.668847
vt 0.875000 0.672459
vt 0.875000 0.625000
vt 0.829023 0.668847
vt 0.824662 0.625000
vt 0.920978 0.581153
vt 0.875000 0.577541
vt 0.829023 0.581153
vt 0.750000 0.625000
vt 0.750000 0.500000
vt 0.625000 0.500000
vt 0.875000 0.625000
vt 0.875000 0.500000
vt 0.458333 0.780212
vt 0.416667 0.780212
vt 0.324662 0.375000
vt 0.329022 0.331153
vt 0.375000 0.327541
vt 0.375000 0.375000
vt 0.420978 0.331153
vt 0.425338 0.375000
vt 0.329022 0.418847
vt 0.375000 0.422459
vt 0.420978 0.418847
vt 0.074662 0.375000
vt 0.079022 0.331153
vt 0.125000 0.327541
vt 0.125000 0.375000
vt 0.170978 0.331153
vt 0.175338 0.375000
vt 0.079022 0.418847
vt 0.125000 0.422459
vt 0.170977 0.418847
vt 0.375000 0.375000
vt 0.250000 0.375000
vt 0.500000 0.375000
vt 0.125000 0.375000
vt 0.675338 0.375000
vt 0.625000 0.375000
vt 0.625000 0.327541
vt 0.670978 0.331153
vt 0.574662 0.375000
vt 0.579022 0.331153
vt 0.670977 0.418847
vt 0.625000 0.422459
vt 0.579022 0.418847
vt 0.925338 0.375000
vt 0.875000 0.375000
vt 0.875000 0.327541
vt 0.920978 0.331153
vt 0.824662 0.375000
vt 0.829023 0.331153
vt 0.920978 0.418847
vt 0.875000 0.422459
vt 0.829023 0.418847
vt 0.625000 0.375000
vt 0.750000 0.375000
vt 0.875000 0.375000
vt 0.063859 0.506250
vt 0.060791 0.506250
vt 0.058653 0.503290
vt 0.059886 0.503196
vt 0.060791 0.691464
vt 0.058536 0.689209
vt 0.057614 0.691347
vt 0.058653 0.692386
vt 0.686141 0.506250
vt 0.690114 0.503196
vt 0.691347 0.503290
vt 0.689209 0.506250
vt 0.056690 0.690114
vt 0.054413 0.694669
vt 0.056560 0.693440
vt 0.051359 0.698641
vt 0.055331 0.695587
vt 0.059886 0.693310
vt 0.743750 0.791398
vt 0.743750 0.794519
vt 0.746739 0.794387
vt 0.746871 0.791398
vt 0.743750 0.796813
vt 0.746739 0.796002
vt 0.006250 0.743750
vt 0.006250 0.746871
vt 0.003261 0.746739
vt 0.003129 0.743750
vt 0.006250 0.749165
vt 0.003261 0.748354
vt 0.006250 0.791398
vt 0.003129 0.791398
vt 0.003261 0.794387
vt 0.006250 0.794519
vt 0.749165 0.791398
vt 0.748354 0.794387
vt 0.743750 0.506250
vt 0.746871 0.506250
vt 0.746739 0.503261
vt 0.743750 0.503129
vt 0.749165 0.506250
vt 0.748354 0.503261
vt 0.006250 0.506250
vt 0.006250 0.503129
vt 0.003261 0.503261
vt 0.003129 0.506250
vt 0.006250 0.500835
vt 0.003261 0.501646
vt 0.003261 0.746739
vt 0.743750 0.500835
vt 0.746739 0.501646
vt 0.686141 0.759454
vt 0.689262 0.759454
vt 0.689130 0.762443
vt 0.686141 0.762575
vt 0.691556 0.759454
vt 0.690745 0.762443
vt 0.063859 0.759454
vt 0.063859 0.762575
vt 0.060870 0.762443
vt 0.060738 0.759454
vt 0.063859 0.691556
vt 0.063859 0.689262
vt 0.060870 0.689130
vt 0.060870 0.690745
vt 0.063859 0.686141
vt 0.060738 0.686141
vt 0.686141 0.764869
vt 0.689130 0.764058
vt 0.936141 0.506250
vt 0.940114 0.503196
vt 0.941347 0.503290
vt 0.939209 0.506250
vt 0.940114 0.693310
vt 0.944669 0.695587
vt 0.943440 0.693440
vt 0.941347 0.692386
vt 0.948641 0.698641
vt 0.945587 0.694669
vt 0.943310 0.690114
vt 0.942386 0.691347
vt 0.691347 0.503290
vt 0.941464 0.689209
vt 0.939209 0.691464
vt 0.746739 0.794387
vt 0.743750 0.794519
vt 0.749165 0.791398
vt 0.993750 0.791398
vt 0.993750 0.794519
vt 0.996739 0.794387
vt 0.996871 0.791398
vt 0.993750 0.749165
vt 0.993750 0.746871
vt 0.996739 0.746739
vt 0.996739 0.748354
vt 0.993750 0.743750
vt 0.996871 0.743750
vt 0.743750 0.796813
vt 0.746739 0.796002
vt 0.993750 0.500835
vt 0.993750 0.503129
vt 0.996739 0.503261
vt 0.996739 0.501646
vt 0.993750 0.506250
vt 0.996871 0.506250
vt 0.936141 0.686141
vt 0.936141 0.689262
vt 0.939130 0.689130
vt 0.939262 0.686141
vt 0.936141 0.691556
vt 0.939130 0.690745
vt 0.936141 0.759454
vt 0.939262 0.759454
vt 0.939130 0.762443
vt 0.936141 0.762575
vt 0.058653 0.503290
vt 0.059886 0.306690
vt 0.055331 0.304413
vt 0.056560 0.306560
vt 0.058653 0.307614
vt 0.051359 0.301359
vt 0.054413 0.305331
vt 0.056690 0.309886
vt 0.057614 0.308653
vt 0.313859 0.506250
vt 0.310791 0.506250
vt 0.308653 0.503290
vt 0.309886 0.503196
vt 0.058536 0.310791
vt 0.060791 0.308536
vt 0.256250 0.791398
vt 0.253129 0.791398
vt 0.253261 0.794387
vt 0.256250 0.794519
vt 0.250835 0.791398
vt 0.251646 0.794387
vt 0.006250 0.794519
vt 0.006250 0.250835
vt 0.006250 0.253129
vt 0.003261 0.253261
vt 0.003261 0.251646
vt 0.006250 0.256250
vt 0.003129 0.256250
vt 0.256250 0.796813
vt 0.253261 0.796002
vt 0.256250 0.506250
vt 0.256250 0.503129
vt 0.253261 0.503261
vt 0.253129 0.506250
vt 0.256250 0.500835
vt 0.253261 0.501646
vt 0.250835 0.506250
vt 0.251646 0.503261
vt 0.313859 0.759454
vt 0.313859 0.762575
vt 0.310870 0.762443
vt 0.310738 0.759454
vt 0.313859 0.764869
vt 0.310870 0.764058
vt 0.063859 0.313859
vt 0.063859 0.310738
vt 0.060870 0.310870
vt 0.060738 0.313859
vt 0.063859 0.308444
vt 0.060870 0.309255
vt 0.308444 0.759454
vt 0.309255 0.762443
vt 0.941347 0.503290
vt 0.939209 0.308536
vt 0.941464 0.310791
vt 0.942386 0.308653
vt 0.941347 0.307614
vt 0.308653 0.503290
vt 0.943310 0.309886
vt 0.945587 0.305331
vt 0.943440 0.306560
vt 0.948641 0.301359
vt 0.944669 0.304413
vt 0.940114 0.306690
vt 0.256250 0.794519
vt 0.253261 0.794387
vt 0.253129 0.791398
vt 0.256250 0.796813
vt 0.253261 0.796002
vt 0.993750 0.256250
vt 0.993750 0.253129
vt 0.996739 0.253261
vt 0.996871 0.256250
vt 0.993750 0.250835
vt 0.996739 0.251646
vt 0.993750 0.794519
vt 0.250835 0.791398
vt 0.996739 0.253261
vt 0.993750 0.253129
vt 0.936141 0.308444
vt 0.936141 0.310738
vt 0.939130 0.310870
vt 0.939130 0.309255
vt 0.936141 0.313859
vt 0.939262 0.313859
vt 0.006250 0.755371
vt 0.003125 0.755371
vt 0.000835 0.506250
vt 0.000837 0.755371
vt 0.746875 0.755371
vt 0.743750 0.755371
vt 0.456218 0.743750
vt 0.500000 0.743750
vt 0.500000 0.746875
vt 0.457275 0.746875
vt 0.457275 0.796811
vt 0.500000 0.796811
vt 0.500000 0.794523
vt 0.458050 0.794523
vt 0.500000 0.791398
vt 0.458333 0.791398
vt 0.006250 0.706218
vt 0.003125 0.707275
vt 0.000835 0.743750
vt 0.000837 0.708050
vt 0.708050 0.794523
vt 0.708333 0.791398
vt 0.206217 0.743750
vt 0.250000 0.743750
vt 0.250000 0.746875
vt 0.207275 0.746875
vt 0.207275 0.796811
vt 0.250000 0.796811
vt 0.250000 0.794523
vt 0.208050 0.794523
vt 0.250000 0.791398
vt 0.208333 0.791398
vt 0.293782 0.743750
vt 0.292725 0.746875
vt 0.292725 0.796811
vt 0.291950 0.794523
vt 0.291667 0.791398
vt 0.334486 0.743750
vt 0.333909 0.746875
vt 0.333909 0.796811
vt 0.333488 0.794523
vt 0.333333 0.791398
vt 0.375000 0.743750
vt 0.375000 0.746875
vt 0.375000 0.796811
vt 0.375000 0.794523
vt 0.375000 0.791398
vt 0.415515 0.743750
vt 0.416091 0.746875
vt 0.416091 0.796811
vt 0.416512 0.794523
vt 0.416667 0.791398
vt 0.500000 0.500837
vt 0.375000 0.500837
vt 0.375000 0.503125
vt 0.500000 0.503125
vt 0.375000 0.506250
vt 0.500000 0.506250
vt 0.250000 0.500837
vt 0.250000 0.503125
vt 0.250000 0.506250
vt 0.125000 0.743750
vt 0.125000 0.746875
vt 0.125000 0.500837
vt 0.125000 0.503125
vt 0.125000 0.506250
vt 0.043782 0.743750
vt 0.042725 0.746875
vt 0.041950 0.749163
vt 0.041950 0.794523
vt 0.041667 0.791398
vt 0.084485 0.743750
vt 0.083909 0.746875
vt 0.042725 0.796811
vt 0.083909 0.796811
vt 0.083488 0.794523
vt 0.083333 0.791398
vt 0.125000 0.796811
vt 0.125000 0.794523
vt 0.125000 0.791398
vt 0.165515 0.743750
vt 0.166091 0.746875
vt 0.166091 0.796811
vt 0.166512 0.794523
vt 0.166667 0.791398
vt 0.006250 0.625000
vt 0.003125 0.625000
vt 0.625000 0.500837
vt 0.625000 0.503125
vt 0.625000 0.506250
vt 0.006250 0.500000
vt 0.003125 0.500000
vt 0.006250 0.543782
vt 0.003125 0.542725
vt 0.542725 0.796811
vt 0.541950 0.794523
vt 0.541667 0.791398
vt 0.006250 0.584485
vt 0.003125 0.583909
vt 0.583909 0.796811
vt 0.583488 0.794523
vt 0.583333 0.791398
vt 0.625000 0.796811
vt 0.625000 0.794523
vt 0.625000 0.791398
vt 0.006250 0.665515
vt 0.003125 0.666091
vt 0.666091 0.796811
vt 0.666512 0.794523
vt 0.666667 0.791398
vt 0.707275 0.796811
vt 0.562991 0.803898
vt 0.591441 0.803898
vt 0.591283 0.800773
vt 0.562413 0.800773
vt 0.312413 0.562413
vt 0.293125 0.591283
vt 0.290783 0.590851
vt 0.310834 0.560834
vt 0.287585 0.590262
vt 0.308677 0.558677
vt 0.625000 0.803898
vt 0.625000 0.800773
vt 0.286419 0.625000
vt 0.283996 0.625000
vt 0.280685 0.625000
vt 0.658559 0.803898
vt 0.658717 0.800773
vt 0.293125 0.658717
vt 0.290783 0.659149
vt 0.287585 0.659738
vt 0.687009 0.803898
vt 0.687587 0.800773
vt 0.312413 0.687587
vt 0.310834 0.689166
vt 0.308677 0.691323
vt 0.441323 0.558677
vt 0.462415 0.590262
vt 0.459217 0.590851
vt 0.439166 0.560834
vt 0.456875 0.591283
vt 0.437587 0.562413
vt 0.591283 0.800773
vt 0.469315 0.625000
vt 0.466004 0.625000
vt 0.463581 0.625000
vt 0.462415 0.659738
vt 0.459217 0.659149
vt 0.456875 0.658717
vt 0.658559 0.803898
vt 0.441323 0.691323
vt 0.439166 0.689166
vt 0.437587 0.687587
vt 0.062413 0.562413
vt 0.043125 0.591283
vt 0.040783 0.590852
vt 0.060834 0.560834
vt 0.037585 0.590262
vt 0.058677 0.558677
vt 0.036419 0.625000
vt 0.033996 0.625000
vt 0.030685 0.625000
vt 0.043125 0.658717
vt 0.040783 0.659149
vt 0.037585 0.659738
vt 0.062413 0.687587
vt 0.060834 0.689166
vt 0.058677 0.691323
vt 0.191323 0.558677
vt 0.212415 0.590262
vt 0.209217 0.590851
vt 0.189166 0.560834
vt 0.206875 0.591283
vt 0.187587 0.562413
vt 0.219315 0.625000
vt 0.216004 0.625000
vt 0.213581 0.625000
vt 0.212415 0.659738
vt 0.209217 0.659149
vt 0.206875 0.658717
vt 0.191323 0.691323
vt 0.189166 0.689166
vt 0.187587 0.687587
vt 0.687587 0.800773
vt 0.158559 0.803898
vt 0.187009 0.803898
vt 0.187587 0.800773
vt 0.158717 0.800773
vt 0.158717 0.706875
vt 0.159148 0.709217
vt 0.159738 0.712415
vt 0.159738 0.537585
vt 0.159148 0.540783
vt 0.158717 0.543125
vt 0.158717 0.800773
vt 0.158559 0.803898
vt 0.125000 0.803898
vt 0.125000 0.800773
vt 0.125000 0.713581
vt 0.125000 0.716004
vt 0.125000 0.719315
vt 0.125000 0.530685
vt 0.125000 0.533996
vt 0.125000 0.536419
vt 0.091441 0.803898
vt 0.091283 0.800773
vt 0.091283 0.706875
vt 0.090851 0.709217
vt 0.090262 0.712415
vt 0.090262 0.537585
vt 0.090851 0.540783
vt 0.091283 0.543125
vt 0.091441 0.803898
vt 0.062991 0.803898
vt 0.062413 0.800773
vt 0.408559 0.803898
vt 0.437009 0.803898
vt 0.437587 0.800773
vt 0.408717 0.800773
vt 0.408717 0.706875
vt 0.409149 0.709217
vt 0.409738 0.712415
vt 0.409738 0.537585
vt 0.409149 0.540783
vt 0.408717 0.543125
vt 0.408717 0.800773
vt 0.437009 0.803898
vt 0.375000 0.803898
vt 0.375000 0.800773
vt 0.375000 0.713581
vt 0.375000 0.716004
vt 0.375000 0.719315
vt 0.375000 0.530685
vt 0.375000 0.533996
vt 0.375000 0.536419
vt 0.341441 0.803898
vt 0.341283 0.800773
vt 0.341283 0.706875
vt 0.340852 0.709217
vt 0.340262 0.712415
vt 0.340262 0.537585
vt 0.340851 0.540783
vt 0.341283 0.543125
vt 0.341283 0.800773
vt 0.312991 0.803898
vt 0.312413 0.800773
vt 0.312413 0.800773
vt 0.562991 0.883229
vt 0.591441 0.883229
vt 0.591140 0.886354
vt 0.563463 0.886354
vt 0.590317 0.888641
vt 0.564751 0.888641
vt 0.435081 0.564751
vt 0.452191 0.590317
vt 0.448363 0.589193
vt 0.433154 0.566510
vt 0.066846 0.566510
vt 0.051637 0.589193
vt 0.047809 0.590317
vt 0.064919 0.564751
vt 0.051637 0.660807
vt 0.066846 0.683490
vt 0.064919 0.685249
vt 0.047809 0.659683
vt 0.659683 0.888641
vt 0.685249 0.888641
vt 0.686537 0.886354
vt 0.658860 0.886354
vt 0.687009 0.883229
vt 0.658559 0.883229
vt 0.625000 0.883229
vt 0.658559 0.883229
vt 0.625000 0.886354
vt 0.211732 0.625000
vt 0.204993 0.658860
vt 0.202190 0.659683
vt 0.209105 0.625000
vt 0.198363 0.660807
vt 0.205517 0.625000
vt 0.686537 0.886354
vt 0.659683 0.888641
vt 0.185081 0.685249
vt 0.183154 0.683490
vt 0.161156 0.698245
vt 0.159857 0.702132
vt 0.159857 0.888641
vt 0.185081 0.888641
vt 0.186492 0.886354
vt 0.158907 0.886354
vt 0.187009 0.883229
vt 0.158559 0.883229
vt 0.158559 0.883229
vt 0.187009 0.883229
vt 0.186492 0.886354
vt 0.185081 0.888641
vt 0.159857 0.547868
vt 0.185081 0.564751
vt 0.183154 0.566510
vt 0.161156 0.551755
vt 0.125000 0.705471
vt 0.125000 0.709082
vt 0.158907 0.704977
vt 0.125000 0.711726
vt 0.125000 0.886354
vt 0.125000 0.883229
vt 0.125000 0.538274
vt 0.158907 0.545023
vt 0.125000 0.540918
vt 0.125000 0.544529
vt 0.091441 0.883229
vt 0.091093 0.886354
vt 0.091093 0.545023
vt 0.090143 0.547868
vt 0.088844 0.551755
vt 0.062991 0.883229
vt 0.063508 0.886354
vt 0.090143 0.888641
vt 0.064919 0.888641
vt 0.408559 0.883229
vt 0.437009 0.883229
vt 0.436492 0.886354
vt 0.408907 0.886354
vt 0.435081 0.888641
vt 0.409857 0.888641
vt 0.409857 0.547868
vt 0.411156 0.551755
vt 0.375000 0.883229
vt 0.375000 0.886354
vt 0.375000 0.538274
vt 0.408907 0.545023
vt 0.375000 0.540918
vt 0.375000 0.544529
vt 0.341441 0.883229
vt 0.341093 0.886354
vt 0.341093 0.545023
vt 0.340143 0.547868
vt 0.338844 0.551755
vt 0.316846 0.566510
vt 0.301637 0.589193
vt 0.297809 0.590317
vt 0.314919 0.564751
vt 0.461732 0.625000
vt 0.454993 0.658860
vt 0.452191 0.659683
vt 0.459105 0.625000
vt 0.448363 0.660807
vt 0.455517 0.625000
vt 0.294483 0.625000
vt 0.290895 0.625000
vt 0.288268 0.625000
vt 0.295007 0.591140
vt 0.301637 0.660807
vt 0.297809 0.659683
vt 0.295007 0.658860
vt 0.316846 0.683490
vt 0.314919 0.685249
vt 0.454993 0.591140
vt 0.435081 0.685249
vt 0.433154 0.683490
vt 0.044483 0.625000
vt 0.040895 0.625000
vt 0.038268 0.625000
vt 0.045007 0.591140
vt 0.045007 0.658860
vt 0.564751 0.888641
vt 0.202190 0.590317
vt 0.198363 0.589193
vt 0.204993 0.591140
vt 0.088844 0.698245
vt 0.090143 0.702132
vt 0.091093 0.704977
vt 0.091093 0.886354
vt 0.091441 0.883229
vt 0.064919 0.888641
vt 0.090143 0.888641
vt 0.063508 0.886354
vt 0.411156 0.698245
vt 0.409857 0.702132
vt 0.375000 0.705471
vt 0.375000 0.709082
vt 0.408907 0.704977
vt 0.375000 0.711726
vt 0.375000 0.886354
vt 0.375000 0.883229
vt 0.338844 0.698245
vt 0.340143 0.702132
vt 0.341093 0.704977
vt 0.341093 0.886354
vt 0.314919 0.888641
vt 0.340143 0.888641
vt 0.313508 0.886354
vt 0.312991 0.883229
vt 0.312991 0.883229
vt 0.313508 0.886354
vt 0.340143 0.888641
vt 0.314919 0.888641
vt 0.000835 0.791398
vt 0.500000 0.693229
vt 0.375000 0.693229
vt 0.375000 0.695516
vt 0.500000 0.695516
vt 0.375000 0.698641
vt 0.500000 0.698641
vt 0.250000 0.693229
vt 0.250000 0.695516
vt 0.250000 0.698641
vt 0.125000 0.693229
vt 0.125000 0.695516
vt 0.125000 0.698641
vt 0.055331 0.500918
vt 0.694669 0.500918
vt 0.054484 0.625000
vt 0.051359 0.625000
vt 0.054484 0.500000
vt 0.051359 0.500000
vt 0.058444 0.759454
vt 0.058536 0.506250
vt 0.500000 0.686141
vt 0.375000 0.686141
vt 0.375000 0.689266
vt 0.500000 0.689266
vt 0.375000 0.691554
vt 0.500000 0.691554
vt 0.500000 0.762579
vt 0.375000 0.762579
vt 0.375000 0.759454
vt 0.500000 0.759454
vt 0.250000 0.686141
vt 0.250000 0.689266
vt 0.250000 0.691554
vt 0.250000 0.762579
vt 0.250000 0.759454
vt 0.125000 0.686141
vt 0.125000 0.689266
vt 0.125000 0.691554
vt 0.125000 0.762579
vt 0.125000 0.759454
vt 0.063859 0.625000
vt 0.060734 0.625000
vt 0.058446 0.625000
vt 0.058444 0.686141
vt 0.625000 0.762579
vt 0.625000 0.759454
vt 0.063859 0.500000
vt 0.060734 0.500000
vt 0.058446 0.500000
vt 0.999163 0.755371
vt 0.999165 0.506250
vt 0.996875 0.755371
vt 0.993750 0.755371
vt 0.541950 0.794523
vt 0.542725 0.796811
vt 0.542725 0.746875
vt 0.543782 0.743750
vt 0.999163 0.708050
vt 0.999165 0.743750
vt 0.996875 0.707275
vt 0.993750 0.706218
vt 0.791667 0.791398
vt 0.750000 0.791398
vt 0.750000 0.794523
vt 0.791950 0.794523
vt 0.750000 0.796811
vt 0.792725 0.796811
vt 0.792725 0.746875
vt 0.750000 0.746875
vt 0.750000 0.743750
vt 0.793782 0.743750
vt 0.708333 0.791398
vt 0.708050 0.794523
vt 0.707275 0.796811
vt 0.707275 0.746875
vt 0.706218 0.743750
vt 0.666512 0.794523
vt 0.666091 0.746875
vt 0.665514 0.743750
vt 0.625000 0.746875
vt 0.625000 0.743750
vt 0.583333 0.791398
vt 0.583909 0.746875
vt 0.584485 0.743750
vt 0.750000 0.506250
vt 0.750000 0.503125
vt 0.750000 0.500837
vt 0.875000 0.506250
vt 0.875000 0.503125
vt 0.875000 0.500837
vt 0.875000 0.746875
vt 0.875000 0.743750
vt 0.958333 0.791398
vt 0.958050 0.794523
vt 0.958050 0.749163
vt 0.957275 0.746875
vt 0.956218 0.743750
vt 0.916667 0.791398
vt 0.916512 0.794523
vt 0.916091 0.796811
vt 0.957275 0.796811
vt 0.916091 0.746875
vt 0.915515 0.743750
vt 0.875000 0.791398
vt 0.875000 0.794523
vt 0.875000 0.796811
vt 0.833333 0.791398
vt 0.833488 0.794523
vt 0.833909 0.796811
vt 0.833909 0.746875
vt 0.834485 0.743750
vt 0.996875 0.625000
vt 0.993750 0.625000
vt 0.996875 0.500000
vt 0.993750 0.500000
vt 0.996875 0.542725
vt 0.993750 0.543782
vt 0.996875 0.583909
vt 0.993750 0.584485
vt 0.996875 0.666091
vt 0.993750 0.665515
vt 0.691323 0.558677
vt 0.712415 0.590262
vt 0.709217 0.590851
vt 0.689166 0.560834
vt 0.706875 0.591283
vt 0.687587 0.562413
vt 0.719315 0.625000
vt 0.716004 0.625000
vt 0.713581 0.625000
vt 0.712415 0.659738
vt 0.709217 0.659149
vt 0.706875 0.658717
vt 0.691323 0.691323
vt 0.689166 0.689166
vt 0.687587 0.687587
vt 0.562413 0.562413
vt 0.543125 0.591283
vt 0.540783 0.590851
vt 0.560834 0.560834
vt 0.537585 0.590262
vt 0.558677 0.558677
vt 0.536419 0.625000
vt 0.533996 0.625000
vt 0.530685 0.625000
vt 0.543125 0.658717
vt 0.540783 0.659149
vt 0.537585 0.659738
vt 0.562413 0.687587
vt 0.560834 0.689166
vt 0.558677 0.691323
vt 0.941323 0.558677
vt 0.962415 0.590262
vt 0.959217 0.590852
vt 0.939166 0.560834
vt 0.956875 0.591283
vt 0.937587 0.562413
vt 0.969315 0.625000
vt 0.966004 0.625000
vt 0.963581 0.625000
vt 0.962415 0.659738
vt 0.959217 0.659149
vt 0.956875 0.658717
vt 0.941323 0.691323
vt 0.939166 0.689166
vt 0.937587 0.687587
vt 0.812413 0.562413
vt 0.793125 0.591283
vt 0.790783 0.590851
vt 0.810834 0.560834
vt 0.787585 0.590262
vt 0.808677 0.558677
vt 0.786419 0.625000
vt 0.783996 0.625000
vt 0.780685 0.625000
vt 0.793125 0.658717
vt 0.790783 0.659149
vt 0.787585 0.659738
vt 0.812413 0.687587
vt 0.810834 0.689166
vt 0.808677 0.691323
vt 0.840262 0.712415
vt 0.840852 0.709217
vt 0.841283 0.706875
vt 0.841283 0.800773
vt 0.812413 0.800773
vt 0.812991 0.803898
vt 0.841441 0.803898
vt 0.841283 0.543125
vt 0.840852 0.540783
vt 0.840262 0.537585
vt 0.875000 0.719315
vt 0.875000 0.716004
vt 0.875000 0.713581
vt 0.875000 0.800773
vt 0.875000 0.803898
vt 0.875000 0.536419
vt 0.875000 0.533996
vt 0.875000 0.530685
vt 0.909738 0.712415
vt 0.909149 0.709217
vt 0.908717 0.706875
vt 0.908717 0.800773
vt 0.908559 0.803898
vt 0.908559 0.803898
vt 0.908717 0.543125
vt 0.909149 0.540783
vt 0.909738 0.537585
vt 0.937587 0.800773
vt 0.937009 0.803898
vt 0.590262 0.712415
vt 0.590851 0.709217
vt 0.591283 0.706875
vt 0.562991 0.803898
vt 0.591283 0.543125
vt 0.590851 0.540783
vt 0.590262 0.537585
vt 0.625000 0.719315
vt 0.625000 0.716004
vt 0.625000 0.713581
vt 0.625000 0.536419
vt 0.625000 0.533996
vt 0.625000 0.530685
vt 0.659738 0.712415
vt 0.659148 0.709217
vt 0.658717 0.706875
vt 0.658717 0.800773
vt 0.658717 0.543125
vt 0.659149 0.540783
vt 0.659738 0.537585
vt 0.566846 0.566510
vt 0.551637 0.589193
vt 0.547809 0.590317
vt 0.564919 0.564751
vt 0.935081 0.564751
vt 0.952191 0.590317
vt 0.948363 0.589193
vt 0.933154 0.566510
vt 0.952191 0.659683
vt 0.935081 0.685249
vt 0.933154 0.683490
vt 0.948363 0.660807
vt 0.794483 0.625000
vt 0.801637 0.660807
vt 0.797810 0.659683
vt 0.790895 0.625000
vt 0.795007 0.658860
vt 0.788268 0.625000
vt 0.816846 0.683490
vt 0.814919 0.685249
vt 0.841441 0.883229
vt 0.812991 0.883229
vt 0.813508 0.886354
vt 0.841093 0.886354
vt 0.814919 0.888641
vt 0.840143 0.888641
vt 0.840143 0.702132
vt 0.838844 0.698245
vt 0.838844 0.551755
vt 0.816846 0.566510
vt 0.814919 0.564751
vt 0.840143 0.547868
vt 0.813508 0.886354
vt 0.875000 0.883229
vt 0.875000 0.886354
vt 0.875000 0.711726
vt 0.841093 0.704977
vt 0.875000 0.709082
vt 0.875000 0.705471
vt 0.875000 0.544529
vt 0.875000 0.540918
vt 0.841093 0.545023
vt 0.875000 0.538274
vt 0.911156 0.551755
vt 0.909857 0.547868
vt 0.908907 0.545023
vt 0.908907 0.886354
vt 0.908559 0.883229
vt 0.935081 0.888641
vt 0.909857 0.888641
vt 0.936492 0.886354
vt 0.937009 0.883229
vt 0.588844 0.551755
vt 0.590143 0.547868
vt 0.590143 0.888641
vt 0.564919 0.888641
vt 0.563508 0.886354
vt 0.591093 0.886354
vt 0.562991 0.883229
vt 0.625000 0.544529
vt 0.625000 0.540918
vt 0.591093 0.545023
vt 0.625000 0.538274
vt 0.661156 0.551755
vt 0.659857 0.547868
vt 0.658907 0.545023
vt 0.658907 0.886354
vt 0.685081 0.564751
vt 0.702191 0.590317
vt 0.698363 0.589193
vt 0.683154 0.566510
vt 0.544483 0.625000
vt 0.551637 0.660807
vt 0.547809 0.659683
vt 0.540895 0.625000
vt 0.545007 0.658860
vt 0.538268 0.625000
vt 0.704993 0.591140
vt 0.711732 0.625000
vt 0.709105 0.625000
vt 0.705517 0.625000
vt 0.704993 0.658860
vt 0.702191 0.659683
vt 0.698363 0.660807
vt 0.685081 0.685249
vt 0.683154 0.683490
vt 0.545007 0.591140
vt 0.566846 0.683490
vt 0.564919 0.685249
vt 0.954993 0.591140
vt 0.961732 0.625000
vt 0.959105 0.625000
vt 0.955517 0.625000
vt 0.954993 0.658860
vt 0.801637 0.589193
vt 0.797810 0.590317
vt 0.795007 0.591140
vt 0.908907 0.886354
vt 0.908907 0.704977
vt 0.909857 0.702132
vt 0.911156 0.698245
vt 0.936492 0.886354
vt 0.909857 0.888641
vt 0.935081 0.888641
vt 0.590143 0.702132
vt 0.588844 0.698245
vt 0.625000 0.711726
vt 0.591093 0.704977
vt 0.625000 0.709082
vt 0.625000 0.705471
vt 0.658907 0.704977
vt 0.659857 0.702132
vt 0.661156 0.698245
vt 0.687009 0.883229
vt 0.686492 0.886354
vt 0.659857 0.888641
vt 0.685081 0.888641
vt 0.999165 0.791398
vt 0.625000 0.698641
vt 0.625000 0.695516
vt 0.625000 0.693229
vt 0.750000 0.698641
vt 0.750000 0.695516
vt 0.750000 0.693229
vt 0.875000 0.698641
vt 0.875000 0.695516
vt 0.875000 0.693229
vt 0.944669 0.500918
vt 0.948641 0.625000
vt 0.945516 0.625000
vt 0.948641 0.500000
vt 0.945516 0.500000
vt 0.941464 0.506250
vt 0.941556 0.759454
vt 0.625000 0.691554
vt 0.625000 0.689266
vt 0.625000 0.686141
vt 0.750000 0.759454
vt 0.750000 0.762579
vt 0.750000 0.691554
vt 0.750000 0.689266
vt 0.750000 0.686141
vt 0.875000 0.759454
vt 0.875000 0.762579
vt 0.875000 0.691554
vt 0.875000 0.689266
vt 0.875000 0.686141
vt 0.941556 0.686141
vt 0.941554 0.625000
vt 0.939266 0.625000
vt 0.936141 0.625000
vt 0.941554 0.500000
vt 0.939266 0.500000
vt 0.936141 0.500000
vt 0.256250 0.755371
vt 0.253125 0.755371
vt 0.457275 0.253125
vt 0.500000 0.253125
vt 0.500000 0.256250
vt 0.456218 0.256250
vt 0.291667 0.791398
vt 0.291950 0.794523
vt 0.000837 0.291950
vt 0.000835 0.256250
vt 0.003125 0.292725
vt 0.006250 0.293782
vt 0.207275 0.253125
vt 0.250000 0.253125
vt 0.250000 0.256250
vt 0.206217 0.256250
vt 0.292725 0.253125
vt 0.293782 0.256250
vt 0.333909 0.253125
vt 0.334486 0.256250
vt 0.375000 0.253125
vt 0.375000 0.256250
vt 0.416091 0.253125
vt 0.415515 0.256250
vt 0.125000 0.253125
vt 0.125000 0.256250
vt 0.041950 0.250837
vt 0.042725 0.253125
vt 0.043782 0.256250
vt 0.083909 0.253125
vt 0.084485 0.256250
vt 0.166091 0.253125
vt 0.165515 0.256250
vt 0.003125 0.375000
vt 0.006250 0.375000
vt 0.458333 0.791398
vt 0.003125 0.457275
vt 0.006250 0.456217
vt 0.416667 0.791398
vt 0.416091 0.796811
vt 0.003125 0.416091
vt 0.006250 0.415514
vt 0.333488 0.794523
vt 0.003125 0.333909
vt 0.006250 0.334485
vt 0.292725 0.796811
vt 0.308677 0.441323
vt 0.287585 0.409738
vt 0.290783 0.409148
vt 0.310834 0.439166
vt 0.293125 0.408717
vt 0.312413 0.437587
vt 0.437587 0.800773
vt 0.280685 0.375000
vt 0.283996 0.375000
vt 0.286419 0.375000
vt 0.287585 0.340262
vt 0.290783 0.340851
vt 0.293125 0.341283
vt 0.341441 0.803898
vt 0.308677 0.308677
vt 0.310834 0.310834
vt 0.312413 0.312413
vt 0.437587 0.437587
vt 0.456875 0.408717
vt 0.459217 0.409148
vt 0.439166 0.439166
vt 0.462415 0.409738
vt 0.441323 0.441323
vt 0.463581 0.375000
vt 0.466004 0.375000
vt 0.469315 0.375000
vt 0.456875 0.341283
vt 0.459217 0.340851
vt 0.462415 0.340262
vt 0.437587 0.312413
vt 0.439166 0.310834
vt 0.441323 0.308677
vt 0.058677 0.441323
vt 0.037585 0.409738
vt 0.040783 0.409148
vt 0.060834 0.439166
vt 0.043125 0.408717
vt 0.062413 0.437587
vt 0.437587 0.800773
vt 0.408717 0.800773
vt 0.437009 0.803898
vt 0.030685 0.375000
vt 0.033996 0.375000
vt 0.036419 0.375000
vt 0.375000 0.800773
vt 0.375000 0.803898
vt 0.037585 0.340262
vt 0.040783 0.340851
vt 0.043125 0.341283
vt 0.058677 0.308677
vt 0.060834 0.310834
vt 0.062413 0.312413
vt 0.187587 0.437587
vt 0.206875 0.408717
vt 0.209217 0.409149
vt 0.189166 0.439166
vt 0.212415 0.409738
vt 0.191323 0.441323
vt 0.213581 0.375000
vt 0.216004 0.375000
vt 0.219315 0.375000
vt 0.206875 0.341283
vt 0.209217 0.340851
vt 0.212415 0.340262
vt 0.187587 0.312413
vt 0.189166 0.310834
vt 0.191323 0.308677
vt 0.159738 0.287585
vt 0.159148 0.290783
vt 0.158717 0.293125
vt 0.158717 0.456875
vt 0.159148 0.459217
vt 0.159738 0.462415
vt 0.125000 0.280685
vt 0.125000 0.283996
vt 0.125000 0.286419
vt 0.125000 0.463581
vt 0.125000 0.466004
vt 0.125000 0.469315
vt 0.090262 0.287585
vt 0.090851 0.290783
vt 0.091283 0.293125
vt 0.091283 0.456875
vt 0.090851 0.459217
vt 0.090262 0.462415
vt 0.409738 0.287585
vt 0.409149 0.290783
vt 0.408717 0.293125
vt 0.408717 0.456875
vt 0.409149 0.459217
vt 0.409738 0.462415
vt 0.375000 0.280685
vt 0.375000 0.283996
vt 0.375000 0.286419
vt 0.375000 0.463581
vt 0.375000 0.466004
vt 0.375000 0.469315
vt 0.340262 0.287585
vt 0.340852 0.290783
vt 0.341283 0.293125
vt 0.341283 0.456875
vt 0.340851 0.459217
vt 0.340262 0.462415
vt 0.312413 0.800773
vt 0.433154 0.433490
vt 0.448363 0.410807
vt 0.452191 0.409683
vt 0.435081 0.435249
vt 0.435249 0.888641
vt 0.409683 0.888641
vt 0.408860 0.886354
vt 0.436537 0.886354
vt 0.437009 0.883229
vt 0.437009 0.883229
vt 0.408860 0.886354
vt 0.435249 0.888641
vt 0.064919 0.435249
vt 0.047809 0.409683
vt 0.051637 0.410807
vt 0.066846 0.433490
vt 0.341441 0.883229
vt 0.313463 0.886354
vt 0.341140 0.886354
vt 0.314751 0.888641
vt 0.340317 0.888641
vt 0.047809 0.340317
vt 0.064919 0.314751
vt 0.066846 0.316510
vt 0.051637 0.339193
vt 0.205517 0.375000
vt 0.198363 0.339193
vt 0.202190 0.340317
vt 0.209105 0.375000
vt 0.204993 0.341140
vt 0.211732 0.375000
vt 0.183154 0.316510
vt 0.185081 0.314751
vt 0.340317 0.888641
vt 0.313463 0.886354
vt 0.159857 0.297868
vt 0.161156 0.301755
vt 0.161156 0.448245
vt 0.183154 0.433490
vt 0.185081 0.435249
vt 0.159857 0.452132
vt 0.125000 0.288274
vt 0.158907 0.295023
vt 0.125000 0.290918
vt 0.125000 0.294529
vt 0.125000 0.455471
vt 0.125000 0.459082
vt 0.158907 0.454977
vt 0.125000 0.461726
vt 0.088844 0.448245
vt 0.090143 0.452132
vt 0.091093 0.454977
vt 0.411156 0.448245
vt 0.409857 0.452132
vt 0.375000 0.455471
vt 0.375000 0.459082
vt 0.408907 0.454977
vt 0.375000 0.461726
vt 0.338844 0.448245
vt 0.340143 0.452132
vt 0.341093 0.454977
vt 0.314919 0.435249
vt 0.297809 0.409683
vt 0.301637 0.410807
vt 0.316846 0.433490
vt 0.455517 0.375000
vt 0.448363 0.339193
vt 0.452191 0.340317
vt 0.459105 0.375000
vt 0.454993 0.341140
vt 0.461732 0.375000
vt 0.375000 0.883229
vt 0.375000 0.886354
vt 0.295007 0.408860
vt 0.288268 0.375000
vt 0.290895 0.375000
vt 0.294483 0.375000
vt 0.295007 0.341140
vt 0.297809 0.340317
vt 0.301637 0.339193
vt 0.314919 0.314751
vt 0.316846 0.316510
vt 0.454993 0.408860
vt 0.433154 0.316510
vt 0.435081 0.314751
vt 0.340317 0.888641
vt 0.045007 0.408860
vt 0.038268 0.375000
vt 0.040895 0.375000
vt 0.044483 0.375000
vt 0.045007 0.341140
vt 0.198363 0.410807
vt 0.202190 0.409683
vt 0.204993 0.408860
vt 0.091093 0.295023
vt 0.090143 0.297868
vt 0.088844 0.301755
vt 0.409857 0.297868
vt 0.411156 0.301755
vt 0.375000 0.288274
vt 0.408907 0.295023
vt 0.375000 0.290918
vt 0.375000 0.294529
vt 0.341093 0.295023
vt 0.340143 0.297868
vt 0.338844 0.301755
vt 0.500000 0.301359
vt 0.375000 0.301359
vt 0.375000 0.304484
vt 0.500000 0.304484
vt 0.375000 0.306771
vt 0.500000 0.306771
vt 0.250000 0.301359
vt 0.250000 0.304484
vt 0.250000 0.306771
vt 0.125000 0.301359
vt 0.125000 0.304484
vt 0.125000 0.306771
vt 0.051359 0.375000
vt 0.054484 0.375000
vt 0.305331 0.500918
vt 0.500000 0.308446
vt 0.375000 0.308446
vt 0.375000 0.310734
vt 0.500000 0.310734
vt 0.375000 0.313859
vt 0.500000 0.313859
vt 0.250000 0.308446
vt 0.250000 0.310734
vt 0.250000 0.313859
vt 0.125000 0.308446
vt 0.125000 0.310734
vt 0.125000 0.313859
vt 0.058444 0.313859
vt 0.058446 0.375000
vt 0.060734 0.375000
vt 0.063859 0.375000
vt 0.543782 0.256250
vt 0.542725 0.253125
vt 0.993750 0.293782
vt 0.996875 0.292725
vt 0.999165 0.256250
vt 0.999163 0.291950
vt 0.793782 0.256250
vt 0.750000 0.256250
vt 0.750000 0.253125
vt 0.792725 0.253125
vt 0.706218 0.256250
vt 0.707275 0.253125
vt 0.665514 0.256250
vt 0.666091 0.253125
vt 0.625000 0.256250
vt 0.625000 0.253125
vt 0.584485 0.256250
vt 0.583909 0.253125
vt 0.875000 0.256250
vt 0.875000 0.253125
vt 0.956218 0.256250
vt 0.957275 0.253125
vt 0.958050 0.250837
vt 0.915515 0.256250
vt 0.916091 0.253125
vt 0.834485 0.256250
vt 0.833909 0.253125
vt 0.993750 0.375000
vt 0.996875 0.375000
vt 0.993750 0.456217
vt 0.996875 0.457275
vt 0.993750 0.415514
vt 0.996875 0.416091
vt 0.993750 0.334485
vt 0.996875 0.333909
vt 0.687587 0.437587
vt 0.706875 0.408717
vt 0.709217 0.409148
vt 0.689166 0.439166
vt 0.712415 0.409738
vt 0.691323 0.441323
vt 0.713581 0.375000
vt 0.716004 0.375000
vt 0.719315 0.375000
vt 0.706875 0.341283
vt 0.709217 0.340851
vt 0.712415 0.340262
vt 0.687587 0.312413
vt 0.689166 0.310834
vt 0.691323 0.308677
vt 0.558677 0.441323
vt 0.537585 0.409738
vt 0.540783 0.409148
vt 0.560834 0.439166
vt 0.543125 0.408717
vt 0.562413 0.437587
vt 0.530685 0.375000
vt 0.533996 0.375000
vt 0.536419 0.375000
vt 0.537585 0.340262
vt 0.540783 0.340851
vt 0.543125 0.341283
vt 0.558677 0.308677
vt 0.560834 0.310834
vt 0.562413 0.312413
vt 0.937587 0.437587
vt 0.956875 0.408717
vt 0.959217 0.409148
vt 0.939166 0.439166
vt 0.962415 0.409738
vt 0.941323 0.441323
vt 0.963581 0.375000
vt 0.966004 0.375000
vt 0.969315 0.375000
vt 0.956875 0.341283
vt 0.959217 0.340851
vt 0.962415 0.340262
vt 0.937587 0.312413
vt 0.939166 0.310834
vt 0.941323 0.308677
vt 0.808677 0.441323
vt 0.787585 0.409738
vt 0.790783 0.409149
vt 0.810834 0.439166
vt 0.793125 0.408717
vt 0.812413 0.437587
vt 0.780685 0.375000
vt 0.783996 0.375000
vt 0.786419 0.375000
vt 0.787585 0.340262
vt 0.790783 0.340851
vt 0.793125 0.341283
vt 0.808677 0.308677
vt 0.810834 0.310834
vt 0.812413 0.312413
vt 0.841283 0.293125
vt 0.840852 0.290783
vt 0.840262 0.287585
vt 0.840262 0.462415
vt 0.840852 0.459217
vt 0.841283 0.456875
vt 0.875000 0.286419
vt 0.875000 0.283996
vt 0.875000 0.280685
vt 0.875000 0.469315
vt 0.875000 0.466004
vt 0.875000 0.463581
vt 0.908717 0.293125
vt 0.909149 0.290783
vt 0.909738 0.287585
vt 0.909738 0.462415
vt 0.909149 0.459217
vt 0.908717 0.456875
vt 0.591283 0.293125
vt 0.590851 0.290783
vt 0.590262 0.287585
vt 0.590262 0.462415
vt 0.590851 0.459217
vt 0.591283 0.456875
vt 0.625000 0.286419
vt 0.625000 0.283996
vt 0.625000 0.280685
vt 0.625000 0.469315
vt 0.625000 0.466004
vt 0.625000 0.463581
vt 0.658717 0.293125
vt 0.659148 0.290783
vt 0.659738 0.287585
vt 0.659738 0.462415
vt 0.659149 0.459217
vt 0.658717 0.456875
vt 0.564919 0.435249
vt 0.547809 0.409683
vt 0.551637 0.410807
vt 0.566846 0.433490
vt 0.933154 0.433490
vt 0.948363 0.410807
vt 0.952191 0.409683
vt 0.935081 0.435249
vt 0.948363 0.339193
vt 0.933154 0.316510
vt 0.935081 0.314751
vt 0.952191 0.340317
vt 0.788268 0.375000
vt 0.795007 0.341140
vt 0.797810 0.340317
vt 0.790895 0.375000
vt 0.801637 0.339193
vt 0.794483 0.375000
vt 0.814919 0.314751
vt 0.816846 0.316510
vt 0.838844 0.301755
vt 0.840143 0.297868
vt 0.814919 0.888641
vt 0.840143 0.452132
vt 0.814919 0.435249
vt 0.816846 0.433490
vt 0.838844 0.448245
vt 0.875000 0.294529
vt 0.875000 0.290918
vt 0.841093 0.295023
vt 0.875000 0.288274
vt 0.875000 0.461726
vt 0.841093 0.454977
vt 0.875000 0.459082
vt 0.875000 0.455471
vt 0.908907 0.454977
vt 0.909857 0.452132
vt 0.911156 0.448245
vt 0.590143 0.452132
vt 0.588844 0.448245
vt 0.625000 0.461726
vt 0.591093 0.454977
vt 0.625000 0.459082
vt 0.625000 0.455471
vt 0.658907 0.454977
vt 0.659857 0.452132
vt 0.661156 0.448245
vt 0.683154 0.433490
vt 0.698363 0.410807
vt 0.702191 0.409683
vt 0.685081 0.435249
vt 0.538268 0.375000
vt 0.545007 0.341140
vt 0.547809 0.340317
vt 0.540895 0.375000
vt 0.551637 0.339193
vt 0.544483 0.375000
vt 0.705517 0.375000
vt 0.709105 0.375000
vt 0.711732 0.375000
vt 0.704993 0.408860
vt 0.698363 0.339193
vt 0.702191 0.340317
vt 0.704993 0.341140
vt 0.683154 0.316510
vt 0.685081 0.314751
vt 0.545007 0.408860
vt 0.564919 0.314751
vt 0.566846 0.316510
vt 0.955517 0.375000
vt 0.959105 0.375000
vt 0.961732 0.375000
vt 0.954993 0.408860
vt 0.954993 0.341140
vt 0.797810 0.409683
vt 0.801637 0.410807
vt 0.795007 0.408860
vt 0.911156 0.301755
vt 0.909857 0.297868
vt 0.908907 0.295023
vt 0.588844 0.301755
vt 0.590143 0.297868
vt 0.625000 0.294529
vt 0.625000 0.290918
vt 0.591093 0.295023
vt 0.625000 0.288274
vt 0.661156 0.301755
vt 0.659857 0.297868
vt 0.658907 0.295023
vt 0.625000 0.306771
vt 0.625000 0.304484
vt 0.625000 0.301359
vt 0.750000 0.306771
vt 0.750000 0.304484
vt 0.750000 0.301359
vt 0.875000 0.306771
vt 0.875000 0.304484
vt 0.875000 0.301359
vt 0.945516 0.375000
vt 0.948641 0.375000
vt 0.625000 0.313859
vt 0.625000 0.310734
vt 0.625000 0.308446
vt 0.750000 0.313859
vt 0.750000 0.310734
vt 0.750000 0.308446
vt 0.875000 0.313859
vt 0.875000 0.310734
vt 0.875000 0.308446
vt 0.936141 0.375000
vt 0.939266 0.375000
vt 0.941554 0.375000
vt 0.941556 0.313859
vt 0.708333 0.780212
vt 0.041667 0.780212
vt 0.500000 0.708333
vt 0.041667 0.500000
vt 0.250000 0.708333
vt 0.083333 0.780212
vt 0.666667 0.780212
vt 0.291667 0.500000
vt 0.333333 0.500000
vt 0.250000 0.583333
vt 0.250000 0.541667
vt 0.250000 0.666667
vt 0.416667 0.500000
vt 0.458333 0.500000
vt 0.500000 0.541667
vt 0.500000 0.583333
vt 0.500000 0.666667
vt 0.083333 0.500000
vt 0.166667 0.500000
vt 0.208333 0.500000
vt 0.958333 0.780212
vt 0.958333 0.500000
vt 0.750000 0.708333
vt 0.916667 0.780212
vt 0.666667 0.500000
vt 0.708333 0.500000
vt 0.750000 0.583333
vt 0.750000 0.541667
vt 0.750000 0.666667
vt 0.583333 0.500000
vt 0.541667 0.500000
vt 0.916667 0.500000
vt 0.833333 0.500000
vt 0.791667 0.500000
vt 0.291667 0.780212
vt 0.500000 0.291667
vt 0.250000 0.291667
vt 0.333333 0.780212
vt 0.250000 0.416667
vt 0.250000 0.458333
vt 0.250000 0.333333
vt 0.500000 0.416667
vt 0.500000 0.458333
vt 0.500000 0.333333
vt 0.750000 0.291667
vt 0.750000 0.416667
vt 0.750000 0.458333
vt 0.750000 0.333333
s 1
f 47/1/1 48/2/1 41/3/1 46/4/1
f 52/5/1 53/6/1 43/7/1 51/8/1
f 43/7/1 44/9/1 45/10/1 46/4/1
f 54/11/2 55/12/2 56/13/2 42/3/2
f 24/14/3 27/15/3 26/16/3 23/17/3
f 27/15/3 30/18/3 29/19/3 26/16/3
f 25/20/3 28/21/3 27/15/3 24/14/3
f 28/21/3 31/22/3 30/18/3 27/15/3
f 33/23/3 36/24/3 35/25/3 32/26/3
f 36/24/3 39/27/3 38/28/3 35/25/3
f 34/29/3 37/30/3 36/24/3 33/23/3
f 37/30/3 40/31/3 39/27/3 36/24/3
f 61/15/4 64/32/4 65/33/4 60/34/4
f 66/35/4 63/36/4 64/32/4 61/15/4
f 60/34/4 65/33/4 59/37/4 62/38/4
f 106/39/1 105/13/1 41/3/1 107/40/1
f 111/41/1 110/42/1 102/43/1 112/44/1
f 102/43/1 105/13/1 104/45/1 103/46/1
f 113/11/5 101/3/5 115/13/5 114/12/5
f 84/47/3 83/48/3 86/49/3 87/50/3
f 87/50/3 86/49/3 89/51/3 90/52/3
f 85/53/3 84/47/3 87/50/3 88/54/3
f 88/54/3 87/50/3 90/52/3 91/55/3
f 93/56/3 92/57/3 95/58/3 96/59/3
f 96/59/3 95/58/3 98/60/3 99/61/3
f 94/62/3 93/56/3 96/59/3 97/63/3
f 97/63/3 96/59/3 99/61/3 100/64/3
f 120/50/4 119/65/4 123/66/4 122/67/4
f 66/35/4 120/50/4 122/67/4 63/36/4
f 119/65/4 121/68/4 118/69/4 123/66/4
f 157/1/6 156/4/6 152/3/6 158/2/6
f 162/5/6 161/8/6 153/7/6 163/6/6
f 153/7/6 156/4/6 155/10/6 154/9/6
f 164/70/2 42/3/2 166/4/2 165/71/2
f 135/72/3 134/73/3 137/74/3 138/75/3
f 138/75/3 137/74/3 140/76/3 141/77/3
f 136/78/3 135/72/3 138/75/3 139/79/3
f 139/79/3 138/75/3 141/77/3 142/80/3
f 144/81/3 143/82/3 146/83/3 147/84/3
f 147/84/3 146/83/3 149/85/3 150/86/3
f 145/87/3 144/81/3 147/84/3 148/88/3
f 148/88/3 147/84/3 150/86/3 151/89/3
f 170/90/4 169/91/4 65/33/4 64/32/4
f 172/92/4 170/90/4 64/32/4 63/36/4
f 169/91/4 171/93/4 59/37/4 65/33/4
f 200/39/6 201/40/6 152/3/6 199/13/6
f 205/41/6 206/44/6 196/43/6 204/42/6
f 196/43/6 197/46/6 198/45/6 199/13/6
f 207/70/5 208/71/5 209/4/5 101/3/5
f 179/94/3 182/95/3 181/96/3 178/97/3
f 182/95/3 185/98/3 184/99/3 181/96/3
f 180/100/3 183/101/3 182/95/3 179/94/3
f 183/101/3 186/102/3 185/98/3 182/95/3
f 188/103/3 191/104/3 190/105/3 187/106/3
f 191/104/3 194/107/3 193/108/3 190/105/3
f 189/109/3 192/110/3 191/104/3 188/103/3
f 192/110/3 195/111/3 194/107/3 191/104/3
f 213/112/4 122/67/4 123/66/4 212/113/4
f 172/92/4 63/36/4 122/67/4 213/112/4
f 212/113/4 123/66/4 118/69/4 214/114/4
f 215/115/7 218/116/8 220/117/9 219/118/10
f 218/119/8 222/120/11 223/121/12 220/122/9
f 216/123/13 221/124/14 223/125/12 222/126/11
f 221/127/14 225/128/15 226/129/16 223/121/12
f 217/130/17 224/131/18 226/129/16 225/128/15
f 224/131/18 219/132/10 220/122/9 226/129/16
f 220/122/9 223/121/12 226/129/16
f 227/133/19 230/134/20 232/135/21 231/136/22
f 230/134/20 234/137/23 235/138/24 232/135/21
f 228/139/25 233/140/26 235/141/24 234/142/23
f 233/140/26 237/143/27 238/144/28 235/141/24
f 229/145/29 236/146/30 238/147/28 237/148/27
f 236/149/30 231/136/22 232/135/21 238/150/28
f 232/135/21 235/138/24 238/150/28
f 611/151/31 614/152/32 616/153/33 615/154/34
f 614/152/32 618/155/35 619/156/36 616/153/33
f 612/157/37 617/158/38 619/159/36 618/160/35
f 617/158/38 621/161/39 622/162/40 619/159/36
f 613/139/41 620/142/42 622/163/40 621/140/39
f 620/164/42 615/154/34 616/153/33 622/165/40
f 616/153/33 619/156/36 622/165/40
f 655/166/43 658/167/44 660/168/45 659/169/46
f 658/167/44 662/170/47 663/171/48 660/168/45
f 656/172/49 661/173/50 663/174/48 662/175/47
f 661/176/50 665/177/51 666/178/52 663/179/48
f 657/180/53 664/181/54 666/178/52 665/177/51
f 664/182/54 659/169/46 660/168/45 666/183/52
f 660/168/45 663/171/48 666/183/52
f 667/184/55 670/185/56 672/186/57 671/187/58
f 670/188/56 674/189/59 675/190/60 672/191/57
f 668/192/61 673/193/62 675/190/60 674/189/59
f 673/193/62 677/194/63 678/195/64 675/190/60
f 669/123/65 676/126/66 678/196/64 677/124/63
f 676/197/66 671/198/58 672/191/57 678/195/64
f 672/191/57 675/190/60 678/195/64
f 679/133/67 682/136/68 684/199/69 683/200/70
f 682/136/68 686/201/71 687/150/72 684/199/69
f 680/202/73 685/203/74 687/204/72 686/205/71
f 685/206/74 689/207/75 690/208/76 687/209/72
f 681/210/77 688/211/78 690/208/76 689/207/75
f 688/212/78 683/200/70 684/199/69 690/213/76
f 684/199/69 687/150/72 690/213/76
f 1051/151/79 1054/154/80 1056/153/81 1055/152/82
f 1054/154/80 1058/164/83 1059/165/84 1056/153/81
f 1052/210/85 1057/207/86 1059/208/84 1058/211/83
f 1057/214/86 1061/215/87 1062/216/88 1059/217/84
f 1053/218/89 1060/219/90 1062/216/88 1061/215/87
f 1060/155/90 1055/152/82 1056/153/81 1062/156/88
f 1056/153/81 1059/165/84 1062/156/88
f 1091/166/91 1094/169/92 1096/168/93 1095/167/94
f 1094/169/92 1098/182/95 1099/183/96 1096/168/93
f 1092/220/97 1097/221/98 1099/222/96 1098/223/95
f 1097/221/98 1101/224/99 1102/225/100 1099/222/96
f 1093/226/101 1100/227/102 1102/228/100 1101/229/99
f 1100/170/102 1095/167/94 1096/168/93 1102/171/100
f 1096/168/93 1099/183/96 1102/171/100
f 1103/115/103 1106/118/104 1108/230/105 1107/116/106
f 1106/231/104 1110/232/107 1111/233/108 1108/234/105
f 1104/235/109 1109/236/110 1111/233/108 1110/232/107
f 1109/236/110 1113/237/111 1114/238/112 1111/233/108
f 1105/239/113 1112/240/114 1114/241/112 1113/242/111
f 1112/243/114 1107/244/106 1108/234/105 1114/238/112
f 1108/234/105 1111/233/108 1114/238/112
f 1115/245/115 1118/246/116 1120/247/117 1119/248/118
f 1118/246/116 1122/249/119 1123/250/120 1120/247/117
f 1116/145/121 1121/251/122 1123/147/120 1122/146/119
f 1121/252/122 1125/253/123 1126/254/124 1123/255/120
f 1117/256/125 1124/257/126 1126/254/124 1125/253/123
f 1124/258/126 1119/248/118 1120/247/117 1126/259/124
f 1120/247/117 1123/250/120 1126/259/124
f 1491/260/127 1494/261/128 1496/262/129 1495/263/130
f 1494/261/128 1498/264/131 1499/265/132 1496/262/129
f 1492/256/133 1497/253/134 1499/254/132 1498/257/131
f 1497/161/134 1501/158/135 1502/159/100 1499/162/132
f 1493/157/136 1500/160/137 1502/159/100 1501/158/135
f 1500/266/137 1495/263/130 1496/262/129 1502/267/100
f 1496/262/129 1499/265/132 1502/267/100
f 1527/268/138 1530/269/139 1532/270/140 1531/271/141
f 1530/269/139 1534/272/142 1535/273/143 1532/270/140
f 1528/274/144 1533/275/145 1535/276/143 1534/277/142
f 1533/275/145 1537/278/146 1538/279/88 1535/276/143
f 1529/172/147 1536/175/148 1538/174/88 1537/173/146
f 1536/280/148 1531/271/141 1532/270/140 1538/281/88
f 1532/270/140 1535/273/143 1538/281/88
f 1539/184/149 1542/187/150 1544/282/151 1543/185/152
f 1542/283/150 1546/284/153 1547/285/154 1544/286/151
f 1540/239/155 1545/242/156 1547/287/154 1546/240/153
f 1545/288/156 1549/289/157 1550/290/158 1547/285/154
f 1541/291/159 1548/292/160 1550/290/158 1549/289/157
f 1548/292/160 1543/293/152 1544/286/151 1550/290/158
f 1544/286/151 1547/285/154 1550/290/158
f 1551/245/161 1554/294/162 1556/295/163 1555/296/164
f 1554/294/162 1558/297/165 1559/298/166 1556/295/163
f 1552/299/167 1557/300/168 1559/301/166 1558/302/165
f 1557/300/168 1561/303/169 1562/304/170 1559/301/166
f 1553/202/171 1560/205/172 1562/204/170 1561/305/169
f 1560/306/172 1555/296/164 1556/295/163 1562/250/170
f 1556/295/163 1559/298/166 1562/250/170
f 1915/260/173 1918/263/174 1920/262/175 1919/261/176
f 1918/263/174 1922/266/177 1923/267/48 1920/262/175
f 1916/218/178 1921/215/179 1923/216/48 1922/219/177
f 1921/215/179 1925/214/180 1926/217/52 1923/216/48
f 1917/299/181 1924/302/182 1926/307/52 1925/308/180
f 1924/264/182 1919/261/176 1920/262/175 1926/265/52
f 1920/262/175 1923/267/48 1926/265/52
f 1947/268/183 1950/271/184 1952/270/185 1951/269/186
f 1950/271/184 1954/280/187 1955/281/36 1952/270/185
f 1948/226/188 1953/229/189 1955/228/36 1954/227/187
f 1953/309/189 1957/310/190 1958/311/40 1955/312/36
f 1949/313/191 1956/314/192 1958/311/40 1957/310/190
f 1956/272/192 1951/269/186 1952/270/185 1958/273/40
f 1952/270/185 1955/281/36 1958/273/40
f 592/315/193 612/157/37 618/160/35 594/316/194
f 594/316/194 618/160/35 614/317/32 593/318/195
f 593/319/195 614/152/32 611/151/31 591/320/196
f 280/321/197 243/322/198 245/323/199 282/324/200
f 282/325/200 245/326/199 246/327/201 281/328/202
f 281/328/202 246/327/201 244/329/203 279/330/204
f 332/331/205 228/139/25 234/142/23 334/332/206
f 334/332/206 234/142/23 230/333/20 333/334/207
f 333/335/207 230/134/20 227/133/19 331/336/208
f 308/337/197 259/338/198 261/339/199 310/340/200
f 310/341/200 261/342/199 262/343/201 309/344/202
f 309/344/202 262/343/201 260/345/203 307/346/204
f 259/338/198 263/347/197 265/348/200 261/339/199
f 261/342/199 265/349/200 266/350/209 262/343/201
f 262/343/201 266/350/209 264/351/204 260/345/203
f 263/347/197 267/352/210 269/353/211 265/348/200
f 265/349/200 269/354/211 270/355/212 266/350/209
f 266/350/209 270/355/212 268/356/204 264/351/204
f 267/352/210 271/357/213 273/358/214 269/353/211
f 269/354/211 273/359/214 274/360/215 270/355/212
f 270/355/212 274/360/215 272/361/216 268/356/204
f 271/357/213 275/362/210 277/363/217 273/358/214
f 273/359/214 277/364/217 278/365/212 274/360/215
f 274/360/215 278/365/212 276/366/204 272/361/216
f 275/362/210 280/321/197 282/324/200 277/363/217
f 277/364/217 282/325/200 281/328/202 278/365/212
f 278/365/212 281/328/202 279/330/204 276/366/204
f 240/322/218 595/357/218 597/358/219 242/323/219
f 242/367/219 597/368/219 598/369/220 241/370/220
f 241/370/220 598/369/220 596/371/221 239/372/221
f 595/357/218 603/338/218 605/339/219 597/358/219
f 597/368/219 605/373/219 606/374/220 598/369/220
f 598/369/220 606/374/220 604/375/221 596/371/221
f 603/338/218 607/376/222 609/377/219 605/339/219
f 605/373/219 609/378/219 610/379/223 606/374/220
f 606/374/220 610/379/223 608/380/221 604/375/221
f 607/376/222 613/139/41 621/140/39 609/377/219
f 609/378/219 621/161/39 617/158/38 610/379/223
f 610/379/223 617/158/38 612/157/37 608/380/221
f 228/139/25 291/381/224 293/382/225 233/140/26
f 233/140/26 293/382/225 294/383/226 237/143/27
f 237/148/27 294/384/226 292/385/227 229/145/29
f 291/381/224 295/386/210 297/387/211 293/382/225
f 293/388/225 297/389/211 298/390/228 294/384/226
f 294/384/226 298/390/228 296/391/204 292/385/227
f 295/386/210 299/376/213 301/377/214 297/387/211
f 297/389/211 301/392/214 302/393/215 298/390/228
f 298/390/228 302/393/215 300/394/216 296/391/204
f 299/376/213 303/395/210 305/396/211 301/377/214
f 301/392/214 305/397/211 306/398/212 302/393/215
f 302/393/215 306/398/212 304/399/204 300/394/216
f 303/395/210 308/337/197 310/340/200 305/396/211
f 305/397/211 310/341/200 309/344/202 306/398/212
f 306/398/212 309/344/202 307/346/204 304/399/204
f 613/139/41 623/400/229 625/401/230 620/142/42
f 620/164/42 625/402/230 626/403/231 615/154/34
f 615/154/34 626/403/231 624/404/232 611/151/31
f 623/400/229 247/405/233 249/406/230 625/401/230
f 625/402/230 249/367/230 250/370/234 626/403/231
f 626/403/231 250/370/234 248/372/232 624/404/232
f 252/405/235 315/407/236 317/408/237 254/406/238
f 254/326/238 317/409/237 318/410/239 253/327/240
f 253/327/240 318/410/239 316/411/241 251/329/242
f 315/407/236 319/412/243 321/413/244 317/408/237
f 317/409/237 321/414/244 322/415/245 318/410/239
f 318/410/239 322/415/245 320/416/241 316/411/241
f 319/412/243 323/400/246 325/401/247 321/413/244
f 321/414/244 325/417/247 326/418/245 322/415/245
f 322/415/245 326/418/245 324/419/248 320/416/241
f 323/400/246 327/420/243 329/421/244 325/401/247
f 325/417/247 329/422/244 330/423/249 326/418/245
f 326/418/245 330/423/249 328/424/241 324/419/248
f 327/420/243 332/331/205 334/332/206 329/421/244
f 329/422/244 334/425/206 333/335/207 330/423/249
f 330/423/249 333/335/207 331/336/208 328/424/241
f 336/426/250 339/427/251 341/428/252 338/429/253
f 338/430/253 341/431/252 342/432/254 337/433/255
f 337/433/255 342/432/254 340/434/256 335/435/257
f 339/427/251 343/436/258 345/437/259 341/428/252
f 341/431/252 345/438/259 346/439/260 342/432/254
f 342/432/254 346/439/260 344/440/261 340/434/256
f 343/436/258 347/441/262 349/442/263 345/437/259
f 345/438/259 349/443/263 350/444/264 346/439/260
f 346/439/260 350/444/264 348/445/265 344/440/261
f 347/441/262 351/446/266 353/447/267 349/442/263
f 349/443/263 353/448/267 354/449/268 350/444/264
f 350/444/264 354/449/268 352/450/269 348/445/265
f 380/451/270 383/452/271 385/453/272 382/454/273
f 382/454/273 385/453/272 386/455/274 381/456/275
f 381/429/275 386/457/274 384/427/276 379/426/277
f 383/452/271 387/458/278 389/459/279 385/453/272
f 385/453/272 389/459/279 390/460/280 386/455/274
f 386/457/274 390/437/280 388/436/281 384/427/276
f 387/458/278 391/461/282 393/462/283 389/459/279
f 389/459/279 393/462/283 394/463/284 390/460/280
f 390/437/280 394/442/284 392/464/285 388/436/281
f 391/461/282 395/465/286 397/466/287 393/462/283
f 393/462/283 397/466/287 398/467/288 394/463/284
f 394/442/284 398/447/288 396/446/289 392/464/285
f 400/426/250 403/427/251 405/428/290 402/429/291
f 402/468/291 405/469/290 406/470/292 401/471/255
f 401/471/255 406/470/292 404/472/293 399/473/294
f 403/427/251 407/436/258 409/437/259 405/428/290
f 405/469/290 409/474/259 410/475/260 406/470/292
f 406/470/292 410/475/260 408/476/295 404/472/293
f 407/436/258 411/441/262 413/442/263 409/437/259
f 409/474/259 413/477/263 414/478/264 410/475/260
f 410/475/260 414/478/264 412/479/296 408/476/295
f 411/441/262 415/446/266 417/447/297 413/442/263
f 413/477/263 417/480/297 418/481/298 414/478/264
f 414/478/264 418/481/298 416/482/299 412/479/296
f 444/483/270 447/484/271 449/485/272 446/486/273
f 446/486/273 449/485/272 450/487/300 445/488/275
f 445/429/275 450/457/300 448/427/276 443/426/277
f 447/484/271 451/489/278 453/490/279 449/485/272
f 449/485/272 453/490/279 454/491/280 450/487/300
f 450/457/300 454/437/280 452/436/281 448/427/276
f 451/489/278 455/492/282 457/493/283 453/490/279
f 453/490/279 457/493/283 458/494/284 454/491/280
f 454/437/280 458/442/284 456/464/285 452/436/281
f 455/492/282 459/495/286 461/496/301 457/493/283
f 457/493/283 461/496/301 462/497/288 458/494/284
f 458/442/284 462/498/288 460/446/289 456/464/285
f 440/499/302 460/500/289 462/501/288 442/502/303
f 442/503/303 462/497/288 461/496/301 441/504/304
f 441/504/304 461/496/301 459/495/286 439/505/305
f 436/506/306 444/483/270 446/486/273 438/507/307
f 438/507/307 446/486/273 445/488/275 437/508/308
f 437/509/308 445/501/275 443/500/277 435/510/309
f 432/511/310 440/499/302 442/502/303 434/512/311
f 434/513/311 442/503/303 441/504/304 433/514/312
f 433/514/312 441/504/304 439/505/305 431/515/313
f 428/516/314 436/506/306 438/507/307 430/517/315
f 430/517/315 438/507/307 437/508/308 429/518/316
f 429/512/316 437/509/308 435/510/309 427/511/317
f 424/519/318 432/511/310 434/512/311 426/520/319
f 426/521/319 434/513/311 433/514/312 425/522/320
f 425/522/320 433/514/312 431/515/313 423/523/321
f 420/524/322 428/516/314 430/517/315 422/525/323
f 422/525/323 430/517/315 429/518/316 421/526/324
f 421/520/324 429/512/316 427/511/317 419/527/325
f 415/528/266 424/519/318 426/520/319 417/529/297
f 417/480/297 426/521/319 425/522/320 418/481/298
f 418/481/298 425/522/320 423/523/321 416/482/299
f 399/473/294 420/524/322 422/525/323 401/471/255
f 401/471/255 422/525/323 421/526/324 402/468/291
f 402/529/291 421/520/324 419/527/325 400/528/250
f 376/530/302 396/531/289 398/532/288 378/533/326
f 378/534/326 398/467/288 397/466/287 377/535/304
f 377/535/304 397/466/287 395/465/286 375/536/305
f 372/537/306 380/451/270 382/454/273 374/538/307
f 374/538/307 382/454/273 381/456/275 373/539/308
f 373/540/308 381/532/275 379/541/277 371/530/309
f 368/542/310 376/530/302 378/533/326 370/543/311
f 370/544/311 378/534/326 377/535/304 369/545/312
f 369/545/312 377/535/304 375/536/305 367/546/313
f 364/547/314 372/537/306 374/538/307 366/548/315
f 366/548/315 374/538/307 373/539/308 365/549/316
f 365/543/316 373/540/308 371/530/309 363/542/317
f 360/550/318 368/542/310 370/543/311 362/551/327
f 362/552/327 370/544/311 369/545/312 361/553/320
f 361/553/320 369/545/312 367/546/313 359/554/321
f 356/555/322 364/547/314 366/548/315 358/556/323
f 358/556/323 366/548/315 365/549/316 357/557/324
f 357/558/324 365/543/316 363/542/317 355/550/325
f 351/559/266 360/550/318 362/551/327 353/560/267
f 353/448/267 362/552/327 361/553/320 354/449/268
f 354/449/268 361/553/320 359/554/321 352/450/269
f 335/435/257 356/555/322 358/556/323 337/433/255
f 337/433/255 358/556/323 357/557/324 338/430/253
f 338/561/253 357/558/324 355/550/325 336/559/250
f 488/562/328 491/563/329 493/564/330 490/565/331
f 490/565/331 493/564/330 494/566/332 489/567/333
f 489/568/333 494/569/332 492/570/334 487/571/335
f 500/572/336 503/573/337 505/574/338 502/575/339
f 502/567/339 505/566/338 506/564/340 501/565/341
f 501/565/341 506/564/340 504/563/342 499/562/343
f 508/576/344 511/577/345 513/578/346 510/579/347
f 510/580/347 513/581/346 514/582/348 509/583/349
f 509/583/349 514/582/348 512/584/350 507/585/351
f 540/586/352 543/587/353 545/583/354 542/588/355
f 542/589/355 545/590/354 546/591/356 541/592/357
f 541/592/357 546/591/356 544/593/358 539/594/359
f 543/587/353 547/584/360 549/595/361 545/583/354
f 545/583/354 549/595/361 550/581/362 546/596/356
f 546/591/356 550/597/362 548/598/363 544/593/358
f 532/599/364 548/598/363 550/597/362 534/600/365
f 534/601/365 550/602/362 549/603/361 533/604/366
f 533/604/366 549/603/361 547/605/360 531/606/367
f 528/607/368 536/608/369 538/609/331 530/604/370
f 530/604/370 538/609/331 537/610/333 529/601/371
f 529/611/371 537/612/333 535/613/335 527/614/372
f 524/615/373 532/599/364 534/600/365 526/616/374
f 526/616/374 534/600/365 533/617/366 525/618/375
f 525/619/375 533/604/366 531/606/367 523/620/376
f 520/620/377 528/607/368 530/604/370 522/619/378
f 522/621/378 530/622/370 529/611/371 521/623/379
f 521/623/379 529/611/371 527/614/372 519/624/380
f 516/625/381 520/620/377 522/619/378 518/626/382
f 518/627/382 522/621/378 521/623/379 517/628/383
f 517/628/383 521/623/379 519/624/380 515/629/384
f 499/630/343 516/625/381 518/626/382 501/631/341
f 501/631/341 518/626/382 517/632/383 502/633/339
f 502/575/339 517/628/383 515/629/384 500/572/336
f 484/634/368 488/635/328 490/636/331 486/637/370
f 486/637/370 490/636/331 489/638/333 485/639/371
f 485/640/371 489/568/333 487/571/335 483/641/372
f 476/642/377 484/634/368 486/637/370 478/643/378
f 478/644/378 486/645/370 485/640/371 477/646/379
f 477/646/379 485/640/371 483/641/372 475/647/380
f 472/648/381 476/642/377 478/643/378 474/649/382
f 474/650/382 478/644/378 477/646/379 473/651/383
f 473/651/383 477/646/379 475/647/380 471/652/384
f 552/653/336 555/654/337 557/655/338 554/656/339
f 554/567/339 557/566/338 558/564/340 553/565/341
f 553/565/341 558/564/340 556/563/342 551/562/343
f 568/586/352 571/587/353 573/583/354 570/588/355
f 570/657/355 573/658/354 574/659/356 569/660/357
f 569/660/357 574/659/356 572/661/358 567/662/385
f 555/654/337 463/663/386 465/664/387 557/655/338
f 557/655/338 465/664/387 466/665/388 558/666/340
f 558/564/340 466/588/388 464/586/389 556/563/342
f 463/663/386 559/667/344 561/668/347 465/664/387
f 465/664/387 561/668/347 562/669/349 466/665/388
f 466/588/388 562/583/349 560/587/351 464/586/389
f 559/667/344 467/670/345 469/671/346 561/668/347
f 561/596/347 469/581/346 470/595/348 562/583/349
f 562/583/349 470/595/348 468/584/350 560/587/351
f 491/563/329 568/586/352 570/588/355 493/564/330
f 493/672/330 570/657/355 569/660/357 494/569/332
f 494/569/332 569/660/357 567/662/385 492/570/334
f 571/587/353 496/584/360 498/595/361 573/583/354
f 573/583/354 498/595/361 497/581/362 574/596/356
f 574/659/356 497/673/362 495/674/363 572/661/358
f 503/573/337 579/675/390 581/676/387 505/574/338
f 505/574/338 581/676/387 582/677/388 506/678/340
f 506/564/340 582/588/388 580/586/389 504/563/342
f 579/675/390 508/576/344 510/579/347 581/676/387
f 581/676/387 510/579/347 509/679/349 582/677/388
f 582/588/388 509/583/349 507/585/351 580/586/389
f 536/562/369 587/563/329 589/564/330 538/565/331
f 538/565/331 589/564/330 590/566/332 537/680/333
f 537/612/333 590/681/332 588/682/334 535/613/335
f 587/563/329 540/586/352 542/588/355 589/564/330
f 589/683/330 542/589/355 541/592/357 590/681/332
f 590/681/332 541/592/357 539/594/359 588/682/334
f 584/684/391 524/615/373 526/616/374 586/685/392
f 586/685/392 526/616/374 525/618/375 585/686/393
f 585/687/393 525/619/375 523/620/376 583/688/394
f 511/577/345 584/684/391 586/685/392 513/578/346
f 513/689/346 586/690/392 585/687/393 514/691/348
f 514/691/348 585/687/393 583/688/394 512/630/350
f 576/692/364 495/674/363 497/673/362 578/693/365
f 578/639/365 497/638/362 498/636/361 577/637/366
f 577/637/366 498/636/361 496/635/360 575/634/367
f 480/694/373 576/692/364 578/693/365 482/695/395
f 482/695/395 578/693/365 577/696/366 481/697/375
f 481/698/375 577/637/366 575/634/367 479/699/376
f 564/700/391 480/694/373 482/695/395 566/701/392
f 566/701/392 482/695/395 481/697/375 565/702/393
f 565/703/393 481/698/375 479/699/376 563/648/394
f 467/670/345 564/700/391 566/701/392 469/671/346
f 469/704/346 566/705/392 565/703/393 470/706/348
f 470/706/348 565/703/393 563/648/394 468/707/350
f 551/708/343 472/648/381 474/649/382 553/709/341
f 553/709/341 474/649/382 473/710/383 554/711/339
f 554/656/339 473/651/383 471/652/384 552/653/336
f 229/145/29 592/315/193 594/316/194 236/146/30
f 236/146/30 594/316/194 593/318/195 231/712/22
f 231/136/22 593/319/195 591/320/196 227/133/19
f 600/372/396 283/371/396 285/369/397 602/370/397
f 602/713/397 285/714/397 286/715/398 601/716/398
f 601/716/398 286/715/398 284/717/399 599/718/399
f 283/371/396 255/375/396 257/374/397 285/369/397
f 285/714/397 257/719/397 258/720/398 286/715/398
f 286/715/398 258/720/398 256/721/399 284/717/399
f 255/375/396 287/380/400 289/379/401 257/374/397
f 257/719/397 289/722/401 290/723/402 258/720/398
f 258/720/398 290/723/402 288/724/403 256/721/399
f 287/380/400 215/115/7 219/118/10 289/379/401
f 289/379/401 219/118/10 224/725/18 290/378/402
f 290/723/402 224/131/18 217/130/17 288/724/403
f 216/123/13 311/404/404 313/403/405 221/124/14
f 221/124/14 313/403/405 314/402/406 225/726/15
f 225/128/15 314/727/406 312/728/407 217/130/17
f 311/404/404 627/372/408 629/370/409 313/403/405
f 313/403/405 629/370/409 630/367/410 314/402/406
f 314/727/406 630/729/410 628/730/411 312/728/407
f 215/115/7 656/172/49 662/175/47 218/116/8
f 218/116/8 662/175/47 658/731/44 222/732/11
f 222/126/11 658/167/44 655/166/43 216/123/13
f 652/733/412 639/734/412 641/735/398 654/736/398
f 654/736/398 641/735/398 642/737/397 653/738/397
f 653/739/397 642/740/397 640/741/396 651/742/396
f 639/734/412 635/743/412 637/744/398 641/735/398
f 641/735/398 637/744/398 638/745/397 642/737/397
f 642/740/397 638/746/397 636/747/396 640/741/396
f 635/743/412 643/748/412 645/749/398 637/744/398
f 637/744/398 645/749/398 646/750/397 638/745/397
f 638/746/397 646/751/397 644/752/396 636/747/396
f 643/748/412 657/180/53 665/177/51 645/749/398
f 645/749/398 665/177/51 661/176/50 646/750/397
f 646/751/397 661/173/50 656/172/49 644/752/396
f 657/180/53 647/753/413 649/754/410 664/181/54
f 664/181/54 649/754/410 650/755/409 659/756/46
f 659/169/46 650/757/409 648/758/408 655/166/43
f 647/753/413 631/759/413 633/760/410 649/754/410
f 649/754/410 633/760/410 634/761/409 650/755/409
f 650/757/409 634/739/409 632/742/408 648/758/408
f 1036/320/414 1051/151/79 1055/152/82 1038/319/415
f 1038/762/415 1055/763/82 1060/219/90 1037/764/416
f 1037/764/416 1060/219/90 1053/218/89 1035/765/417
f 724/411/204 244/329/203 246/327/201 726/766/209
f 726/766/209 246/327/201 245/326/199 725/767/200
f 725/768/200 245/323/199 243/322/198 723/769/197
f 776/336/418 679/133/67 683/200/70 778/335/419
f 778/770/419 683/771/70 688/211/78 777/772/420
f 777/772/420 688/211/78 681/210/77 775/773/421
f 752/774/204 703/775/203 705/776/201 754/777/202
f 754/777/202 705/776/201 706/778/199 753/779/200
f 753/780/200 706/781/199 704/782/198 751/783/197
f 703/775/203 707/784/204 709/785/202 705/776/201
f 705/776/201 709/785/202 710/786/200 706/778/199
f 706/781/199 710/787/200 708/788/197 704/782/198
f 707/784/204 711/424/204 713/789/212 709/785/202
f 709/785/202 713/789/212 714/422/211 710/786/200
f 710/787/200 714/790/211 712/791/210 708/788/197
f 711/424/204 715/419/216 717/418/215 713/789/212
f 713/789/212 717/418/215 718/417/214 714/422/211
f 714/790/211 718/792/214 716/793/213 712/791/210
f 715/419/216 719/794/204 721/415/212 717/418/215
f 717/418/215 721/415/212 722/414/211 718/417/214
f 718/792/214 722/795/211 720/796/210 716/793/213
f 719/794/204 724/411/204 726/766/209 721/415/212
f 721/415/212 726/766/209 725/767/200 722/414/211
f 722/795/211 725/768/200 723/769/197 720/796/210
f 239/372/221 1039/404/221 1041/403/220 241/370/220
f 241/370/220 1041/403/220 1042/402/219 242/367/219
f 242/323/219 1042/792/219 1040/793/218 240/322/218
f 1039/404/221 1043/797/221 1045/798/220 1041/403/220
f 1041/403/220 1045/798/220 1046/799/219 1042/402/219
f 1042/792/219 1046/781/219 1044/782/218 1040/793/218
f 1043/797/221 1047/800/221 1049/801/422 1045/798/220
f 1045/798/220 1049/801/422 1050/802/219 1046/799/219
f 1046/781/219 1050/803/219 1048/804/222 1044/782/218
f 1047/800/221 1053/218/89 1061/215/87 1049/801/422
f 1049/801/422 1061/215/87 1057/214/86 1050/802/219
f 1050/803/219 1057/207/86 1052/210/85 1048/804/222
f 680/202/73 735/805/227 737/806/423 685/203/74
f 685/206/74 737/807/423 738/808/424 689/207/75
f 689/207/75 738/808/424 736/809/224 681/210/77
f 735/805/227 739/810/204 741/811/212 737/806/423
f 737/806/423 741/811/212 742/812/211 738/813/424
f 738/808/424 742/814/211 740/815/210 736/809/224
f 739/810/204 743/816/216 745/817/228 741/811/212
f 741/811/212 745/817/228 746/818/214 742/812/211
f 742/814/211 746/803/214 744/804/213 740/815/210
f 743/816/216 747/819/204 749/820/212 745/817/228
f 745/817/228 749/820/212 750/821/211 746/818/214
f 746/803/214 750/822/211 748/823/210 744/804/213
f 747/819/204 752/774/204 754/777/202 749/820/212
f 749/820/212 754/777/202 753/779/200 750/821/211
f 750/822/211 753/780/200 751/783/197 748/823/210
f 1051/151/79 1063/404/404 1065/403/409 1054/154/80
f 1054/154/80 1065/403/409 1066/402/410 1058/164/83
f 1058/211/83 1066/824/410 1064/825/425 1052/210/85
f 1063/404/404 691/372/404 693/370/409 1065/403/409
f 1065/403/409 693/370/409 694/367/410 1066/402/410
f 1066/824/410 694/826/410 692/827/411 1064/825/425
f 696/329/426 759/411/427 761/410/428 698/327/429
f 698/327/429 761/410/428 762/409/430 697/326/431
f 697/826/431 762/828/430 760/829/432 695/827/433
f 759/411/427 763/416/427 765/415/434 761/410/428
f 761/410/428 765/415/434 766/414/435 762/409/430
f 762/828/430 766/830/435 764/831/436 760/829/432
f 763/416/427 767/419/437 769/418/434 765/415/434
f 765/415/434 769/418/434 770/417/438 766/414/435
f 766/830/435 770/824/438 768/825/439 764/831/436
f 767/419/437 771/424/427 773/423/440 769/418/434
f 769/418/434 773/423/440 774/422/435 770/417/438
f 770/824/438 774/832/435 772/833/436 768/825/439
f 771/424/427 776/336/418 778/335/419 773/423/440
f 773/423/440 778/335/419 777/425/420 774/422/435
f 774/832/435 777/772/420 775/773/421 772/833/436
f 780/834/270 783/835/271 785/836/441 782/837/273
f 782/837/273 785/836/441 786/838/300 781/839/442
f 781/429/442 786/428/300 784/427/276 779/426/277
f 783/835/271 787/840/278 789/841/279 785/836/441
f 785/836/441 789/841/279 790/842/280 786/838/300
f 786/428/300 790/437/280 788/436/281 784/427/276
f 787/840/278 791/843/282 793/844/283 789/841/279
f 789/841/279 793/844/283 794/845/284 790/842/280
f 790/437/280 794/442/284 792/441/285 788/436/281
f 791/843/282 795/846/286 797/847/287 793/844/283
f 793/844/283 797/847/287 798/848/288 794/845/284
f 794/442/284 798/447/288 796/446/289 792/441/285
f 824/426/250 827/427/251 829/457/290 826/429/443
f 826/849/443 829/850/290 830/851/292 825/852/255
f 825/852/255 830/851/292 828/853/256 823/854/257
f 827/427/251 831/436/258 833/437/259 829/457/290
f 829/850/290 833/855/259 834/856/260 830/851/292
f 830/851/292 834/856/260 832/857/261 828/853/256
f 831/436/258 835/464/262 837/442/444 833/437/259
f 833/855/259 837/858/444 838/859/264 834/856/260
f 834/856/260 838/859/264 836/860/265 832/857/261
f 835/464/262 839/446/266 841/447/297 837/442/444
f 837/858/444 841/861/297 842/862/268 838/859/264
f 838/859/264 842/862/268 840/863/269 836/860/265
f 844/864/445 847/865/446 849/866/272 846/867/273
f 846/867/273 849/866/272 850/868/274 845/869/275
f 845/429/275 850/428/274 848/427/276 843/426/277
f 847/865/446 851/870/447 853/871/279 849/866/272
f 849/866/272 853/871/279 854/872/448 850/868/274
f 850/428/274 854/437/448 852/436/281 848/427/276
f 851/870/447 855/873/449 857/874/283 853/871/279
f 853/871/279 857/874/283 858/875/450 854/872/448
f 854/437/448 858/442/450 856/441/285 852/436/281
f 855/873/449 859/876/451 861/877/301 857/874/283
f 857/874/283 861/877/301 862/878/288 858/875/450
f 858/442/450 862/447/288 860/446/289 856/441/285
f 888/426/250 891/427/251 893/457/290 890/429/443
f 890/879/443 893/880/290 894/881/292 889/882/255
f 889/882/255 894/881/292 892/883/256 887/884/257
f 891/427/251 895/436/258 897/437/259 893/457/290
f 893/880/290 897/885/259 898/886/260 894/881/292
f 894/881/292 898/886/260 896/887/261 892/883/256
f 895/436/258 899/464/262 901/442/444 897/437/259
f 897/885/259 901/888/444 902/889/264 898/886/260
f 898/886/260 902/889/264 900/890/265 896/887/261
f 899/464/262 903/446/266 905/498/297 901/442/444
f 901/888/444 905/891/297 906/892/268 902/889/264
f 902/889/264 906/892/268 904/893/269 900/890/265
f 884/894/321 904/893/269 906/892/268 886/895/320
f 886/895/320 906/892/268 905/891/297 885/896/319
f 885/897/319 905/898/297 903/899/266 883/900/318
f 880/900/325 888/899/250 890/898/443 882/897/324
f 882/901/324 890/879/443 889/882/255 881/902/323
f 881/902/323 889/882/255 887/884/257 879/903/322
f 876/904/313 884/894/321 886/895/320 878/905/312
f 878/905/312 886/895/320 885/896/319 877/906/311
f 877/907/311 885/897/319 883/900/318 875/908/310
f 872/908/317 880/900/325 882/897/324 874/907/316
f 874/909/316 882/901/324 881/902/323 873/910/315
f 873/910/315 881/902/323 879/903/322 871/911/314
f 868/912/305 876/904/313 878/905/312 870/913/304
f 870/913/304 878/905/312 877/906/311 869/914/303
f 869/915/303 877/907/311 875/908/310 867/916/302
f 864/917/309 872/908/317 874/907/316 866/915/308
f 866/918/308 874/909/316 873/910/315 865/919/307
f 865/919/307 873/910/315 871/911/314 863/920/306
f 859/876/451 868/912/305 870/913/304 861/877/301
f 861/877/301 870/913/304 869/914/303 862/878/288
f 862/921/288 869/915/303 867/916/302 860/922/289
f 843/922/277 864/917/309 866/915/308 845/921/275
f 845/869/275 866/918/308 865/919/307 846/867/273
f 846/867/273 865/919/307 863/920/306 844/864/445
f 820/923/321 840/863/269 842/862/268 822/924/320
f 822/924/320 842/862/268 841/861/297 821/925/327
f 821/457/327 841/429/297 839/926/266 819/427/318
f 816/427/325 824/926/250 826/429/443 818/457/324
f 818/927/324 826/849/443 825/852/255 817/928/323
f 817/928/323 825/852/255 823/854/257 815/929/322
f 812/930/313 820/923/321 822/924/320 814/931/312
f 814/931/312 822/924/320 821/925/327 813/932/311
f 813/437/311 821/457/327 819/427/318 811/436/310
f 808/436/317 816/427/325 818/457/324 810/437/316
f 810/933/316 818/927/324 817/928/323 809/934/315
f 809/934/315 817/928/323 815/929/322 807/935/314
f 804/936/305 812/930/313 814/931/312 806/937/304
f 806/937/304 814/931/312 813/932/311 805/938/326
f 805/939/326 813/437/311 811/436/310 803/464/302
f 800/464/309 808/436/317 810/437/316 802/442/308
f 802/940/308 810/933/316 809/934/315 801/941/307
f 801/941/307 809/934/315 807/935/314 799/942/306
f 795/846/286 804/936/305 806/937/304 797/847/287
f 797/847/287 806/937/304 805/938/326 798/848/288
f 798/498/288 805/939/326 803/464/302 796/446/289
f 779/446/277 800/464/309 802/442/308 781/447/442
f 781/839/442 802/940/308 801/941/307 782/837/273
f 782/837/273 801/941/307 799/942/306 780/834/270
f 932/943/336 935/944/337 937/945/338 934/946/339
f 934/567/339 937/566/338 938/564/340 933/565/341
f 933/565/341 938/564/340 936/563/342 931/562/343
f 944/562/369 947/563/329 949/564/330 946/565/331
f 946/565/331 949/564/330 950/566/332 945/567/333
f 945/947/333 950/948/332 948/949/334 943/950/335
f 952/585/353 956/584/360 958/582/361 954/583/354
f 954/583/354 958/582/361 957/581/362 953/580/356
f 953/951/356 957/952/362 955/953/363 951/954/358
f 984/955/386 987/956/344 989/957/347 986/958/387
f 986/958/387 989/957/347 990/959/349 985/960/388
f 985/588/388 990/583/349 988/587/351 983/586/389
f 987/956/344 991/961/345 993/962/346 989/957/347
f 989/596/347 993/581/346 994/595/348 990/583/349
f 990/583/349 994/595/348 992/584/350 988/587/351
f 976/963/394 992/964/350 994/965/348 978/966/393
f 978/966/393 994/965/348 993/967/346 977/968/392
f 977/969/392 993/962/346 991/961/345 975/970/391
f 972/971/384 979/972/336 981/973/339 974/974/383
f 974/968/383 981/967/339 982/975/341 973/966/382
f 973/966/382 982/975/341 980/964/452 971/963/381
f 968/976/376 976/963/394 978/966/393 970/977/375
f 970/978/375 978/979/393 977/969/392 969/980/374
f 969/980/374 977/969/392 975/970/391 967/981/373
f 964/982/380 972/971/384 974/974/383 966/983/379
f 966/983/379 974/974/383 973/984/382 965/985/378
f 965/977/378 973/966/382 971/963/381 963/976/377
f 960/986/372 964/982/380 966/983/379 962/987/371
f 962/987/371 966/983/379 965/985/378 961/988/370
f 961/989/370 965/977/378 963/976/377 959/990/368
f 943/950/335 960/986/372 962/987/371 945/947/333
f 945/991/333 962/992/371 961/989/370 946/993/331
f 946/993/331 961/989/370 959/990/368 944/994/369
f 928/995/384 932/943/336 934/946/339 930/996/383
f 930/997/383 934/998/339 933/999/341 929/1000/382
f 929/1000/382 933/999/341 931/1001/343 927/563/381
f 920/1002/380 928/995/384 930/996/383 922/1003/379
f 922/1003/379 930/996/383 929/1004/382 921/1005/378
f 921/588/378 929/1000/382 927/563/381 919/586/377
f 916/1006/372 920/1002/380 922/1003/379 918/1007/371
f 918/1007/371 922/1003/379 921/1005/378 917/1008/370
f 917/1009/370 921/588/378 919/586/377 915/587/368
f 996/562/328 999/563/329 1001/564/330 998/565/331
f 998/565/331 1001/564/330 1002/566/332 997/567/333
f 997/1010/333 1002/1011/332 1000/1012/334 995/1013/335
f 1012/1014/390 1015/1015/344 1017/1016/347 1014/1017/387
f 1014/1017/387 1017/1016/347 1018/1018/349 1013/1019/388
f 1013/588/388 1018/583/349 1016/587/351 1011/586/389
f 999/563/329 907/586/352 909/588/355 1001/564/330
f 1001/1020/330 909/1021/355 910/1022/357 1002/1011/332
f 1002/1011/332 910/1022/357 908/1023/359 1000/1012/334
f 907/586/352 1003/587/353 1005/583/354 909/588/355
f 909/1021/355 1005/1024/354 1006/1025/356 910/1022/357
f 910/1022/357 1006/1025/356 1004/1026/358 908/1023/359
f 1003/587/353 912/584/360 914/595/361 1005/583/354
f 1005/583/354 914/595/361 913/581/362 1006/596/356
f 1006/1025/356 913/1027/362 911/1028/363 1004/1026/358
f 935/944/337 1012/1014/390 1014/1017/387 937/945/338
f 937/945/338 1014/1017/387 1013/1019/388 938/1029/340
f 938/564/340 1013/588/388 1011/586/389 936/563/342
f 1015/1015/344 939/1030/345 941/1031/346 1017/1016/347
f 1017/596/347 941/581/346 942/595/348 1018/583/349
f 1018/583/349 942/595/348 940/584/350 1016/587/351
f 947/563/329 1023/586/352 1025/588/453 949/564/330
f 949/1032/330 1025/1033/453 1026/1034/357 950/948/332
f 950/948/332 1026/1034/357 1024/1035/385 948/949/334
f 1023/586/352 952/585/353 954/583/354 1025/588/453
f 1025/1033/453 954/1036/354 953/951/356 1026/1034/357
f 1026/1034/357 953/951/356 951/954/358 1024/1035/385
f 979/972/336 1031/1037/337 1033/1038/338 981/973/339
f 981/680/339 1033/566/338 1034/564/340 982/565/341
f 982/565/341 1034/564/340 1032/563/342 980/562/452
f 1031/1037/337 984/955/386 986/958/387 1033/1038/338
f 1033/1038/338 986/958/387 985/960/388 1034/1039/340
f 1034/564/340 985/588/388 983/586/389 1032/563/342
f 1028/990/367 968/976/376 970/977/375 1030/1040/366
f 1030/1041/366 970/978/375 969/980/374 1029/1042/365
f 1029/1042/365 969/980/374 967/981/373 1027/1043/364
f 956/994/360 1028/990/367 1030/1040/366 958/1044/361
f 958/1044/361 1030/1040/366 1029/1045/365 957/1046/362
f 957/952/362 1029/1042/365 1027/1043/364 955/953/363
f 1020/563/394 940/1001/350 942/999/348 1022/1000/393
f 1022/1000/393 942/999/348 941/998/346 1021/997/392
f 1021/1047/392 941/1031/346 939/1030/345 1019/1048/391
f 924/586/376 1020/563/394 1022/1000/393 926/588/375
f 926/1049/375 1022/1050/393 1021/1047/392 925/1051/395
f 925/1051/395 1021/1047/392 1019/1048/391 923/1052/373
f 1008/587/367 924/586/376 926/588/375 1010/1009/366
f 1010/1053/366 926/1049/375 925/1051/395 1009/1054/365
f 1009/1054/365 925/1051/395 923/1052/373 1007/1055/364
f 912/1056/360 1008/587/367 1010/1009/366 914/1057/361
f 914/1057/361 1010/1009/366 1009/1058/365 913/1059/362
f 913/1027/362 1009/1054/365 1007/1055/364 911/1028/363
f 995/1013/335 916/1006/372 918/1007/371 997/1010/333
f 997/1059/333 918/1058/371 917/1009/370 998/1057/331
f 998/1057/331 917/1009/370 915/587/368 996/584/328
f 679/133/67 1036/320/414 1038/319/415 682/136/68
f 682/1060/68 1038/762/415 1037/764/416 686/205/71
f 686/205/71 1037/764/416 1035/765/417 680/202/73
f 599/718/399 727/1061/399 729/1062/398 601/716/398
f 601/716/398 729/1062/398 730/1063/397 602/713/397
f 602/370/397 730/403/397 728/404/396 600/372/396
f 727/1061/399 699/1064/399 701/1065/398 729/1062/398
f 729/1062/398 701/1065/398 702/1066/397 730/1063/397
f 730/403/397 702/798/397 700/797/396 728/404/396
f 699/1064/399 731/1067/403 733/1068/454 701/1065/398
f 701/1065/398 733/1068/454 734/1069/455 702/1066/397
f 702/798/397 734/801/455 732/800/400 700/797/396
f 731/1067/403 668/192/61 674/189/59 733/1068/454
f 733/802/454 674/1070/59 670/185/56 734/801/455
f 734/801/455 670/185/56 667/184/55 732/800/400
f 668/192/61 755/1071/456 757/1072/457 673/193/62
f 673/726/62 757/402/457 758/403/458 677/124/63
f 677/124/63 758/403/458 756/404/232 669/123/65
f 755/1071/456 1067/1073/233 1069/1074/230 757/1072/457
f 757/402/457 1069/367/230 1070/370/234 758/403/458
f 758/403/458 1070/370/234 1068/372/459 756/404/232
f 669/123/65 1091/166/91 1095/167/94 676/126/66
f 676/1075/66 1095/1076/94 1100/227/102 671/187/58
f 671/187/58 1100/227/102 1093/226/101 667/184/55
f 651/742/396 1079/758/396 1081/757/397 653/739/397
f 653/738/397 1081/1077/397 1082/1078/398 654/736/398
f 654/736/398 1082/1078/398 1080/1079/412 652/733/412
f 1079/758/396 1075/1080/396 1077/1081/397 1081/757/397
f 1081/1077/397 1077/1082/397 1078/1083/398 1082/1078/398
f 1082/1078/398 1078/1083/398 1076/1084/412 1080/1079/412
f 1075/1080/396 1083/1085/396 1085/1086/397 1077/1081/397
f 1077/1082/397 1085/1087/397 1086/1088/398 1078/1083/398
f 1078/1083/398 1086/1088/398 1084/1089/412 1076/1084/412
f 1083/1085/396 1093/226/101 1101/229/99 1085/1086/397
f 1085/1087/397 1101/224/99 1097/221/98 1086/1088/398
f 1086/1088/398 1097/221/98 1092/220/97 1084/1089/412
f 1091/166/91 1087/758/459 1089/757/234 1094/169/92
f 1094/1090/92 1089/1091/234 1090/1092/230 1098/223/95
f 1098/223/95 1090/1092/230 1088/1093/460 1092/220/97
f 1087/758/459 1071/742/459 1073/739/234 1089/757/234
f 1089/1091/234 1073/1094/234 1074/1095/230 1090/1092/230
f 1090/1092/230 1074/1095/230 1072/1096/460 1088/1093/460
f 1472/1097/461 1491/260/127 1495/263/130 1474/1098/462
f 1474/318/462 1495/317/130 1500/160/137 1473/316/463
f 1473/316/463 1500/160/137 1493/157/136 1471/315/464
f 1160/330/465 1131/329/466 1133/327/467 1162/328/468
f 1162/328/468 1133/327/467 1134/326/469 1161/325/470
f 1161/1099/470 1134/1100/469 1132/1101/471 1159/1102/472
f 1212/1103/208 1115/245/115 1119/248/118 1214/1104/207
f 1214/1105/207 1119/1106/118 1124/257/126 1213/1107/473
f 1213/1107/473 1124/257/126 1117/256/125 1211/1108/205
f 1188/346/465 1139/345/466 1141/343/467 1190/344/474
f 1190/344/474 1141/343/467 1142/342/469 1189/341/470
f 1189/1109/470 1142/1110/469 1140/1111/471 1187/1112/472
f 1139/345/466 1143/351/465 1145/350/474 1141/343/467
f 1141/343/467 1145/350/474 1146/349/470 1142/342/469
f 1142/1110/469 1146/1113/470 1144/1114/472 1140/1111/471
f 1143/351/465 1147/356/465 1149/355/475 1145/350/474
f 1145/350/474 1149/355/475 1150/354/476 1146/349/470
f 1146/1113/470 1150/1115/476 1148/1116/477 1144/1114/472
f 1147/356/465 1151/361/478 1153/360/479 1149/355/475
f 1149/355/475 1153/360/479 1154/359/480 1150/354/476
f 1150/1115/476 1154/1117/480 1152/1118/481 1148/1116/477
f 1151/361/478 1155/366/465 1157/365/475 1153/360/479
f 1153/360/479 1157/365/475 1158/364/476 1154/359/480
f 1154/1117/480 1158/1119/476 1156/1120/477 1152/1118/481
f 1155/366/465 1160/330/465 1162/328/468 1157/365/475
f 1157/365/475 1162/328/468 1161/325/470 1158/364/476
f 1158/1119/476 1161/1099/470 1159/1102/472 1156/1120/477
f 1128/372/400 1475/371/400 1477/369/397 1130/370/397
f 1130/370/397 1477/369/397 1478/368/398 1129/367/398
f 1129/1100/398 1478/1117/398 1476/1118/399 1127/1101/399
f 1475/371/400 1483/375/400 1485/374/397 1477/369/397
f 1477/369/397 1485/374/397 1486/373/398 1478/368/398
f 1478/1117/398 1486/1110/398 1484/1111/399 1476/1118/399
f 1483/375/400 1487/380/400 1489/379/482 1485/374/397
f 1485/374/397 1489/379/482 1490/378/398 1486/373/398
f 1486/1110/398 1490/1121/398 1488/1122/483 1484/1111/399
f 1487/380/400 1493/157/136 1501/158/135 1489/379/482
f 1489/379/482 1501/158/135 1497/161/134 1490/378/398
f 1490/1121/398 1497/253/134 1492/256/133 1488/1122/483
f 1116/145/121 1171/385/484 1173/384/485 1121/251/122
f 1121/252/122 1173/1123/485 1174/1124/486 1125/253/123
f 1125/253/123 1174/1124/486 1172/1125/487 1117/256/125
f 1171/385/484 1175/391/465 1177/390/475 1173/384/485
f 1173/384/485 1177/390/475 1178/389/476 1174/388/486
f 1174/1124/486 1178/1126/476 1176/1127/477 1172/1125/487
f 1175/391/465 1179/394/478 1181/393/488 1177/390/475
f 1177/390/475 1181/393/488 1182/392/480 1178/389/476
f 1178/1126/476 1182/1121/480 1180/1122/481 1176/1127/477
f 1179/394/478 1183/399/465 1185/398/475 1181/393/488
f 1181/393/488 1185/398/475 1186/397/476 1182/392/480
f 1182/1121/480 1186/1128/476 1184/1129/477 1180/1122/481
f 1183/399/465 1188/346/465 1190/344/474 1185/398/475
f 1185/398/475 1190/344/474 1189/341/470 1186/397/476
f 1186/1128/476 1189/1109/470 1187/1112/472 1184/1129/477
f 1491/260/127 1503/371/232 1505/369/234 1494/261/128
f 1494/261/128 1505/369/234 1506/368/230 1498/264/131
f 1498/257/131 1506/1130/230 1504/1131/229 1492/256/133
f 1503/371/232 248/372/232 250/370/234 1505/369/234
f 1505/369/234 250/370/234 249/367/230 1506/368/230
f 1506/1130/230 249/406/230 247/405/233 1504/1131/229
f 251/329/242 1195/1132/241 1197/328/239 253/327/240
f 253/327/240 1197/328/239 1198/325/489 254/326/238
f 254/406/238 1198/1133/489 1196/1134/236 252/405/235
f 1195/1132/241 1199/1135/241 1201/365/245 1197/328/239
f 1197/328/239 1201/365/245 1202/1136/244 1198/325/489
f 1198/1133/489 1202/1137/244 1200/1138/243 1196/1134/236
f 1199/1135/241 1203/361/248 1205/360/245 1201/365/245
f 1201/365/245 1205/360/245 1206/359/247 1202/1136/244
f 1202/1137/244 1206/1130/247 1204/1131/246 1200/1138/243
f 1203/361/248 1207/356/241 1209/1139/249 1205/360/245
f 1205/360/245 1209/1139/249 1210/354/244 1206/359/247
f 1206/1130/247 1210/1140/244 1208/1141/243 1204/1131/246
f 1207/356/241 1212/1103/208 1214/1104/207 1209/1139/249
f 1209/1139/249 1214/1104/207 1213/1142/473 1210/354/244
f 1210/1140/244 1213/1107/473 1211/1108/205 1208/1141/243
f 1216/1143/490 1219/1144/265 1221/1145/491 1218/1146/268
f 1218/1146/268 1221/1145/491 1222/1147/444 1217/1148/492
f 1217/1149/492 1222/540/444 1220/530/262 1215/541/266
f 1219/1144/265 1223/1150/261 1225/1151/260 1221/1145/491
f 1221/1145/491 1225/1151/260 1226/1152/259 1222/1147/444
f 1222/540/444 1226/543/259 1224/542/258 1220/530/262
f 1223/1150/261 1227/1153/256 1229/1154/292 1225/1151/260
f 1225/1151/260 1229/1154/292 1230/1155/252 1226/1152/259
f 1226/543/259 1230/558/252 1228/1156/251 1224/542/258
f 1227/1153/256 1231/1157/294 1233/1158/255 1229/1154/292
f 1229/1154/292 1233/1158/255 1234/1159/443 1230/1155/252
f 1230/558/252 1234/561/443 1232/559/250 1228/1156/251
f 1260/541/289 1263/530/285 1265/540/450 1262/1149/288
f 1262/1160/288 1265/1161/450 1266/1162/283 1261/1163/287
f 1261/1163/287 1266/1162/283 1264/1164/282 1259/1165/493
f 1263/530/285 1267/542/281 1269/543/280 1265/540/450
f 1265/1161/450 1269/1166/280 1270/1167/279 1266/1162/283
f 1266/1162/283 1270/1167/279 1268/1168/278 1264/1164/282
f 1267/542/281 1271/550/276 1273/558/300 1269/543/280
f 1269/1166/280 1273/1169/300 1274/1170/272 1270/1167/279
f 1270/1167/279 1274/1170/272 1272/1171/271 1268/1168/278
f 1271/550/276 1275/559/277 1277/561/275 1273/558/300
f 1273/1169/300 1277/1172/275 1278/1173/273 1274/1170/272
f 1274/1170/272 1278/1173/273 1276/1174/445 1272/1171/271
f 1280/1175/269 1283/1176/296 1285/1177/264 1282/1178/268
f 1282/1178/268 1285/1177/264 1286/1179/263 1281/1180/297
f 1281/1181/297 1286/1182/263 1284/530/262 1279/1183/266
f 1283/1176/296 1287/1184/295 1289/1185/260 1285/1177/264
f 1285/1177/264 1289/1185/260 1290/1186/494 1286/1179/263
f 1286/1182/263 1290/1187/494 1288/1188/258 1284/530/262
f 1287/1184/295 1291/1189/293 1293/1190/292 1289/1185/260
f 1289/1185/260 1293/1190/292 1294/1191/290 1290/1186/494
f 1290/1187/494 1294/558/290 1292/1156/251 1288/1188/258
f 1291/1189/293 1295/1192/495 1297/1193/496 1293/1190/292
f 1293/1190/292 1297/1193/496 1298/1194/443 1294/1191/290
f 1294/558/290 1298/561/443 1296/559/250 1292/1156/251
f 1324/541/289 1327/530/285 1329/540/450 1326/1149/288
f 1326/1195/288 1329/1196/450 1330/1197/283 1325/1198/287
f 1325/1198/287 1330/1197/283 1328/1199/282 1323/1200/493
f 1327/530/285 1331/542/281 1333/543/280 1329/540/450
f 1329/1196/450 1333/1201/280 1334/1202/279 1330/1197/283
f 1330/1197/283 1334/1202/279 1332/1203/278 1328/1199/282
f 1331/542/281 1335/550/276 1337/558/300 1333/543/280
f 1333/1201/280 1337/1204/300 1338/1205/272 1334/1202/279
f 1334/1202/279 1338/1205/272 1336/1206/271 1332/1203/278
f 1335/550/276 1339/559/277 1341/560/275 1337/558/300
f 1337/1204/300 1341/1207/275 1342/1208/273 1338/1205/272
f 1338/1205/272 1342/1208/273 1340/1209/445 1336/1206/271
f 1320/1210/497 1340/1209/445 1342/1208/273 1322/1211/307
f 1322/1211/307 1342/1208/273 1341/1207/275 1321/1212/498
f 1321/502/498 1341/501/275 1339/500/277 1319/499/309
f 1316/510/302 1324/500/289 1326/501/288 1318/509/303
f 1318/1213/303 1326/1195/288 1325/1198/287 1317/1214/304
f 1317/1214/304 1325/1198/287 1323/1200/493 1315/1215/499
f 1312/1216/500 1320/1210/497 1322/1211/307 1314/1217/315
f 1314/1217/315 1322/1211/307 1321/1212/498 1313/1218/316
f 1313/512/316 1321/502/498 1319/499/309 1311/511/317
f 1308/511/310 1316/510/302 1318/509/303 1310/512/311
f 1310/1219/311 1318/1213/303 1317/1214/304 1309/1220/312
f 1309/1220/312 1317/1214/304 1315/1215/499 1307/1221/501
f 1304/1222/502 1312/1216/500 1314/1217/315 1306/1223/323
f 1306/1223/323 1314/1217/315 1313/1218/316 1305/1224/324
f 1305/520/324 1313/512/316 1311/511/317 1303/519/325
f 1300/527/318 1308/511/310 1310/512/311 1302/520/327
f 1302/1225/327 1310/1219/311 1309/1220/312 1301/1226/320
f 1301/1226/320 1309/1220/312 1307/1221/501 1299/1227/503
f 1295/1192/495 1304/1222/502 1306/1223/323 1297/1193/496
f 1297/1193/496 1306/1223/323 1305/1224/324 1298/1194/443
f 1298/529/443 1305/520/324 1303/519/325 1296/528/250
f 1279/528/266 1300/527/318 1302/520/327 1281/529/297
f 1281/1180/297 1302/1225/327 1301/1226/320 1282/1178/268
f 1282/1178/268 1301/1226/320 1299/1227/503 1280/1175/269
f 1256/1228/497 1276/1174/445 1278/1173/273 1258/1229/307
f 1258/1229/307 1278/1173/273 1277/1172/275 1257/1230/308
f 1257/533/308 1277/532/275 1275/531/277 1255/530/309
f 1252/530/302 1260/541/289 1262/532/288 1254/540/303
f 1254/1231/303 1262/1160/288 1261/1163/287 1253/1232/304
f 1253/1232/304 1261/1163/287 1259/1165/493 1251/1233/499
f 1248/1234/500 1256/1228/497 1258/1229/307 1250/1235/315
f 1250/1235/315 1258/1229/307 1257/1230/308 1249/1236/316
f 1249/543/316 1257/533/308 1255/530/309 1247/542/317
f 1244/542/310 1252/530/302 1254/540/303 1246/543/311
f 1246/1237/311 1254/1231/303 1253/1232/304 1245/1238/312
f 1245/1238/312 1253/1232/304 1251/1233/499 1243/1239/501
f 1240/1240/502 1248/1234/500 1250/1235/315 1242/1241/323
f 1242/1241/323 1250/1235/315 1249/1236/316 1241/1242/504
f 1241/551/504 1249/543/316 1247/542/317 1239/550/325
f 1236/550/318 1244/542/310 1246/543/311 1238/558/327
f 1238/1243/327 1246/1237/311 1245/1238/312 1237/1244/320
f 1237/1244/320 1245/1238/312 1243/1239/501 1235/1245/503
f 1231/1157/294 1240/1240/502 1242/1241/323 1233/1158/255
f 1233/1158/255 1242/1241/323 1241/1242/504 1234/1159/443
f 1234/1246/443 1241/551/504 1239/550/325 1232/559/250
f 1215/559/266 1236/550/318 1238/558/327 1217/561/492
f 1217/1148/492 1238/1243/327 1237/1244/320 1218/1146/268
f 1218/1146/268 1237/1244/320 1235/1245/503 1216/1143/490
f 1368/1247/363 1371/1248/358 1373/1249/356 1370/1250/362
f 1370/1251/362 1373/1252/356 1374/1253/354 1369/1254/361
f 1369/1254/361 1374/1253/354 1372/634/353 1367/1255/360
f 1380/1256/505 1383/634/351 1385/1257/349 1382/1254/348
f 1382/1254/348 1385/1257/349 1386/1252/347 1381/1258/346
f 1381/1259/346 1386/1260/347 1384/1261/344 1379/1262/345
f 1388/1263/342 1392/708/343 1394/1264/341 1390/1265/340
f 1390/1265/340 1394/1264/341 1393/1266/339 1389/1267/338
f 1389/1268/338 1393/1269/339 1391/1270/336 1387/1271/337
f 1420/1272/359 1423/1273/334 1425/1274/332 1422/1275/357
f 1422/1275/357 1425/1274/332 1426/1276/330 1421/1277/355
f 1421/643/355 1426/1265/330 1424/648/329 1419/642/352
f 1423/1273/334 1427/1278/335 1429/1279/333 1425/1274/332
f 1425/1280/332 1429/1266/333 1430/1281/331 1426/1265/330
f 1426/1265/330 1430/1281/331 1428/708/328 1424/648/329
f 1412/606/368 1428/605/328 1430/603/331 1414/604/370
f 1414/604/370 1430/603/331 1429/602/333 1413/601/371
f 1413/1282/371 1429/1279/333 1427/1278/335 1411/1283/372
f 1408/1284/364 1415/1285/363 1417/1286/362 1410/1287/365
f 1410/601/365 1417/602/362 1418/609/361 1409/604/366
f 1409/604/366 1418/609/361 1416/608/506 1407/607/367
f 1404/620/377 1412/606/368 1414/604/370 1406/619/378
f 1406/1288/378 1414/1289/370 1413/1282/371 1405/1290/507
f 1405/1290/507 1413/1282/371 1411/1283/372 1403/1291/380
f 1400/1292/373 1408/1284/364 1410/1287/365 1402/1293/395
f 1402/1293/395 1410/1287/365 1409/1294/366 1401/1295/375
f 1401/619/375 1409/604/366 1407/607/367 1399/620/376
f 1396/1296/391 1400/1292/373 1402/1293/395 1398/1297/392
f 1398/1297/392 1402/1293/395 1401/1295/375 1397/1298/393
f 1397/626/393 1401/619/375 1399/620/376 1395/625/394
f 1379/1262/345 1396/1296/391 1398/1297/392 1381/1259/346
f 1381/633/346 1398/632/392 1397/626/393 1382/631/348
f 1382/631/348 1397/626/393 1395/625/394 1380/630/505
f 1364/1299/364 1368/1247/363 1370/1250/362 1366/1300/365
f 1366/639/365 1370/638/362 1369/636/361 1365/637/366
f 1365/637/366 1369/636/361 1367/635/360 1363/634/367
f 1356/1301/373 1364/1299/364 1366/1300/365 1358/1302/395
f 1358/1302/395 1366/1300/365 1365/1303/366 1357/1304/375
f 1357/643/375 1365/637/366 1363/634/367 1355/642/376
f 1352/1305/391 1356/1301/373 1358/1302/395 1354/1306/392
f 1354/1306/392 1358/1302/395 1357/1304/375 1353/1307/393
f 1353/649/393 1357/643/375 1355/642/376 1351/648/394
f 1432/1255/350 1435/634/351 1437/1257/349 1434/1254/348
f 1434/1254/348 1437/1257/349 1438/1252/347 1433/1251/346
f 1433/1308/346 1438/1309/347 1436/1310/344 1431/1311/345
f 1448/1312/385 1451/1313/334 1453/1314/332 1450/1315/357
f 1450/1315/357 1453/1314/332 1454/1316/330 1449/1317/355
f 1449/643/355 1454/1265/330 1452/648/329 1447/642/352
f 1435/634/351 1343/1318/389 1345/1319/388 1437/1257/349
f 1437/1320/349 1345/1321/388 1346/1322/387 1438/1309/347
f 1438/1309/347 1346/1322/387 1344/1323/386 1436/1310/344
f 1343/1318/389 1439/648/342 1441/1265/340 1345/1319/388
f 1345/1321/388 1441/1324/340 1442/1325/338 1346/1322/387
f 1346/1322/387 1442/1325/338 1440/1326/337 1344/1323/386
f 1439/648/342 1348/708/343 1350/1281/341 1441/1265/340
f 1441/1265/340 1350/1281/341 1349/1266/339 1442/1280/338
f 1442/1325/338 1349/1327/339 1347/1328/336 1440/1326/337
f 1371/1248/358 1448/1312/385 1450/1315/357 1373/1249/356
f 1373/1249/356 1450/1315/357 1449/1317/355 1374/1329/354
f 1374/1253/354 1449/643/355 1447/642/352 1372/634/353
f 1451/1313/334 1375/1330/335 1377/1331/333 1453/1314/332
f 1453/1332/332 1377/1266/333 1378/1281/331 1454/1265/330
f 1454/1265/330 1378/1281/331 1376/708/328 1452/648/329
f 1383/634/351 1459/1318/389 1461/1319/508 1385/1257/349
f 1385/1333/349 1461/1334/508 1462/1335/387 1386/1260/347
f 1386/1260/347 1462/1335/387 1460/1336/390 1384/1261/344
f 1459/1318/389 1388/1263/342 1390/1265/340 1461/1319/508
f 1461/1334/508 1390/1337/340 1389/1268/338 1462/1335/387
f 1462/1335/387 1389/1268/338 1387/1271/337 1460/1336/390
f 1415/1285/363 1467/1338/358 1469/1339/356 1417/1286/362
f 1417/1258/362 1469/1252/356 1470/1257/354 1418/1254/361
f 1418/1254/361 1470/1257/354 1468/634/353 1416/1255/506
f 1467/1338/358 1420/1272/359 1422/1275/357 1469/1339/356
f 1469/1339/356 1422/1275/357 1421/1277/355 1470/1340/354
f 1470/1257/354 1421/643/355 1419/642/352 1468/634/353
f 1464/688/381 1404/620/377 1406/619/378 1466/687/382
f 1466/1341/382 1406/1288/378 1405/1290/507 1465/1342/383
f 1465/1342/383 1405/1290/507 1403/1291/380 1463/1343/384
f 1392/630/343 1464/688/381 1466/687/382 1394/691/341
f 1394/691/341 1466/687/382 1465/690/383 1393/689/339
f 1393/1269/339 1465/1342/383 1463/1343/384 1391/1270/336
f 1456/634/368 1376/635/328 1378/636/331 1458/637/370
f 1458/637/370 1378/636/331 1377/638/333 1457/639/371
f 1457/1344/371 1377/1331/333 1375/1330/335 1455/1345/372
f 1360/699/377 1456/634/368 1458/637/370 1362/698/378
f 1362/1346/378 1458/1347/370 1457/1344/371 1361/1348/379
f 1361/1348/379 1457/1344/371 1455/1345/372 1359/1349/380
f 1444/648/381 1360/699/377 1362/698/378 1446/703/382
f 1446/1350/382 1362/1346/378 1361/1348/379 1445/1351/383
f 1445/1351/383 1361/1348/379 1359/1349/380 1443/1352/384
f 1348/707/343 1444/648/381 1446/703/382 1350/706/341
f 1350/706/341 1446/703/382 1445/705/383 1349/704/339
f 1349/1327/339 1445/1351/383 1443/1352/384 1347/1328/336
f 1431/1311/345 1352/1305/391 1354/1306/392 1433/1308/346
f 1433/711/346 1354/710/392 1353/649/393 1434/709/348
f 1434/709/348 1353/649/393 1351/648/394 1432/708/350
f 1115/245/115 1472/1097/461 1474/1098/462 1118/246/116
f 1118/712/116 1474/318/462 1473/316/463 1122/146/119
f 1122/146/119 1473/316/463 1471/315/464 1116/145/121
f 1480/1353/218 1163/1354/218 1165/1355/219 1482/1356/219
f 1482/1356/219 1165/1355/219 1166/1357/220 1481/1358/220
f 1481/370/220 1166/369/220 1164/371/509 1479/372/509
f 1163/1354/218 1135/1359/218 1137/1360/219 1165/1355/219
f 1165/1355/219 1137/1360/219 1138/1361/220 1166/1357/220
f 1166/369/220 1138/374/220 1136/375/509 1164/371/509
f 1135/1359/218 1167/1362/510 1169/1363/511 1137/1360/219
f 1137/1360/219 1169/1363/511 1170/1364/512 1138/1361/220
f 1138/374/220 1170/379/512 1168/380/221 1136/375/509
f 1167/1362/510 1104/235/109 1110/232/107 1169/1363/511
f 1169/378/511 1110/725/107 1106/118/104 1170/379/512
f 1170/379/512 1106/118/104 1103/115/103 1168/380/221
f 1104/235/109 1191/1365/407 1193/1366/513 1109/236/110
f 1109/1367/110 1193/368/513 1194/369/514 1113/242/111
f 1113/242/111 1194/369/514 1192/371/404 1105/239/113
f 1191/1365/407 628/730/411 630/729/410 1193/1366/513
f 1193/368/513 630/367/410 629/370/409 1194/369/514
f 1194/369/514 629/370/409 627/372/408 1192/371/404
f 1105/239/113 1527/268/138 1531/271/141 1112/240/114
f 1112/732/114 1531/731/141 1536/175/148 1107/116/106
f 1107/116/106 1536/175/148 1529/172/147 1103/115/103
f 1524/742/509 1511/741/509 1513/740/220 1526/739/220
f 1526/1368/220 1513/1369/220 1514/1370/219 1525/1371/219
f 1525/1371/219 1514/1370/219 1512/1372/515 1523/1373/515
f 1511/741/509 1507/747/509 1509/746/220 1513/740/220
f 1513/1369/220 1509/1374/220 1510/1375/219 1514/1370/219
f 1514/1370/219 1510/1375/219 1508/1376/515 1512/1372/515
f 1507/747/509 1515/752/509 1517/751/220 1509/746/220
f 1509/1374/220 1517/1377/220 1518/1378/219 1510/1375/219
f 1510/1375/219 1518/1378/219 1516/1379/515 1508/1376/515
f 1515/752/509 1529/172/147 1537/173/146 1517/751/220
f 1517/1377/220 1537/278/146 1533/275/145 1518/1378/219
f 1518/1378/219 1533/275/145 1528/274/144 1516/1379/515
f 1527/268/138 1519/741/408 1521/740/409 1530/269/139
f 1530/1380/139 1521/1381/409 1522/1382/410 1534/277/142
f 1534/277/142 1522/1382/410 1520/1383/413 1528/274/144
f 1519/741/408 632/742/408 634/739/409 1521/740/409
f 1521/1381/409 634/761/409 633/760/410 1522/1382/410
f 1522/1382/410 633/760/410 631/759/413 1520/1383/413
f 1900/765/516 1916/218/178 1922/219/177 1902/764/517
f 1902/764/517 1922/219/177 1918/763/174 1901/762/518
f 1901/1098/518 1918/263/174 1915/260/173 1899/1097/519
f 1588/1384/472 1132/1101/471 1134/1100/469 1590/1385/470
f 1590/767/470 1134/326/469 1133/327/467 1589/766/474
f 1589/766/474 1133/327/467 1131/329/466 1587/411/465
f 1640/1386/421 1552/299/167 1558/302/165 1642/1387/520
f 1642/1387/520 1558/302/165 1554/1388/162 1641/1389/419
f 1641/1104/419 1554/294/162 1551/245/161 1639/1103/418
f 1616/1390/472 1567/1391/471 1569/1392/469 1618/1393/470
f 1618/779/470 1569/778/469 1570/776/467 1617/777/474
f 1617/777/474 1570/776/467 1568/775/466 1615/774/465
f 1567/1391/471 1571/1394/472 1573/1395/470 1569/1392/469
f 1569/778/469 1573/786/470 1574/785/468 1570/776/467
f 1570/776/467 1574/785/468 1572/784/465 1568/775/466
f 1571/1394/472 1575/1396/477 1577/1397/476 1573/1395/470
f 1573/786/470 1577/422/476 1578/789/475 1574/785/468
f 1574/785/468 1578/789/475 1576/424/465 1572/784/465
f 1575/1396/477 1579/1398/481 1581/1399/480 1577/1397/476
f 1577/422/476 1581/417/480 1582/418/479 1578/789/475
f 1578/789/475 1582/418/479 1580/419/478 1576/424/465
f 1579/1398/481 1583/1400/477 1585/1401/521 1581/1399/480
f 1581/417/480 1585/414/521 1586/415/475 1582/418/479
f 1582/418/479 1586/415/475 1584/794/465 1580/419/478
f 1583/1400/477 1588/1384/472 1590/1385/470 1585/1401/521
f 1585/414/521 1590/767/470 1589/766/474 1586/415/475
f 1586/415/475 1589/766/474 1587/411/465 1584/794/465
f 1127/1101/399 1903/1398/399 1905/1399/398 1129/1100/398
f 1129/367/398 1905/402/398 1906/403/397 1130/370/397
f 1130/370/397 1906/403/397 1904/404/400 1128/372/400
f 1903/1398/399 1907/1391/399 1909/1392/398 1905/1399/398
f 1905/402/398 1909/799/398 1910/798/397 1906/403/397
f 1906/403/397 1910/798/397 1908/797/400 1904/404/400
f 1907/1391/399 1911/1402/483 1913/1403/398 1909/1392/398
f 1909/799/398 1913/802/398 1914/801/522 1910/798/397
f 1910/798/397 1914/801/522 1912/800/400 1908/797/400
f 1911/1402/483 1917/299/181 1925/308/180 1913/1403/398
f 1913/802/398 1925/214/180 1921/215/179 1914/801/522
f 1914/801/522 1921/215/179 1916/218/178 1912/800/400
f 1552/299/167 1599/1404/487 1601/1405/523 1557/300/168
f 1557/300/168 1601/1405/523 1602/1406/524 1561/303/169
f 1561/305/169 1602/806/524 1600/805/484 1553/202/171
f 1599/1404/487 1603/1407/477 1605/1408/476 1601/1405/523
f 1601/813/523 1605/812/476 1606/811/488 1602/806/524
f 1602/806/524 1606/811/488 1604/810/465 1600/805/484
f 1603/1407/477 1607/1402/481 1609/1403/480 1605/1408/476
f 1605/812/476 1609/818/480 1610/817/479 1606/811/488
f 1606/811/488 1610/817/479 1608/816/478 1604/810/465
f 1607/1402/481 1611/1409/477 1613/1410/476 1609/1403/480
f 1609/818/480 1613/821/476 1614/820/475 1610/817/479
f 1610/817/479 1614/820/475 1612/819/465 1608/816/478
f 1611/1409/477 1616/1390/472 1618/1393/470 1613/1410/476
f 1613/821/476 1618/779/470 1617/777/474 1614/820/475
f 1614/820/475 1617/777/474 1615/774/465 1612/819/465
f 1917/299/181 1927/1411/425 1929/1412/410 1924/302/182
f 1924/264/182 1929/368/410 1930/369/525 1919/261/176
f 1919/261/176 1930/369/525 1928/371/404 1915/260/173
f 1927/1411/425 692/827/411 694/826/410 1929/1412/410
f 1929/368/410 694/367/410 693/370/409 1930/369/525
f 1930/369/525 693/370/409 691/372/404 1928/371/404
f 695/827/433 1623/1413/432 1625/1414/526 697/826/431
f 697/326/431 1625/325/526 1626/328/428 698/327/429
f 698/327/429 1626/328/428 1624/1132/427 696/329/426
f 1623/1413/432 1627/1415/436 1629/1416/435 1625/1414/526
f 1625/325/526 1629/1136/435 1630/365/434 1626/328/428
f 1626/328/428 1630/365/434 1628/1135/427 1624/1132/427
f 1627/1415/436 1631/1411/439 1633/1412/438 1629/1416/435
f 1629/1136/435 1633/359/438 1634/360/434 1630/365/434
f 1630/365/434 1634/360/434 1632/361/437 1628/1135/427
f 1631/1411/439 1635/1417/436 1637/1418/435 1633/1412/438
f 1633/359/438 1637/354/435 1638/1139/440 1634/360/434
f 1634/360/434 1638/1139/440 1636/356/427 1632/361/437
f 1635/1417/436 1640/1386/421 1642/1387/520 1637/1418/435
f 1637/354/435 1642/1142/520 1641/1104/419 1638/1139/440
f 1638/1139/440 1641/1104/419 1639/1103/418 1636/356/427
f 1644/541/289 1647/530/285 1649/540/284 1646/1149/527
f 1646/1419/527 1649/1420/284 1650/1421/528 1645/1422/287
f 1645/1422/287 1650/1421/528 1648/1423/282 1643/1424/493
f 1647/530/285 1651/542/281 1653/543/280 1649/540/284
f 1649/1420/284 1653/1425/280 1654/1426/279 1650/1421/528
f 1650/1421/528 1654/1426/279 1652/1427/278 1648/1423/282
f 1651/542/281 1655/1156/276 1657/558/274 1653/543/280
f 1653/1425/280 1657/1428/274 1658/1429/272 1654/1426/279
f 1654/1426/279 1658/1429/272 1656/1430/271 1652/1427/278
f 1655/1156/276 1659/559/277 1661/561/529 1657/558/274
f 1657/1428/274 1661/1431/529 1662/1432/273 1658/1429/272
f 1658/1429/272 1662/1432/273 1660/1433/445 1656/1430/271
f 1688/1434/490 1691/1435/265 1693/1436/264 1690/1437/268
f 1690/1437/268 1693/1436/264 1694/1438/263 1689/1439/297
f 1689/1149/297 1694/540/263 1692/530/262 1687/541/266
f 1691/1435/265 1695/1440/261 1697/1441/260 1693/1436/264
f 1693/1436/264 1697/1441/260 1698/1442/259 1694/1438/263
f 1694/540/263 1698/543/259 1696/542/258 1692/530/262
f 1695/1440/261 1699/1443/256 1701/1444/292 1697/1441/260
f 1697/1441/260 1701/1444/292 1702/1445/252 1698/1442/259
f 1698/543/259 1702/558/252 1700/550/251 1696/542/258
f 1699/1443/256 1703/1446/294 1705/1447/255 1701/1444/292
f 1701/1444/292 1705/1447/255 1706/1448/443 1702/1445/252
f 1702/558/252 1706/561/443 1704/559/250 1700/550/251
f 1708/1183/289 1711/530/285 1713/1182/450 1710/1181/530
f 1710/1449/530 1713/1450/450 1714/1451/283 1709/1452/287
f 1709/1452/287 1714/1451/283 1712/1453/449 1707/1454/286
f 1711/530/285 1715/1188/281 1717/1187/280 1713/1182/450
f 1713/1450/450 1717/1455/280 1718/1456/279 1714/1451/283
f 1714/1451/283 1718/1456/279 1716/1457/447 1712/1453/449
f 1715/1188/281 1719/1156/276 1721/558/274 1717/1187/280
f 1717/1455/280 1721/1458/274 1722/1459/272 1718/1456/279
f 1718/1456/279 1722/1459/272 1720/1460/446 1716/1457/447
f 1719/1156/276 1723/559/277 1725/561/275 1721/558/274
f 1721/1458/274 1725/1461/275 1726/1462/531 1722/1459/272
f 1722/1459/272 1726/1462/531 1724/1463/532 1720/1460/446
f 1752/1464/490 1755/1465/265 1757/1466/264 1754/1467/268
f 1754/1467/268 1757/1466/264 1758/1468/444 1753/1469/297
f 1753/1149/297 1758/540/444 1756/530/262 1751/541/266
f 1755/1465/265 1759/1470/261 1761/1471/260 1757/1466/264
f 1757/1466/264 1761/1471/260 1762/1472/259 1758/1468/444
f 1758/540/444 1762/543/259 1760/542/258 1756/530/262
f 1759/1470/261 1763/1473/256 1765/1474/292 1761/1471/260
f 1761/1471/260 1765/1474/292 1766/1475/252 1762/1472/259
f 1762/543/259 1766/558/252 1764/550/251 1760/542/258
f 1763/1473/256 1767/1476/294 1769/1477/496 1765/1474/292
f 1765/1474/292 1769/1477/496 1770/1478/443 1766/1475/252
f 1766/558/252 1770/560/443 1768/559/250 1764/550/251
f 1748/900/325 1768/899/250 1770/898/443 1750/897/324
f 1750/1479/324 1770/1478/443 1769/1477/496 1749/1480/323
f 1749/1480/323 1769/1477/496 1767/1476/294 1747/1481/502
f 1744/1482/503 1752/1464/490 1754/1467/268 1746/1483/320
f 1746/1483/320 1754/1467/268 1753/1469/297 1745/1484/327
f 1745/897/327 1753/898/297 1751/899/266 1743/900/318
f 1740/908/317 1748/900/325 1750/897/324 1742/907/316
f 1742/1485/316 1750/1479/324 1749/1480/323 1741/1486/315
f 1741/1486/315 1749/1480/323 1747/1481/502 1739/1487/500
f 1736/1488/501 1744/1482/503 1746/1483/320 1738/1489/312
f 1738/1489/312 1746/1483/320 1745/1484/327 1737/1490/311
f 1737/907/311 1745/897/327 1743/900/318 1735/908/310
f 1732/916/309 1740/908/317 1742/907/316 1734/915/498
f 1734/1491/498 1742/1485/316 1741/1486/315 1733/1492/307
f 1733/1492/307 1741/1486/315 1739/1487/500 1731/1493/497
f 1728/1494/499 1736/1488/501 1738/1489/312 1730/1495/304
f 1730/1495/304 1738/1489/312 1737/1490/311 1729/1496/303
f 1729/915/303 1737/907/311 1735/908/310 1727/917/302
f 1723/922/277 1732/916/309 1734/915/498 1725/921/275
f 1725/1461/275 1734/1491/498 1733/1492/307 1726/1462/531
f 1726/1462/531 1733/1492/307 1731/1493/497 1724/1463/532
f 1707/1454/286 1728/1494/499 1730/1495/304 1709/1452/287
f 1709/1452/287 1730/1495/304 1729/1496/303 1710/1449/530
f 1710/921/530 1729/915/303 1727/917/302 1708/922/289
f 1684/427/325 1704/926/250 1706/429/443 1686/457/504
f 1686/1497/504 1706/1448/443 1705/1447/255 1685/1498/323
f 1685/1498/323 1705/1447/255 1703/1446/294 1683/1499/502
f 1680/1500/503 1688/1434/490 1690/1437/268 1682/1501/320
f 1682/1501/320 1690/1437/268 1689/1439/297 1681/1502/327
f 1681/457/327 1689/429/297 1687/926/266 1679/427/318
f 1676/436/317 1684/427/325 1686/457/504 1678/437/316
f 1678/1503/316 1686/1497/504 1685/1498/323 1677/1504/315
f 1677/1504/315 1685/1498/323 1683/1499/502 1675/1505/500
f 1672/1506/501 1680/1500/503 1682/1501/320 1674/1507/312
f 1674/1507/312 1682/1501/320 1681/1502/327 1673/1508/311
f 1673/437/311 1681/457/327 1679/427/318 1671/436/310
f 1668/464/309 1676/436/317 1678/437/316 1670/939/308
f 1670/1509/308 1678/1503/316 1677/1504/315 1669/1510/307
f 1669/1510/307 1677/1504/315 1675/1505/500 1667/1511/497
f 1664/1512/499 1672/1506/501 1674/1507/312 1666/1513/304
f 1666/1513/304 1674/1507/312 1673/1508/311 1665/1514/303
f 1665/442/303 1673/437/311 1671/436/310 1663/464/302
f 1659/446/277 1668/464/309 1670/939/308 1661/498/529
f 1661/1431/529 1670/1509/308 1669/1510/307 1662/1432/273
f 1662/1432/273 1669/1510/307 1667/1511/497 1660/1433/445
f 1643/1424/493 1664/1512/499 1666/1513/304 1645/1422/287
f 1645/1422/287 1666/1513/304 1665/1514/303 1646/1419/527
f 1646/447/527 1665/442/303 1663/464/302 1644/446/289
f 1796/1255/350 1799/634/351 1801/1253/349 1798/1254/348
f 1798/1254/348 1801/1253/349 1802/1252/347 1797/1251/346
f 1797/1515/346 1802/1516/347 1800/1517/344 1795/1518/345
f 1808/1519/363 1811/1520/358 1813/1521/356 1810/1522/362
f 1810/1258/362 1813/1252/356 1814/1257/354 1809/1254/361
f 1809/1254/361 1814/1257/354 1812/634/353 1807/1256/360
f 1816/1523/334 1819/1524/335 1821/1525/333 1818/1526/332
f 1818/1267/332 1821/1266/333 1822/1264/331 1817/1265/330
f 1817/1265/330 1822/1264/331 1820/708/328 1815/1263/329
f 1848/642/389 1851/648/342 1853/1265/340 1850/643/388
f 1850/1527/388 1853/1528/340 1854/1529/338 1849/1530/387
f 1849/1530/387 1854/1529/338 1852/1531/337 1847/1532/386
f 1851/648/342 1855/708/343 1857/1281/341 1853/1265/340
f 1853/1265/340 1857/1281/341 1858/1266/339 1854/1280/338
f 1854/1529/338 1858/1533/339 1856/1534/336 1852/1531/337
f 1840/1535/384 1856/1534/336 1858/1533/339 1842/1536/383
f 1842/968/383 1858/967/339 1857/965/341 1841/966/382
f 1841/966/382 1857/965/341 1855/964/343 1839/963/381
f 1836/963/394 1844/964/505 1846/975/348 1838/966/393
f 1838/966/393 1846/975/348 1845/1537/346 1837/968/392
f 1837/1538/392 1845/1539/346 1843/1540/345 1835/1541/391
f 1832/1542/380 1840/1535/384 1842/1536/383 1834/1543/507
f 1834/1543/507 1842/1536/383 1841/1544/382 1833/1545/378
f 1833/977/378 1841/966/382 1839/963/381 1831/976/377
f 1828/976/376 1836/963/394 1838/966/393 1830/977/375
f 1830/1546/375 1838/1547/393 1837/1538/392 1829/1548/395
f 1829/1548/395 1837/1538/392 1835/1541/391 1827/1549/373
f 1824/990/367 1828/976/376 1830/977/375 1826/989/366
f 1826/1550/366 1830/1546/375 1829/1548/395 1825/1551/365
f 1825/1551/365 1829/1548/395 1827/1549/373 1823/1552/364
f 1807/994/360 1824/990/367 1826/989/366 1809/993/361
f 1809/993/361 1826/989/366 1825/992/365 1810/991/362
f 1810/1522/362 1825/1551/365 1823/1552/364 1808/1519/363
f 1792/563/394 1796/1001/350 1798/999/348 1794/1000/393
f 1794/1000/393 1798/999/348 1797/998/346 1793/997/392
f 1793/1553/392 1797/1515/346 1795/1518/345 1791/1554/391
f 1784/586/376 1792/563/394 1794/1000/393 1786/588/375
f 1786/1555/375 1794/1556/393 1793/1553/392 1785/1557/395
f 1785/1557/395 1793/1553/392 1791/1554/391 1783/1558/373
f 1780/587/367 1784/586/376 1786/588/375 1782/1009/366
f 1782/1559/366 1786/1555/375 1785/1557/395 1781/1560/365
f 1781/1560/365 1785/1557/395 1783/1558/373 1779/1561/364
f 1860/1562/363 1863/1563/358 1865/1564/356 1862/1565/362
f 1862/1251/362 1865/1252/356 1866/1257/354 1861/1254/361
f 1861/1254/361 1866/1257/354 1864/634/353 1859/1255/360
f 1876/642/389 1879/648/342 1881/1265/340 1878/643/388
f 1878/1566/388 1881/1567/340 1882/1568/338 1877/1569/387
f 1877/1569/387 1882/1568/338 1880/1570/337 1875/1571/390
f 1863/1563/358 1771/1572/359 1773/1573/357 1865/1564/356
f 1865/1564/356 1773/1573/357 1774/1574/355 1866/1575/354
f 1866/1257/354 1774/1319/355 1772/1318/352 1864/634/353
f 1771/1572/359 1867/1576/334 1869/1577/332 1773/1573/357
f 1773/1573/357 1869/1577/332 1870/1578/330 1774/1574/355
f 1774/1319/355 1870/1265/330 1868/648/329 1772/1318/352
f 1867/1576/334 1775/1579/335 1777/1580/333 1869/1577/332
f 1869/1280/332 1777/1266/333 1778/1281/331 1870/1265/330
f 1870/1265/330 1778/1281/331 1776/708/328 1868/648/329
f 1799/634/351 1876/642/389 1878/643/388 1801/1253/349
f 1801/1581/349 1878/1566/388 1877/1569/387 1802/1516/347
f 1802/1516/347 1877/1569/387 1875/1571/390 1800/1517/344
f 1879/648/342 1804/708/343 1806/1281/341 1881/1265/340
f 1881/1265/340 1806/1281/341 1805/1266/339 1882/1332/338
f 1882/1568/338 1805/1582/339 1803/1583/336 1880/1570/337
f 1811/1520/358 1887/1584/385 1889/1585/357 1813/1521/356
f 1813/1521/356 1889/1585/357 1890/1586/355 1814/1587/354
f 1814/1257/354 1890/1319/355 1888/1318/352 1812/634/353
f 1887/1584/385 1816/1523/334 1818/1526/332 1889/1585/357
f 1889/1585/357 1818/1526/332 1817/1588/330 1890/1586/355
f 1890/1319/355 1817/1265/330 1815/1263/329 1888/1318/352
f 1844/1255/505 1895/634/351 1897/1257/349 1846/1254/348
f 1846/1254/348 1897/1257/349 1898/1252/347 1845/1258/346
f 1845/1539/346 1898/1589/347 1896/1590/344 1843/1540/345
f 1895/634/351 1848/642/389 1850/643/388 1897/1257/349
f 1897/1591/349 1850/1527/388 1849/1530/387 1898/1589/347
f 1898/1589/347 1849/1530/387 1847/1532/386 1896/1590/344
f 1892/1592/372 1832/1542/380 1834/1543/507 1894/1593/371
f 1894/1593/371 1834/1543/507 1833/1545/378 1893/1594/370
f 1893/1040/370 1833/977/378 1831/976/377 1891/990/368
f 1819/1524/335 1892/1592/372 1894/1593/371 1821/1525/333
f 1821/1046/333 1894/1045/371 1893/1040/370 1822/1044/331
f 1822/1044/331 1893/1040/370 1891/990/368 1820/994/328
f 1884/1595/384 1803/1583/336 1805/1582/339 1886/1596/383
f 1886/997/383 1805/998/339 1806/999/341 1885/1000/382
f 1885/1000/382 1806/999/341 1804/1001/343 1883/563/381
f 1788/1597/380 1884/1595/384 1886/1596/383 1790/1598/379
f 1790/1598/379 1886/1596/383 1885/1599/382 1789/1600/378
f 1789/588/378 1885/1000/382 1883/563/381 1787/586/377
f 1872/1601/372 1788/1597/380 1790/1598/379 1874/1602/371
f 1874/1602/371 1790/1598/379 1789/1600/378 1873/1603/370
f 1873/1009/370 1789/588/378 1787/586/377 1871/587/368
f 1775/1579/335 1872/1601/372 1874/1602/371 1777/1580/333
f 1777/1059/333 1874/1058/371 1873/1009/370 1778/1057/331
f 1778/1057/331 1873/1009/370 1871/587/368 1776/1056/328
f 1859/584/360 1780/587/367 1782/1009/366 1861/1057/361
f 1861/1057/361 1782/1009/366 1781/1058/365 1862/1059/362
f 1862/1565/362 1781/1560/365 1779/1561/364 1860/1562/363
f 1553/202/171 1900/765/516 1902/764/517 1560/205/172
f 1560/205/172 1902/764/517 1901/762/518 1555/1060/164
f 1555/296/164 1901/1098/518 1899/1097/519 1551/245/161
f 1479/372/509 1591/404/509 1593/403/220 1481/370/220
f 1481/1358/220 1593/1604/220 1594/1605/219 1482/1356/219
f 1482/1356/219 1594/1605/219 1592/1606/218 1480/1353/218
f 1591/404/509 1563/797/509 1565/798/220 1593/403/220
f 1593/1604/220 1565/1607/220 1566/1608/219 1594/1605/219
f 1594/1605/219 1566/1608/219 1564/1609/218 1592/1606/218
f 1563/797/509 1595/800/221 1597/801/533 1565/798/220
f 1565/1607/220 1597/1610/533 1598/1611/534 1566/1608/219
f 1566/1608/219 1598/1611/534 1596/1612/510 1564/1609/218
f 1595/800/221 1539/184/149 1543/185/152 1597/801/533
f 1597/801/533 1543/185/152 1548/1070/160 1598/802/534
f 1598/1611/534 1548/292/160 1541/291/159 1596/1612/510
f 1540/239/155 1619/371/232 1621/369/535 1545/242/156
f 1545/242/156 1621/369/535 1622/368/536 1549/1367/157
f 1549/289/157 1622/1613/536 1620/1614/456 1541/291/159
f 1619/371/232 1068/372/459 1070/370/234 1621/369/535
f 1621/369/535 1070/370/234 1069/367/230 1622/368/536
f 1622/1613/536 1069/1074/230 1067/1073/233 1620/1614/456
f 1539/184/149 1948/226/188 1954/227/187 1542/187/150
f 1542/187/150 1954/227/187 1950/1076/184 1546/1075/153
f 1546/240/153 1950/271/184 1947/268/183 1540/239/155
f 1523/1373/515 1935/1615/515 1937/1616/219 1525/1371/219
f 1525/1371/219 1937/1616/219 1938/1617/220 1526/1368/220
f 1526/739/220 1938/757/220 1936/758/509 1524/742/509
f 1935/1615/515 1931/1618/515 1933/1619/219 1937/1616/219
f 1937/1616/219 1933/1619/219 1934/1620/220 1938/1617/220
f 1938/757/220 1934/1081/220 1932/1080/509 1936/758/509
f 1931/1618/515 1939/1621/515 1941/1622/219 1933/1619/219
f 1933/1619/219 1941/1622/219 1942/1623/220 1934/1620/220
f 1934/1081/220 1942/1086/220 1940/1085/509 1932/1080/509
f 1939/1621/515 1949/313/191 1957/310/190 1941/1622/219
f 1941/1622/219 1957/310/190 1953/309/189 1942/1623/220
f 1942/1086/220 1953/229/189 1948/226/188 1940/1085/509
f 1949/313/191 1943/1624/460 1945/1625/230 1956/314/192
f 1956/314/192 1945/1625/230 1946/1626/234 1951/1627/186
f 1951/269/186 1946/740/234 1944/741/459 1947/268/183
f 1943/1624/460 1072/1096/460 1074/1095/230 1945/1625/230
f 1945/1625/230 1074/1095/230 1073/1094/234 1946/1626/234
f 1946/740/234 1073/739/234 1071/742/459 1944/741/459
f 215/115/7 287/380/400 644/752/396 656/172/49
f 217/130/17 312/728/407 623/400/229 613/139/41
f 288/724/403 217/130/17 613/139/41 607/376/222
f 311/404/404 216/123/13 655/166/43 648/758/408
f 331/336/208 227/133/19 591/320/196 58/1628/2
f 228/139/25 332/331/205 416/482/299 291/381/224
f 229/145/29 292/385/227 49/1629/1 592/315/193
f 105/13/1 1039/404/221 239/372/221 41/3/1
f 46/4/1 41/3/1 239/372/221 596/371/221
f 599/718/399 284/717/399 595/357/218 240/322/218
f 599/718/399 240/322/218 1040/793/218 727/1061/399
f 279/330/204 244/329/203 41/3/1 48/2/1
f 724/411/204 107/40/1 41/3/1 244/329/203
f 280/321/197 395/465/286 13/1630/3 243/322/198
f 723/769/197 243/322/198 13/1630/3 840/863/269
f 248/372/232 1503/371/232 166/4/2 42/3/2
f 248/372/232 42/3/2 56/13/2 624/404/232
f 628/730/411 247/405/233 623/400/229 312/728/407
f 628/730/411 1191/1365/407 1504/1131/229 247/405/233
f 1196/1134/236 1280/1175/269 8/1631/3 252/405/235
f 315/407/236 252/405/235 8/1631/3 399/473/294
f 251/329/242 316/411/241 54/11/2 42/3/2
f 251/329/242 42/3/2 164/70/2 1195/1132/241
f 255/375/396 283/371/396 640/741/396 636/747/396
f 256/721/399 288/724/403 607/376/222 603/338/218
f 284/717/399 256/721/399 603/338/218 595/357/218
f 287/380/400 255/375/396 636/747/396 644/752/396
f 307/346/204 260/345/203 43/7/1 53/6/1
f 308/337/197 459/495/286 22/1632/3 259/338/198
f 259/338/198 22/1632/3 352/450/269 263/347/197
f 260/345/203 264/351/204 44/9/1 43/7/1
f 264/351/204 268/356/204 45/10/1 44/9/1
f 263/347/197 352/450/269 359/554/321 267/352/210
f 268/356/204 272/361/216 46/4/1 45/10/1
f 267/352/210 359/554/321 367/546/313 271/357/213
f 272/361/216 276/366/204 47/1/1 46/4/1
f 271/357/213 367/546/313 375/536/305 275/362/210
f 276/366/204 279/330/204 48/2/1 47/1/1
f 275/362/210 375/536/305 395/465/286 280/321/197
f 283/371/396 600/372/396 651/742/396 640/741/396
f 292/385/227 296/391/204 50/1633/1 49/1629/1
f 291/381/224 416/482/299 423/523/321 295/386/210
f 296/391/204 300/394/216 51/8/1 50/1633/1
f 295/386/210 423/523/321 431/515/313 299/376/213
f 300/394/216 304/399/204 52/5/1 51/8/1
f 299/376/213 431/515/313 439/505/305 303/395/210
f 304/399/204 307/346/204 53/6/1 52/5/1
f 303/395/210 439/505/305 459/495/286 308/337/197
f 627/372/408 311/404/404 648/758/408 632/742/408
f 316/411/241 320/416/241 55/12/2 54/11/2
f 319/412/243 315/407/236 399/473/294 404/472/293
f 320/416/241 324/419/248 56/13/2 55/12/2
f 323/400/246 319/412/243 404/472/293 408/476/295
f 324/419/248 328/424/241 57/1634/2 56/13/2
f 327/420/243 323/400/246 408/476/295 412/479/296
f 328/424/241 331/336/208 58/1628/2 57/1634/2
f 332/331/205 327/420/243 412/479/296 416/482/299
f 335/435/257 3/1635/3 4/1636/3 356/555/322
f 19/1637/3 18/1638/3 335/435/257 340/434/256
f 336/559/250 355/550/325 472/648/381 551/708/343
f 18/1638/3 2/33/3 3/1635/3 335/435/257
f 339/427/251 336/426/250 551/562/343 556/563/342
f 20/34/3 19/1637/3 340/434/256 344/440/261
f 343/436/258 339/427/251 556/563/342 464/586/389
f 21/1639/3 20/34/3 344/440/261 348/445/265
f 347/441/262 343/436/258 464/586/389 560/587/351
f 22/1632/3 21/1639/3 348/445/265 352/450/269
f 351/446/266 347/441/262 560/587/351 468/584/350
f 360/550/318 351/559/266 468/707/350 563/648/394
f 356/555/322 4/1636/3 5/32/3 364/547/314
f 355/550/325 363/542/317 476/642/377 472/648/381
f 368/542/310 360/550/318 563/648/394 479/699/376
f 364/547/314 5/32/3 6/1640/3 372/537/306
f 363/542/317 371/530/309 484/634/368 476/642/377
f 376/530/302 368/542/310 479/699/376 575/634/367
f 372/537/306 6/1640/3 7/1641/3 380/451/270
f 371/530/309 379/541/277 488/635/328 484/634/368
f 396/531/289 376/530/302 575/634/367 496/635/360
f 383/452/271 380/451/270 17/1642/3 16/1643/3
f 380/451/270 7/1641/3 1/36/3 17/1642/3
f 379/426/277 384/427/276 491/563/329 488/562/328
f 384/427/276 388/436/281 568/586/352 491/563/329
f 387/458/278 383/452/271 16/1643/3 15/35/3
f 388/436/281 392/464/285 571/587/353 568/586/352
f 391/461/282 387/458/278 15/35/3 14/1644/3
f 392/464/285 396/446/289 496/584/360 571/587/353
f 395/465/286 391/461/282 14/1644/3 13/1630/3
f 399/473/294 8/1631/3 9/1645/3 420/524/322
f 400/528/250 419/527/325 516/625/381 499/630/343
f 403/427/251 400/426/250 499/562/343 504/563/342
f 407/436/258 403/427/251 504/563/342 580/586/389
f 411/441/262 407/436/258 580/586/389 507/585/351
f 415/446/266 411/441/262 507/585/351 512/584/350
f 424/519/318 415/528/266 512/630/350 583/688/394
f 420/524/322 9/1645/3 10/37/3 428/516/314
f 419/527/325 427/511/317 520/620/377 516/625/381
f 432/511/310 424/519/318 583/688/394 523/620/376
f 428/516/314 10/37/3 11/1646/3 436/506/306
f 427/511/317 435/510/309 528/607/368 520/620/377
f 440/499/302 432/511/310 523/620/376 531/606/367
f 436/506/306 11/1646/3 12/1647/3 444/483/270
f 435/510/309 443/500/277 536/608/369 528/607/368
f 460/500/289 440/499/302 531/606/367 547/605/360
f 447/484/271 444/483/270 18/1638/3 19/1637/3
f 444/483/270 12/1647/3 2/33/3 18/1638/3
f 443/426/277 448/427/276 587/563/329 536/562/369
f 448/427/276 452/436/281 540/586/352 587/563/329
f 451/489/278 447/484/271 19/1637/3 20/34/3
f 452/436/281 456/464/285 543/587/353 540/586/352
f 455/492/282 451/489/278 20/34/3 21/1639/3
f 456/464/285 460/446/289 547/584/360 543/587/353
f 459/495/286 455/492/282 21/1639/3 22/1632/3
f 463/663/386 24/14/3 23/17/3 559/667/344
f 555/654/337 25/20/3 24/14/3 463/663/386
f 559/667/344 23/17/3 564/700/391 467/670/345
f 471/652/384 475/647/380 28/21/3 25/20/3
f 552/653/336 471/652/384 25/20/3 555/654/337
f 475/647/380 483/641/372 31/22/3 28/21/3
f 23/17/3 26/16/3 480/694/373 564/700/391
f 26/16/3 29/19/3 576/692/364 480/694/373
f 483/641/372 487/571/335 492/570/334 31/22/3
f 31/22/3 492/570/334 567/662/385 30/18/3
f 29/19/3 572/661/358 495/674/363 576/692/364
f 500/572/336 515/629/384 34/29/3 503/573/337
f 503/573/337 34/29/3 33/23/3 579/675/390
f 508/576/344 32/26/3 584/684/391 511/577/345
f 579/675/390 33/23/3 32/26/3 508/576/344
f 515/629/384 519/624/380 37/30/3 34/29/3
f 519/624/380 527/614/372 40/31/3 37/30/3
f 35/25/3 38/28/3 532/599/364 524/615/373
f 32/26/3 35/25/3 524/615/373 584/684/391
f 527/614/372 535/613/335 588/682/334 40/31/3
f 38/28/3 544/593/358 548/598/363 532/599/364
f 39/27/3 539/594/359 544/593/358 38/28/3
f 40/31/3 588/682/334 539/594/359 39/27/3
f 30/18/3 567/662/385 572/661/358 29/19/3
f 56/13/2 591/320/196 611/151/31 624/404/232
f 49/1629/1 50/1633/1 51/8/1 592/315/193
f 51/8/1 608/380/221 612/157/37 592/315/193
f 58/1628/2 591/320/196 56/13/2 57/1634/2
f 604/375/221 43/7/1 46/4/1 596/371/221
f 728/404/396 1079/758/396 651/742/396 600/372/396
f 43/7/1 604/375/221 608/380/221 51/8/1
f 627/372/408 632/742/408 1519/741/408 1192/371/404
f 171/93/4 1520/1383/413 631/759/413 59/37/4
f 62/38/4 59/37/4 631/759/413 647/753/413
f 635/743/412 60/34/4 62/38/4 643/748/412
f 639/734/412 61/15/4 60/34/4 635/743/412
f 652/733/412 66/35/4 61/15/4 639/734/412
f 643/748/412 62/38/4 647/753/413 657/180/53
f 652/733/412 1080/1079/412 120/50/4 66/35/4
f 667/184/55 1093/226/101 1083/1085/396 732/800/400
f 731/1067/403 1048/804/222 1052/210/85 668/192/61
f 756/404/232 1087/758/459 1091/166/91 669/123/65
f 668/192/61 1052/210/85 1064/825/425 755/1071/456
f 776/336/418 117/1628/5 1036/320/414 679/133/67
f 681/210/77 736/809/224 859/876/451 775/773/421
f 680/202/73 1035/765/417 108/1648/1 735/805/227
f 691/372/404 101/3/5 209/4/5 1928/371/404
f 691/372/404 1063/404/404 115/13/5 101/3/5
f 1067/1073/233 755/1071/456 1064/825/425 692/827/411
f 1067/1073/233 692/827/411 1927/1411/425 1620/1614/456
f 1623/1413/432 695/827/433 73/1649/3 1707/1454/286
f 760/829/432 844/864/445 73/1649/3 695/827/433
f 696/329/426 101/3/5 113/11/5 759/411/427
f 696/329/426 1624/1132/427 207/70/5 101/3/5
f 700/797/396 1075/1080/396 1079/758/396 728/404/396
f 727/1061/399 1040/793/218 1044/782/218 699/1064/399
f 732/800/400 1083/1085/396 1075/1080/396 700/797/396
f 699/1064/399 1044/782/218 1048/804/222 731/1067/403
f 752/774/204 112/44/1 102/43/1 703/775/203
f 751/783/197 704/782/198 82/1650/3 904/893/269
f 704/782/198 708/788/197 795/846/286 82/1650/3
f 703/775/203 102/43/1 103/46/1 707/784/204
f 708/788/197 712/791/210 804/936/305 795/846/286
f 707/784/204 103/46/1 104/45/1 711/424/204
f 712/791/210 716/793/213 812/930/313 804/936/305
f 711/424/204 104/45/1 105/13/1 715/419/216
f 716/793/213 720/796/210 820/923/321 812/930/313
f 715/419/216 105/13/1 106/39/1 719/794/204
f 720/796/210 723/769/197 840/863/269 820/923/321
f 719/794/204 106/39/1 107/40/1 724/411/204
f 736/809/224 740/815/210 868/912/305 859/876/451
f 735/805/227 108/1648/1 109/1651/1 739/810/204
f 740/815/210 744/804/213 876/904/313 868/912/305
f 739/810/204 109/1651/1 110/42/1 743/816/216
f 744/804/213 748/823/210 884/894/321 876/904/313
f 743/816/216 110/42/1 111/41/1 747/819/204
f 748/823/210 751/783/197 904/893/269 884/894/321
f 747/819/204 111/41/1 112/44/1 752/774/204
f 1068/372/459 1071/742/459 1087/758/459 756/404/232
f 764/831/436 847/865/446 844/864/445 760/829/432
f 759/411/427 113/11/5 114/12/5 763/416/427
f 768/825/439 851/870/447 847/865/446 764/831/436
f 763/416/427 114/12/5 115/13/5 767/419/437
f 772/833/436 855/873/449 851/870/447 768/825/439
f 767/419/437 115/13/5 116/1634/5 771/424/427
f 775/773/421 859/876/451 855/873/449 772/833/436
f 771/424/427 116/1634/5 117/1628/5 776/336/418
f 780/834/270 799/942/306 69/1652/3 68/1653/3
f 79/1654/3 783/835/271 780/834/270 78/1655/3
f 779/446/277 996/584/328 915/587/368 800/464/309
f 78/1655/3 780/834/270 68/1653/3 67/66/3
f 784/427/276 999/563/329 996/562/328 779/426/277
f 788/436/281 907/586/352 999/563/329 784/427/276
f 80/65/3 787/840/278 783/835/271 79/1654/3
f 792/441/285 1003/587/353 907/586/352 788/436/281
f 81/1656/3 791/843/282 787/840/278 80/65/3
f 796/446/289 912/584/360 1003/587/353 792/441/285
f 82/1650/3 795/846/286 791/843/282 81/1656/3
f 803/464/302 1008/587/367 912/1056/360 796/446/289
f 799/942/306 807/935/314 70/67/3 69/1652/3
f 800/464/309 915/587/368 919/586/377 808/436/317
f 811/436/310 924/586/376 1008/587/367 803/464/302
f 807/935/314 815/929/322 71/1657/3 70/67/3
f 808/436/317 919/586/377 927/563/381 816/427/325
f 819/427/318 1020/563/394 924/586/376 811/436/310
f 815/929/322 823/854/257 72/1658/3 71/1657/3
f 816/427/325 927/563/381 931/1001/343 824/926/250
f 839/926/266 940/1001/350 1020/563/394 819/427/318
f 828/853/256 16/1643/3 17/1642/3 823/854/257
f 823/854/257 17/1642/3 1/36/3 72/1658/3
f 824/426/250 931/562/343 936/563/342 827/427/251
f 832/857/261 15/35/3 16/1643/3 828/853/256
f 827/427/251 936/563/342 1011/586/389 831/436/258
f 836/860/265 14/1644/3 15/35/3 832/857/261
f 831/436/258 1011/586/389 1016/587/351 835/464/262
f 840/863/269 13/1630/3 14/1644/3 836/860/265
f 835/464/262 1016/587/351 940/584/350 839/446/266
f 844/864/445 863/920/306 74/1659/3 73/1649/3
f 843/922/277 944/994/369 959/990/368 864/917/309
f 848/427/276 947/563/329 944/562/369 843/426/277
f 852/436/281 1023/586/352 947/563/329 848/427/276
f 856/441/285 952/585/353 1023/586/352 852/436/281
f 860/446/289 956/584/360 952/585/353 856/441/285
f 867/916/302 1028/990/367 956/994/360 860/922/289
f 863/920/306 871/911/314 75/69/3 74/1659/3
f 864/917/309 959/990/368 963/976/377 872/908/317
f 875/908/310 968/976/376 1028/990/367 867/916/302
f 871/911/314 879/903/322 76/1660/3 75/69/3
f 872/908/317 963/976/377 971/963/381 880/900/325
f 883/900/318 976/963/394 968/976/376 875/908/310
f 879/903/322 887/884/257 77/1661/3 76/1660/3
f 880/900/325 971/963/381 980/964/452 888/899/250
f 903/899/266 992/964/350 976/963/394 883/900/318
f 892/883/256 79/1654/3 78/1655/3 887/884/257
f 887/884/257 78/1655/3 67/66/3 77/1661/3
f 888/426/250 980/562/452 1032/563/342 891/427/251
f 896/887/261 80/65/3 79/1654/3 892/883/256
f 891/427/251 1032/563/342 983/586/389 895/436/258
f 900/890/265 81/1656/3 80/65/3 896/887/261
f 895/436/258 983/586/389 988/587/351 899/464/262
f 904/893/269 82/1650/3 81/1656/3 900/890/265
f 899/464/262 988/587/351 992/584/350 903/446/266
f 908/1023/359 1004/1026/358 83/48/3 84/47/3
f 1000/1012/334 908/1023/359 84/47/3 85/53/3
f 1004/1026/358 911/1028/363 1007/1055/364 83/48/3
f 916/1006/372 85/53/3 88/54/3 920/1002/380
f 995/1013/335 1000/1012/334 85/53/3 916/1006/372
f 920/1002/380 88/54/3 91/55/3 928/995/384
f 83/48/3 1007/1055/364 923/1052/373 86/49/3
f 86/49/3 923/1052/373 1019/1048/391 89/51/3
f 928/995/384 91/55/3 935/944/337 932/943/336
f 91/55/3 90/52/3 1012/1014/390 935/944/337
f 89/51/3 1019/1048/391 939/1030/345 1015/1015/344
f 943/950/335 948/949/334 94/62/3 960/986/372
f 948/949/334 1024/1035/385 93/56/3 94/62/3
f 951/954/358 955/953/363 1027/1043/364 92/57/3
f 1024/1035/385 951/954/358 92/57/3 93/56/3
f 960/986/372 94/62/3 97/63/3 964/982/380
f 964/982/380 97/63/3 100/64/3 972/971/384
f 95/58/3 967/981/373 975/970/391 98/60/3
f 92/57/3 1027/1043/364 967/981/373 95/58/3
f 972/971/384 100/64/3 1031/1037/337 979/972/336
f 98/60/3 975/970/391 991/961/345 987/956/344
f 99/61/3 98/60/3 987/956/344 984/955/386
f 100/64/3 99/61/3 984/955/386 1031/1037/337
f 90/52/3 89/51/3 1015/1015/344 1012/1014/390
f 115/13/5 1063/404/404 1051/151/79 1036/320/414
f 110/42/1 1035/765/417 1053/218/89 1047/800/221
f 117/1628/5 116/1634/5 115/13/5 1036/320/414
f 108/1648/1 1035/765/417 110/42/1 109/1651/1
f 1043/797/221 1039/404/221 105/13/1 102/43/1
f 102/43/1 110/42/1 1047/800/221 1043/797/221
f 1068/372/459 1619/371/232 1944/741/459 1071/742/459
f 121/68/4 1088/1093/460 1072/1096/460 118/69/4
f 214/114/4 118/69/4 1072/1096/460 1943/1624/460
f 1076/1084/412 1084/1089/412 121/68/4 119/65/4
f 1080/1079/412 1076/1084/412 119/65/4 120/50/4
f 1084/1089/412 1092/220/97 1088/1093/460 121/68/4
f 1103/115/103 1529/172/147 1515/752/509 1168/380/221
f 1167/1362/510 1488/1122/483 1492/256/133 1104/235/109
f 1192/371/404 1519/741/408 1527/268/138 1105/239/113
f 1104/235/109 1492/256/133 1504/1131/229 1191/1365/407
f 1212/1103/208 168/1662/2 1472/1097/461 1115/245/115
f 1117/256/125 1172/1125/487 1295/1192/495 1211/1108/205
f 1116/145/121 1471/315/464 159/1629/6 1171/385/484
f 199/13/6 152/3/6 1128/372/400 1904/404/400
f 156/4/6 1475/371/400 1128/372/400 152/3/6
f 1480/1353/218 1127/1101/399 1476/1118/399 1163/1354/218
f 1480/1353/218 1592/1606/218 1903/1398/399 1127/1101/399
f 1160/330/465 158/2/6 152/3/6 1131/329/466
f 1159/1102/472 1132/1101/471 124/1663/3 1276/1174/445
f 1587/411/465 1131/329/466 152/3/6 201/40/6
f 1588/1384/472 1703/1446/294 124/1663/3 1132/1101/471
f 1136/375/509 1507/747/509 1511/741/509 1164/371/509
f 1163/1354/218 1476/1118/399 1484/1111/399 1135/1359/218
f 1168/380/221 1515/752/509 1507/747/509 1136/375/509
f 1135/1359/218 1484/1111/399 1488/1122/483 1167/1362/510
f 1188/346/465 163/6/6 153/7/6 1139/345/466
f 1187/1112/472 1140/1111/471 133/1664/3 1340/1209/445
f 1140/1111/471 1144/1114/472 1231/1157/294 133/1664/3
f 1139/345/466 153/7/6 154/9/6 1143/351/465
f 1144/1114/472 1148/1116/477 1240/1240/502 1231/1157/294
f 1143/351/465 154/9/6 155/10/6 1147/356/465
f 1148/1116/477 1152/1118/481 1248/1234/500 1240/1240/502
f 1147/356/465 155/10/6 156/4/6 1151/361/478
f 1152/1118/481 1156/1120/477 1256/1228/497 1248/1234/500
f 1151/361/478 156/4/6 157/1/6 1155/366/465
f 1156/1120/477 1159/1102/472 1276/1174/445 1256/1228/497
f 1155/366/465 157/1/6 158/2/6 1160/330/465
f 1164/371/509 1511/741/509 1524/742/509 1479/372/509
f 1172/1125/487 1176/1127/477 1304/1222/502 1295/1192/495
f 1171/385/484 159/1629/6 160/1633/6 1175/391/465
f 1176/1127/477 1180/1122/481 1312/1216/500 1304/1222/502
f 1175/391/465 160/1633/6 161/8/6 1179/394/478
f 1180/1122/481 1184/1129/477 1320/1210/497 1312/1216/500
f 1179/394/478 161/8/6 162/5/6 1183/399/465
f 1184/1129/477 1187/1112/472 1340/1209/445 1320/1210/497
f 1183/399/465 162/5/6 163/6/6 1188/346/465
f 1200/1138/243 1283/1176/296 1280/1175/269 1196/1134/236
f 1195/1132/241 164/70/2 165/71/2 1199/1135/241
f 1204/1131/246 1287/1184/295 1283/1176/296 1200/1138/243
f 1199/1135/241 165/71/2 166/4/2 1203/361/248
f 1208/1141/243 1291/1189/293 1287/1184/295 1204/1131/246
f 1203/361/248 166/4/2 167/1665/2 1207/356/241
f 1211/1108/205 1295/1192/495 1291/1189/293 1208/1141/243
f 1207/356/241 167/1665/2 168/1662/2 1212/1103/208
f 1216/1143/490 1235/1245/503 4/1636/3 3/1635/3
f 130/1666/3 1219/1144/265 1216/1143/490 129/1667/3
f 1215/559/266 1432/708/350 1351/648/394 1236/550/318
f 129/1667/3 1216/1143/490 3/1635/3 2/33/3
f 1220/530/262 1435/634/351 1432/1255/350 1215/541/266
f 1224/542/258 1343/1318/389 1435/634/351 1220/530/262
f 131/91/3 1223/1150/261 1219/1144/265 130/1666/3
f 1228/1156/251 1439/648/342 1343/1318/389 1224/542/258
f 132/1668/3 1227/1153/256 1223/1150/261 131/91/3
f 1232/559/250 1348/708/343 1439/648/342 1228/1156/251
f 133/1664/3 1231/1157/294 1227/1153/256 132/1668/3
f 1239/550/325 1444/648/381 1348/707/343 1232/559/250
f 1235/1245/503 1243/1239/501 5/32/3 4/1636/3
f 1236/550/318 1351/648/394 1355/642/376 1244/542/310
f 1247/542/317 1360/699/377 1444/648/381 1239/550/325
f 1243/1239/501 1251/1233/499 6/1640/3 5/32/3
f 1244/542/310 1355/642/376 1363/634/367 1252/530/302
f 1255/530/309 1456/634/368 1360/699/377 1247/542/317
f 1251/1233/499 1259/1165/493 7/1641/3 6/1640/3
f 1252/530/302 1363/634/367 1367/635/360 1260/541/289
f 1275/531/277 1376/635/328 1456/634/368 1255/530/309
f 1264/1164/282 127/1669/3 128/1670/3 1259/1165/493
f 1259/1165/493 128/1670/3 1/36/3 7/1641/3
f 1260/541/289 1367/1255/360 1372/634/353 1263/530/285
f 1268/1168/278 126/92/3 127/1669/3 1264/1164/282
f 1263/530/285 1372/634/353 1447/642/352 1267/542/281
f 1272/1171/271 125/1671/3 126/92/3 1268/1168/278
f 1267/542/281 1447/642/352 1452/648/329 1271/550/276
f 1276/1174/445 124/1663/3 125/1671/3 1272/1171/271
f 1271/550/276 1452/648/329 1376/708/328 1275/559/277
f 1280/1175/269 1299/1227/503 9/1645/3 8/1631/3
f 1279/528/266 1380/630/505 1395/625/394 1300/527/318
f 1284/530/262 1383/634/351 1380/1256/505 1279/1183/266
f 1288/1188/258 1459/1318/389 1383/634/351 1284/530/262
f 1292/1156/251 1388/1263/342 1459/1318/389 1288/1188/258
f 1296/559/250 1392/708/343 1388/1263/342 1292/1156/251
f 1303/519/325 1464/688/381 1392/630/343 1296/528/250
f 1299/1227/503 1307/1221/501 10/37/3 9/1645/3
f 1300/527/318 1395/625/394 1399/620/376 1308/511/310
f 1311/511/317 1404/620/377 1464/688/381 1303/519/325
f 1307/1221/501 1315/1215/499 11/1646/3 10/37/3
f 1308/511/310 1399/620/376 1407/607/367 1316/510/302
f 1319/499/309 1412/606/368 1404/620/377 1311/511/317
f 1315/1215/499 1323/1200/493 12/1647/3 11/1646/3
f 1316/510/302 1407/607/367 1416/608/506 1324/500/289
f 1339/500/277 1428/605/328 1412/606/368 1319/499/309
f 1328/1199/282 130/1666/3 129/1667/3 1323/1200/493
f 1323/1200/493 129/1667/3 2/33/3 12/1647/3
f 1324/541/289 1416/1255/506 1468/634/353 1327/530/285
f 1332/1203/278 131/91/3 130/1666/3 1328/1199/282
f 1327/530/285 1468/634/353 1419/642/352 1331/542/281
f 1336/1206/271 132/1668/3 131/91/3 1332/1203/278
f 1331/542/281 1419/642/352 1424/648/329 1335/550/276
f 1340/1209/445 133/1664/3 132/1668/3 1336/1206/271
f 1335/550/276 1424/648/329 1428/708/328 1339/559/277
f 1344/1323/386 1440/1326/337 134/73/3 135/72/3
f 1436/1310/344 1344/1323/386 135/72/3 136/78/3
f 1440/1326/337 1347/1328/336 1443/1352/384 134/73/3
f 1352/1305/391 136/78/3 139/79/3 1356/1301/373
f 1431/1311/345 1436/1310/344 136/78/3 1352/1305/391
f 1356/1301/373 139/79/3 142/80/3 1364/1299/364
f 134/73/3 1443/1352/384 1359/1349/380 137/74/3
f 137/74/3 1359/1349/380 1455/1345/372 140/76/3
f 1364/1299/364 142/80/3 1371/1248/358 1368/1247/363
f 142/80/3 141/77/3 1448/1312/385 1371/1248/358
f 140/76/3 1455/1345/372 1375/1330/335 1451/1313/334
f 1379/1262/345 1384/1261/344 145/87/3 1396/1296/391
f 1384/1261/344 1460/1336/390 144/81/3 145/87/3
f 1387/1271/337 1391/1270/336 1463/1343/384 143/82/3
f 1460/1336/390 1387/1271/337 143/82/3 144/81/3
f 1396/1296/391 145/87/3 148/88/3 1400/1292/373
f 1400/1292/373 148/88/3 151/89/3 1408/1284/364
f 146/83/3 1403/1291/380 1411/1283/372 149/85/3
f 143/82/3 1463/1343/384 1403/1291/380 146/83/3
f 1408/1284/364 151/89/3 1467/1338/358 1415/1285/363
f 149/85/3 1411/1283/372 1427/1278/335 1423/1273/334
f 150/86/3 149/85/3 1423/1273/334 1420/1272/359
f 151/89/3 150/86/3 1420/1272/359 1467/1338/358
f 141/77/3 140/76/3 1451/1313/334 1448/1312/385
f 166/4/2 1503/371/232 1491/260/127 1472/1097/461
f 161/8/6 1471/315/464 1493/157/136 1487/380/400
f 168/1662/2 167/1665/2 166/4/2 1472/1097/461
f 159/1629/6 1471/315/464 161/8/6 160/1633/6
f 1483/375/400 1475/371/400 156/4/6 153/7/6
f 1591/404/509 1479/372/509 1524/742/509 1936/758/509
f 153/7/6 161/8/6 1487/380/400 1483/375/400
f 1508/1376/515 1516/1379/515 171/93/4 169/91/4
f 1512/1372/515 1508/1376/515 169/91/4 170/90/4
f 1523/1373/515 1512/1372/515 170/90/4 172/92/4
f 1516/1379/515 1528/274/144 1520/1383/413 171/93/4
f 1523/1373/515 172/92/4 213/112/4 1935/1615/515
f 1539/184/149 1595/800/221 1940/1085/509 1948/226/188
f 1541/291/159 1620/1614/456 1927/1411/425 1917/299/181
f 1596/1612/510 1541/291/159 1917/299/181 1911/1402/483
f 1619/371/232 1540/239/155 1947/268/183 1944/741/459
f 1639/1103/418 1551/245/161 1899/1097/519 211/1662/5
f 1552/299/167 1640/1386/421 1724/1463/532 1599/1404/487
f 1553/202/171 1600/805/484 202/1648/6 1900/765/516
f 1563/797/509 1591/404/509 1936/758/509 1932/1080/509
f 1564/1609/218 1596/1612/510 1911/1402/483 1907/1391/399
f 1592/1606/218 1564/1609/218 1907/1391/399 1903/1398/399
f 1595/800/221 1563/797/509 1932/1080/509 1940/1085/509
f 1615/774/465 1568/775/466 196/43/6 206/44/6
f 1616/1390/472 1767/1476/294 177/1672/3 1567/1391/471
f 1567/1391/471 177/1672/3 1660/1433/445 1571/1394/472
f 1568/775/466 1572/784/465 197/46/6 196/43/6
f 1572/784/465 1576/424/465 198/45/6 197/46/6
f 1571/1394/472 1660/1433/445 1667/1511/497 1575/1396/477
f 1576/424/465 1580/419/478 199/13/6 198/45/6
f 1575/1396/477 1667/1511/497 1675/1505/500 1579/1398/481
f 1580/419/478 1584/794/465 200/39/6 199/13/6
f 1579/1398/481 1675/1505/500 1683/1499/502 1583/1400/477
f 1584/794/465 1587/411/465 201/40/6 200/39/6
f 1583/1400/477 1683/1499/502 1703/1446/294 1588/1384/472
f 1600/805/484 1604/810/465 203/1651/6 202/1648/6
f 1599/1404/487 1724/1463/532 1731/1493/497 1603/1407/477
f 1604/810/465 1608/816/478 204/42/6 203/1651/6
f 1603/1407/477 1731/1493/497 1739/1487/500 1607/1402/481
f 1608/816/478 1612/819/465 205/41/6 204/42/6
f 1607/1402/481 1739/1487/500 1747/1481/502 1611/1409/477
f 1612/819/465 1615/774/465 206/44/6 205/41/6
f 1611/1409/477 1747/1481/502 1767/1476/294 1616/1390/472
f 1624/1132/427 1628/1135/427 208/71/5 207/70/5
f 1627/1415/436 1623/1413/432 1707/1454/286 1712/1453/449
f 1628/1135/427 1632/361/437 209/4/5 208/71/5
f 1631/1411/439 1627/1415/436 1712/1453/449 1716/1457/447
f 1632/361/437 1636/356/427 210/1665/5 209/4/5
f 1635/1417/436 1631/1411/439 1716/1457/447 1720/1460/446
f 1636/356/427 1639/1103/418 211/1662/5 210/1665/5
f 1640/1386/421 1635/1417/436 1720/1460/446 1724/1463/532
f 1643/1424/493 68/1653/3 69/1652/3 1664/1512/499
f 174/1673/3 173/1674/3 1643/1424/493 1648/1423/282
f 1644/446/289 1663/464/302 1780/587/367 1859/584/360
f 173/1674/3 67/66/3 68/1653/3 1643/1424/493
f 1647/530/285 1644/541/289 1859/1255/360 1864/634/353
f 175/113/3 174/1673/3 1648/1423/282 1652/1427/278
f 1651/542/281 1647/530/285 1864/634/353 1772/1318/352
f 176/1675/3 175/113/3 1652/1427/278 1656/1430/271
f 1655/1156/276 1651/542/281 1772/1318/352 1868/648/329
f 177/1672/3 176/1675/3 1656/1430/271 1660/1433/445
f 1659/559/277 1655/1156/276 1868/648/329 1776/708/328
f 1668/464/309 1659/446/277 1776/1056/328 1871/587/368
f 1664/1512/499 69/1652/3 70/67/3 1672/1506/501
f 1663/464/302 1671/436/310 1784/586/376 1780/587/367
f 1676/436/317 1668/464/309 1871/587/368 1787/586/377
f 1672/1506/501 70/67/3 71/1657/3 1680/1500/503
f 1671/436/310 1679/427/318 1792/563/394 1784/586/376
f 1684/427/325 1676/436/317 1787/586/377 1883/563/381
f 1680/1500/503 71/1657/3 72/1658/3 1688/1434/490
f 1679/427/318 1687/926/266 1796/1001/350 1792/563/394
f 1704/926/250 1684/427/325 1883/563/381 1804/1001/343
f 1691/1435/265 1688/1434/490 128/1670/3 127/1669/3
f 1688/1434/490 72/1658/3 1/36/3 128/1670/3
f 1687/541/266 1692/530/262 1799/634/351 1796/1255/350
f 1692/530/262 1696/542/258 1876/642/389 1799/634/351
f 1695/1440/261 1691/1435/265 127/1669/3 126/92/3
f 1696/542/258 1700/550/251 1879/648/342 1876/642/389
f 1699/1443/256 1695/1440/261 126/92/3 125/1671/3
f 1700/550/251 1704/559/250 1804/708/343 1879/648/342
f 1703/1446/294 1699/1443/256 125/1671/3 124/1663/3
f 1707/1454/286 73/1649/3 74/1659/3 1728/1494/499
f 1708/922/289 1727/917/302 1824/990/367 1807/994/360
f 1711/530/285 1708/1183/289 1807/1256/360 1812/634/353
f 1715/1188/281 1711/530/285 1812/634/353 1888/1318/352
f 1719/1156/276 1715/1188/281 1888/1318/352 1815/1263/329
f 1723/559/277 1719/1156/276 1815/1263/329 1820/708/328
f 1732/916/309 1723/922/277 1820/994/328 1891/990/368
f 1728/1494/499 74/1659/3 75/69/3 1736/1488/501
f 1727/917/302 1735/908/310 1828/976/376 1824/990/367
f 1740/908/317 1732/916/309 1891/990/368 1831/976/377
f 1736/1488/501 75/69/3 76/1660/3 1744/1482/503
f 1735/908/310 1743/900/318 1836/963/394 1828/976/376
f 1748/900/325 1740/908/317 1831/976/377 1839/963/381
f 1744/1482/503 76/1660/3 77/1661/3 1752/1464/490
f 1743/900/318 1751/899/266 1844/964/505 1836/963/394
f 1768/899/250 1748/900/325 1839/963/381 1855/964/343
f 1755/1465/265 1752/1464/490 173/1674/3 174/1673/3
f 1752/1464/490 77/1661/3 67/66/3 173/1674/3
f 1751/541/266 1756/530/262 1895/634/351 1844/1255/505
f 1756/530/262 1760/542/258 1848/642/389 1895/634/351
f 1759/1470/261 1755/1465/265 174/1673/3 175/113/3
f 1760/542/258 1764/550/251 1851/648/342 1848/642/389
f 1763/1473/256 1759/1470/261 175/113/3 176/1675/3
f 1764/550/251 1768/559/250 1855/708/343 1851/648/342
f 1767/1476/294 1763/1473/256 176/1675/3 177/1672/3
f 1771/1572/359 179/94/3 178/97/3 1867/1576/334
f 1863/1563/358 180/100/3 179/94/3 1771/1572/359
f 1867/1576/334 178/97/3 1872/1601/372 1775/1579/335
f 1779/1561/364 1783/1558/373 183/101/3 180/100/3
f 1860/1562/363 1779/1561/364 180/100/3 1863/1563/358
f 1783/1558/373 1791/1554/391 186/102/3 183/101/3
f 178/97/3 181/96/3 1788/1597/380 1872/1601/372
f 181/96/3 184/99/3 1884/1595/384 1788/1597/380
f 1791/1554/391 1795/1518/345 1800/1517/344 186/102/3
f 186/102/3 1800/1517/344 1875/1571/390 185/98/3
f 184/99/3 1880/1570/337 1803/1583/336 1884/1595/384
f 1808/1519/363 1823/1552/364 189/109/3 1811/1520/358
f 1811/1520/358 189/109/3 188/103/3 1887/1584/385
f 1816/1523/334 187/106/3 1892/1592/372 1819/1524/335
f 1887/1584/385 188/103/3 187/106/3 1816/1523/334
f 1823/1552/364 1827/1549/373 192/110/3 189/109/3
f 1827/1549/373 1835/1541/391 195/111/3 192/110/3
f 190/105/3 193/108/3 1840/1535/384 1832/1542/380
f 187/106/3 190/105/3 1832/1542/380 1892/1592/372
f 1835/1541/391 1843/1540/345 1896/1590/344 195/111/3
f 193/108/3 1852/1531/337 1856/1534/336 1840/1535/384
f 194/107/3 1847/1532/386 1852/1531/337 193/108/3
f 195/111/3 1896/1590/344 1847/1532/386 194/107/3
f 185/98/3 1875/1571/390 1880/1570/337 184/99/3
f 209/4/5 1899/1097/519 1915/260/173 1928/371/404
f 202/1648/6 203/1651/6 204/42/6 1900/765/516
f 204/42/6 1912/800/400 1916/218/178 1900/765/516
f 211/1662/5 1899/1097/519 209/4/5 210/1665/5
f 1908/797/400 196/43/6 199/13/6 1904/404/400
f 196/43/6 1908/797/400 1912/800/400 204/42/6
f 1931/1618/515 212/113/4 214/114/4 1939/1621/515
f 1935/1615/515 213/112/4 212/113/4 1931/1618/515
f 1939/1621/515 214/114/4 1943/1624/460 1949/313/191
